,recencia_norm,frecuencia_norm,monto_norm
1,-0.9200371683307537,0.866660715181176,1.7243335857473918
2,-0.16423274879039773,0.08741372993524014,0.2742234415867702
3,-0.7440279199446435,-0.6918332553106957,0.25131840026896224
4,2.2688362730175977,-0.6918332553106957,-0.569979396441503
5,-0.5680186715585331,1.1264097102631547,0.6832708914749603
6,1.1713668419042038,-0.6918332553106957,-0.7115993797972617
7,1.4612644274813267,-0.6918332553106957,-0.14004097916342498
8,1.2749016938960336,-0.6918332553106957,-0.497842078106255
9,-0.7026139791479116,-0.1723352651467385,0.8595110166461712
10,-0.599079127156082,-0.6918332553106957,2.819476184829392
11,-0.9200371683307537,-0.43208426022871715,-0.08887542201460039
12,-0.34024199717650805,0.08741372993524014,2.9146455061627177
13,-0.40236290837160577,-0.1723352651467385,0.7733098067282834
14,2.0307061134363895,-0.6918332553106957,-0.6533701364370496
15,-0.9096836831315708,1.645907700427112,2.2530885871738255
16,0.19813923318100582,-0.43208426022871715,-0.44440275268350327
17,-0.857916257135656,0.08741372993524014,-0.00517304880384548
18,2.0721200542331215,-0.43208426022871715,-0.3928216845810676
19,-0.8993301979323878,-0.6918332553106957,-0.6654892059173713
20,-0.4127163935707887,0.08741372993524014,1.2832513955328848
21,-0.4748373047658865,-0.43208426022871715,0.3265778217417598
22,-0.19529320438794662,-0.1723352651467385,-0.013864152916876125
23,2.2791897582167806,-0.6918332553106957,-0.552551020331707
24,-0.6819070087495457,-0.6918332553106957,-0.3342173271655121
25,-0.8268558015381071,-0.43208426022871715,-0.49893856534495074
26,2.320603699013512,-0.43208426022871715,0.17662453537191303
27,0.405208937164665,-0.6918332553106957,1.5504076257483754
28,-0.09175835239611702,-0.43208426022871715,-0.2711346850277045
29,-0.7129674643470946,0.08741372993524014,0.8095227405325779
30,-0.8889767127332048,0.3471627250172188,0.30196456872577315
31,0.9746506231197277,0.3471627250172188,0.3049943360958535
32,-0.6404930679528138,-0.43208426022871715,-0.4252026840353937
33,2.5587338585947204,-0.43208426022871715,-0.5310252445404691
34,-0.7750883755421922,0.6069117200991975,0.8417536943647667
35,-0.11246532279448293,-0.6918332553106957,-0.44564928554433636
36,-0.7129674643470946,-0.6918332553106957,-0.49698220127169884
37,-0.19529320438794662,0.08741372993524014,0.15035500952694927
38,-0.2781210859814103,-0.43208426022871715,-0.0286147917700676
39,-0.7440279199446435,2.1654056905910695,0.9790858355186784
40,-0.5680186715585331,-0.43208426022871715,0.6277886371969544
41,-0.46448381956670354,-0.6918332553106957,0.18097585841389519
42,0.29132059997365245,0.08741372993524014,-0.12316084667297696
43,2.1963618766233166,-0.6918332553106957,-0.7143117429666671
44,2.403431580606976,-0.6918332553106957,-0.6327677183205028
45,-0.4230698787699717,-0.6918332553106957,-0.5161361020360739
46,0.6019251559491412,-0.6918332553106957,0.22410243280743997
47,-0.7129674643470946,-0.43208426022871715,1.208003516031021
48,-0.4230698787699717,0.3471627250172188,0.22279241910647188
49,-0.599079127156082,0.3471627250172188,0.904016856566286
50,-0.12281880799366589,-0.1723352651467385,5.627060614437243
51,2.2584827878184144,-0.43208426022871715,-0.36284141508093853
52,-0.16423274879039773,-0.1723352651467385,-0.05493048549876601
53,-0.2470606303838614,-0.1723352651467385,-0.3254627422123464
54,1.3059621494935825,-0.1723352651467385,-0.4383951568125439
56,-0.9096836831315708,1.3861587053451334,1.3429291562452685
57,0.2291996887785547,-0.6918332553106957,-0.3771246041113176
58,-0.2781210859814103,-0.6918332553106957,-0.4164769540095621
59,-0.7750883755421922,0.08741372993524014,-0.29721953933773015
60,0.0531904403924444,-0.1723352651467385,-0.2992278422801834
61,-0.9303906535299367,1.1264097102631547,0.3100439483793209
62,0.7468739487377026,-0.43208426022871715,0.25328630631314786
63,-0.13317229319284885,-0.6918332553106957,-0.3144401599707205
64,1.0781854751115574,-0.6918332553106957,-0.4266685143439659
65,-0.7129674643470946,-0.1723352651467385,-0.28639317060197617
66,-0.6715535235503627,1.3861587053451334,3.8287003522813783
67,-0.847562771936473,0.08741372993524014,1.4013892390241538
68,-0.4955442751642524,-0.6918332553106957,-0.6149930830826976
69,-0.5680186715585331,2.9446526758370055,2.980936816220077
70,-0.4955442751642524,0.3471627250172188,2.1567650687471356
72,-0.06069789679856814,-0.43208426022871715,-0.29773892802974394
73,-0.11246532279448293,-0.43208426022871715,3.7556569892278397
74,0.09460438118917623,-0.6918332553106957,-0.46921221920536177
75,-0.9200371683307537,3.723899661082941,2.094490364574683
76,-0.7957953459405582,-0.43208426022871715,0.9145777599705662
77,2.8589849293710263,-0.6918332553106957,-0.6628056976753001
78,-0.9096836831315708,-0.6918332553106957,-0.6636655745098562
79,-0.7233209495462775,0.3471627250172188,2.125682541022844
80,-0.7129674643470946,-0.6918332553106957,-0.6859762043245816
81,-0.34024199717650805,-0.6918332553106957,-0.18452950612713914
82,1.5751527646723393,-0.6918332553106957,-0.48797946394345987
83,-0.4851907899650694,-0.6918332553106957,-0.5035842086457407
84,-0.7129674643470946,0.08741372993524014,1.5842659974822075
85,0.6743995523434219,-0.43208426022871715,-0.6487648900345273
86,-0.8268558015381071,0.3471627250172188,4.4514243100640405
87,-0.7647348903430093,-0.43208426022871715,-0.5144798292070966
88,0.4466228779613968,-0.6918332553106957,-0.3549005390785944
89,-0.36094896757487394,-0.6918332553106957,1.2732387357479524
90,-0.18493971918876365,0.6069117200991975,0.6606601704159603
91,-0.4851907899650694,-0.1723352651467385,1.0728124104852994
92,-0.25741411558304433,0.866660715181176,0.6008554480233063
93,-0.20564668958712956,-0.43208426022871715,-0.21621798732544692
94,0.03248346999407848,-0.43208426022871715,-0.28576990417155956
95,-0.7440279199446435,-0.43208426022871715,-0.0764504903045373
96,-0.3920094231724228,0.08741372993524014,0.013109433155039802
97,-0.83720928673729,1.1264097102631547,-0.06348885694605992
98,-0.7647348903430093,-0.43208426022871715,-0.3346443800900568
99,1.0057110787172765,-0.43208426022871715,-0.3419446767055838
101,-0.6094326123552649,0.866660715181176,3.0297939791821737
102,-0.6404930679528138,0.3471627250172188,1.5099703305823688
103,-0.7647348903430093,3.723899661082941,3.493596539179551
104,-0.3816559379732399,-0.6918332553106957,-0.3454996037531449
105,-0.7750883755421922,1.9056566955090908,3.1707849251220495
107,-0.8993301979323878,-0.6918332553106957,-0.3699628111469942
108,-0.8268558015381071,-0.6918332553106957,-0.45871479664121645
109,-0.6508465531519968,0.08741372993524014,1.1308627532960402
110,-0.7026139791479116,1.645907700427112,2.466666988315361
111,-0.7647348903430093,1.1264097102631547,0.6711171960818377
112,-0.599079127156082,0.6069117200991975,1.8580588609845412
113,-0.83720928673729,-0.1723352651467385,-0.013506351817933226
114,2.5380268881963546,-0.6918332553106957,-0.5696735342117615
115,-0.8889767127332048,1.645907700427112,2.3637183785727625
116,-0.5369582159609843,-0.6918332553106957,-0.49726497955957294
117,-0.2884745711805932,-0.43208426022871715,-0.6110630419797933
118,0.7779344043352515,-0.43208426022871715,-0.5126504268141147
119,-0.7750883755421922,0.866660715181176,-0.04383865143153826
120,-0.09175835239611702,-0.6918332553106957,-0.1609896564079811
121,-0.7233209495462775,-0.1723352651467385,-0.5299864671564415
122,-0.7026139791479116,1.9056566955090908,1.6942205835815256
123,2.5483803733955375,-0.6918332553106957,0.4889906657344704
124,0.0531904403924444,0.3471627250172188,1.3860788145806806
125,-0.7543814051438263,-0.43208426022871715,-0.4847707960239081
126,1.4716179126805098,-0.6918332553106957,-0.7205444072708326
127,0.4466228779613968,-0.1723352651467385,-0.009957195755839105
128,-0.6715535235503627,-0.43208426022871715,-0.5331201122649246
129,1.9996456578388406,-0.6918332553106957,-0.6611032569625882
130,0.5398042447540434,-0.43208426022871715,-0.19592143143864157
131,-0.25741411558304433,-0.43208426022871715,-0.6833042380534441
132,0.2291996887785547,-0.6918332553106957,-0.4096094813040465
133,1.8236364094527302,-0.6918332553106957,-0.1756595014646371
134,2.7140361365824646,-0.6918332553106957,-0.5415284380900811
135,-0.13317229319284885,-0.43208426022871715,-0.005773231292394722
136,-0.6508465531519968,0.3471627250172188,0.681424176125578
137,-0.9303906535299367,0.3471627250172188,0.4240670792327472
138,-0.2781210859814103,-0.6918332553106957,-0.566262881800871
139,-0.12281880799366589,0.3471627250172188,0.7572664671305244
140,0.5398042447540434,-0.6918332553106957,-0.41688669397770634
141,-0.5369582159609843,-0.43208426022871715,-0.6517427185354064
142,-0.7440279199446435,1.9056566955090908,0.2699125154430558
143,-0.847562771936473,1.1264097102631547,1.8257413423703501
144,-0.9303906535299367,-0.1723352651467385,-0.0031185779776575183
145,-0.09175835239611702,-0.1723352651467385,-0.5617211162384838
146,-0.847562771936473,0.6069117200991975,0.3528473475867237
147,-0.3195350267781421,0.08741372993524014,0.19633822172656964
148,-0.7854418607413752,-0.6918332553106957,-0.6906968704364403
149,-0.6301395827536309,-0.6918332553106957,-0.5610747658662
150,0.41556242236384794,-0.6918332553106957,-0.1343969553768752
151,0.011776499595712567,-0.43208426022871715,-0.34955660653631926
152,-0.4955442751642524,-0.1723352651467385,6.509536628081467
153,-0.6404930679528138,-0.6918332553106957,-0.5529261343870503
154,-0.7129674643470946,0.08741372993524014,2.4505255419646663
156,-0.6301395827536309,-0.1723352651467385,-0.19672359841852952
157,-0.5680186715585331,-0.6918332553106957,-0.547876522103583
158,-0.16423274879039773,-0.43208426022871715,-0.18563753533676858
159,-0.4541303343675206,-0.43208426022871715,-0.09266118848083417
160,1.1092459307091063,-0.43208426022871715,-0.6430400724514421
161,0.7779344043352515,-0.6918332553106957,-0.7080213688078335
162,-0.12281880799366589,-0.6918332553106957,-0.2061591596567799
163,2.7658035625783794,-0.6918332553106957,-0.6660085946093851
164,-0.5369582159609843,-0.43208426022871715,-0.5102958647436522
165,-0.857916257135656,1.645907700427112,1.367848271490997
166,-0.4230698787699717,-0.43208426022871715,-0.41456098683457787
167,-0.7750883755421922,0.3471627250172188,6.157004438869842
168,-0.857916257135656,-0.6918332553106957,-0.6071676267896899
169,2.2791897582167806,-0.43208426022871715,-0.4387991257952212
170,-0.8889767127332048,-0.1723352651467385,0.46857291915286203
171,2.1963618766233166,-0.6918332553106957,-0.6251211625769666
172,-0.857916257135656,0.866660715181176,1.4194755074771672
173,1.7615154982576327,-0.6918332553106957,-0.49928482447295996
174,2.0514130838347553,-0.6918332553106957,-0.6787509305201233
175,-0.050344411599385186,-0.6918332553106957,-0.5600244465112387
176,-0.7026139791479116,1.645907700427112,4.662503874498443
178,-0.5266047307618013,-0.43208426022871715,-0.46309497461053273
179,-0.847562771936473,-0.43208426022871715,-0.17407825144672848
180,1.409497001485412,-0.6918332553106957,-0.6703137497676327
181,2.3309571842126955,-0.6918332553106957,-0.636893972929279
182,-0.5680186715585331,0.3471627250172188,-0.003597569771403654
183,-0.578372156757716,-0.1723352651467385,-0.38334572644454945
184,-0.7233209495462775,-0.43208426022871715,0.8497465092363123
185,-0.13317229319284885,-0.6918332553106957,-0.508795408522279
186,1.616566705469071,-0.6918332553106957,-0.5230612845962577
187,-0.5266047307618013,-0.6918332553106957,-0.6488629967874633
188,1.5337388238756076,-0.43208426022871715,-0.4678560376206591
189,-0.9096836831315708,2.9446526758370055,3.439112665387305
190,-0.8993301979323878,1.3861587053451334,0.5863818164725221
191,1.4819713978796927,-0.43208426022871715,0.41437759463395674
192,-0.7647348903430093,-0.6918332553106957,-0.6493073626684084
193,-0.857916257135656,-0.6918332553106957,-0.6798589597297526
194,-0.5369582159609843,-0.6918332553106957,-0.6389426727699999
195,-0.6404930679528138,-0.43208426022871715,-0.3897630622836531
196,1.2438412382984847,-0.43208426022871715,4.9296889596412665
197,2.3413106694118784,-0.6918332553106957,-0.501622073587022
198,0.011776499595712567,-0.43208426022871715,-0.5104228264239222
199,0.18778574798182285,-0.1723352651467385,-0.521676248084221
200,-0.5473117011601671,1.645907700427112,1.1635207600527737
201,-0.4127163935707887,-0.43208426022871715,-0.4061584319948882
202,-0.7440279199446435,0.08741372993524014,1.4364883726333517
203,-0.83720928673729,1.1264097102631547,0.9816539240514132
204,-0.6404930679528138,0.866660715181176,-0.16706073311907557
205,-0.6404930679528138,1.645907700427112,0.7369410563163847
206,1.0264180491156425,0.3471627250172188,-0.42994066310365275
207,-0.32988851197732505,-0.6918332553106957,-0.674595820984013
208,-0.7129674643470946,-0.6918332553106957,-0.33636990474463596
209,-0.12281880799366589,-0.43208426022871715,-0.6162742418563316
210,-0.3195350267781421,-0.6918332553106957,0.14857177501770186
211,-0.13317229319284885,-0.1723352651467385,-0.11265765312336495
212,-0.7026139791479116,0.3471627250172188,0.4486803322487339
213,-0.40236290837160577,-0.6918332553106957,-0.07429791272541349
214,-0.17458623398958067,-0.6918332553106957,-0.3566606896459744
215,-0.350595482375691,0.3471627250172188,1.1670756871003347
216,1.9375247466437429,-0.6918332553106957,-0.5808288491191242
217,-0.9200371683307537,0.08741372993524014,0.5592812687203361
218,0.042836955193261445,-0.43208426022871715,-0.3513167571036993
219,-0.6404930679528138,-0.6918332553106957,-0.5577853041501126
220,-0.7129674643470946,-0.6918332553106957,-0.6606358071397759
221,-0.7750883755421922,1.3861587053451334,1.3383931616683482
222,-0.7854418607413752,-0.1723352651467385,0.010010413959357613
224,1.4612644274813267,-0.6918332553106957,-0.6590257021945332
225,1.9168177762453769,-0.6918332553106957,-0.5868883838592851
226,0.156725292384274,-0.43208426022871715,-0.3929659592177381
227,1.2541947234976676,-0.43208426022871715,0.7858674711040835
228,-0.7026139791479116,1.3861587053451334,3.0577082358851815
229,-0.8268558015381071,0.866660715181176,1.8215920038197064
230,-0.8993301979323878,-0.1723352651467385,-0.30909622742844534
231,-0.83720928673729,-0.43208426022871715,-0.02953814944475872
232,-0.350595482375691,-0.6918332553106957,-0.3933295313021477
233,-0.32988851197732505,0.08741372993524014,0.48586856259692096
234,-0.008930470802653351,-0.43208426022871715,0.21186217263231508
235,-0.2470606303838614,1.1264097102631547,2.7122685878122796
236,-0.599079127156082,-0.6918332553106957,-0.3753298276311366
237,1.5337388238756076,-0.6918332553106957,-0.482433546909846
238,-0.6922604939487286,-0.1723352651467385,-0.08511273949023386
239,0.24990665917692062,-0.6918332553106957,-0.6556785306237775
240,-0.6819070087495457,-0.1723352651467385,-0.17821027704097145
241,0.38450196676629905,0.6069117200991975,1.1672257327224718
242,0.405208937164665,-0.6918332553106957,-0.4871599840071714
243,-0.588725641956899,0.08741372993524014,0.26149264764696567
244,-0.8889767127332048,-0.43208426022871715,0.014373278972273378
245,-0.7129674643470946,2.1654056905910695,1.3854728611066647
246,0.664046067144239,-0.6918332553106957,-0.5794149576797534
247,0.16707877758345693,-0.1723352651467385,-0.4031344356102746
248,-0.9096836831315708,-0.6918332553106957,-0.5814982834332754
249,2.5276734029971717,-0.6918332553106957,-0.6971719161302122
250,2.4862594622004397,-0.6918332553106957,-0.23204202947546687
251,0.6019251559491412,-0.43208426022871715,0.5123400729332235
252,-0.8268558015381071,0.3471627250172188,-0.4155593673203377
253,-0.7647348903430093,0.3471627250172188,1.574963168909694
254,-0.8268558015381071,0.08741372993524014,0.1853156394849438
255,-0.7440279199446435,-0.6918332553106957,-0.36704269250078336
256,-0.6301395827536309,-0.6918332553106957,-0.710052755692154
257,-0.8268558015381071,-0.6918332553106957,-0.6215142966602042
258,-0.9303906535299367,1.9056566955090908,1.4587412925934093
259,-0.857916257135656,1.3861587053451334,2.054364702623885
260,2.424138551005342,-0.6918332553106957,-0.7266039420109933
261,-0.34024199717650805,-0.6918332553106957,-0.40508502869805973
262,-0.8165023163389241,0.08741372993524014,1.4341395815483562
263,0.6226321263475071,-0.1723352651467385,0.8206145745998055
264,-0.83720928673729,0.3471627250172188,0.9660549503345993
265,2.475905977001257,-0.6918332553106957,-0.6325945887564981
266,-0.8889767127332048,-0.43208426022871715,-0.4106309457316736
267,-0.5369582159609843,0.08741372993524014,0.3742692456395589
268,-0.6819070087495457,0.6069117200991975,0.005382083614968113
270,-0.32988851197732505,0.08741372993524014,-0.12063892602397676
271,-0.9303906535299367,0.08741372993524014,-0.26503475338927596
274,-0.8993301979323878,2.9446526758370055,4.128855077396145
275,-0.857916257135656,0.866660715181176,0.5549184037074204
276,-0.6508465531519968,0.6069117200991975,0.8893181565822957
278,0.23955317397773765,-0.6918332553106957,2.049707517352161
279,-0.6715535235503627,-0.43208426022871715,-0.0429672326260486
280,1.1920738123025698,-0.6918332553106957,-0.5384640448071998
281,-0.6508465531519968,0.6069117200991975,-0.16520247579875955
282,0.3741484815671161,0.08741372993524014,-0.2690167333613816
283,-0.21600017478631253,-0.43208426022871715,-0.26107585735903754
284,-0.8682697423348389,0.08741372993524014,-0.42703208642837553
285,-0.6404930679528138,-0.1723352651467385,-0.21033735313475746
286,-0.857916257135656,0.08741372993524014,2.0878998991715747
287,-0.11246532279448293,-0.43208426022871715,-0.30260386877827306
288,-0.7336744347454605,-0.6918332553106957,-0.6365765687286039
289,-0.20564668958712956,-0.6918332553106957,-0.5993248575402819
290,-0.8682697423348389,1.1264097102631547,0.5879342115630967
291,-0.7854418607413752,1.3861587053451334,3.200719026738444
292,2.0824735394323044,-0.6918332553106957,-0.4147283454131157
293,-0.6301395827536309,1.645907700427112,0.8026552678270622
294,-0.7854418607413752,2.9446526758370055,4.855970391288111
295,0.06354392559162736,-0.1723352651467385,-0.09986337834342533
296,-0.6404930679528138,2.425154685673048,1.774039083573111
297,-0.9303906535299367,-0.6918332553106957,-0.273264178664961
298,-0.847562771936473,0.3471627250172188,1.9545151120769677
299,0.156725292384274,-0.6918332553106957,-0.5587490587230716
300,-0.8993301979323878,-0.43208426022871715,-0.15499360250795524
301,0.6226321263475071,-0.43208426022871715,-0.1679840907937667
302,-0.20564668958712956,-0.6918332553106957,-0.6254674217049757
303,-0.8889767127332048,-0.43208426022871715,-0.3907614427694129
304,-0.9096836831315708,5.5421426266567915,2.5736668298556675
305,-0.6094326123552649,0.6069117200991975,0.7698876123464593
306,-0.06069789679856814,0.08741372993524014,-0.18723032732561085
307,-0.8993301979323878,0.3471627250172188,-0.3445243072092523
308,-0.8889767127332048,0.08741372993524014,-0.1677359384186934
310,-0.6508465531519968,0.866660715181176,0.7427466676960055
311,-0.8268558015381071,0.866660715181176,1.5342950343250144
312,-0.20564668958712956,0.08741372993524014,-0.2803163229054148
313,0.23955317397773765,-0.6918332553106957,-0.5015297378195529
315,0.922883197123813,-0.6918332553106957,-0.6266158478128728
316,1.4819713978796927,-0.6918332553106957,-0.5413841634534107
317,2.7140361365824646,-0.6918332553106957,-0.6992494708982673
318,2.320603699013512,-0.43208426022871715,-0.31307243641508425
319,2.5069664325988055,-0.6918332553106957,-0.6279200905283742
321,-0.13317229319284885,-0.43208426022871715,-0.1783372387212415
322,-0.2781210859814103,-0.6918332553106957,-0.5161938118907421
323,0.4466228779613968,-0.43208426022871715,-0.447617191588522
325,-0.9200371683307537,1.9056566955090908,1.6585501224111125
327,-0.8993301979323878,0.3471627250172188,1.5978797521984356
328,0.39485545196548205,-0.6918332553106957,-0.6037512033933325
329,-0.10211183759529997,-0.6918332553106957,1.7571012412279947
331,1.5026783682780587,-0.1723352651467385,0.9745325279853574
332,1.9685852022412917,-0.43208426022871715,1.4369096545724296
333,-0.03999092640020223,-0.6918332553106957,-0.6982799453398416
334,-0.7750883755421922,2.425154685673048,3.771359840683057
335,0.2706136295752865,-0.43208426022871715,0.8480613814800009
336,-0.40236290837160577,-0.1723352651467385,0.12083064787869895
337,-0.857916257135656,-0.43208426022871715,0.3326719823947215
338,0.48803681875812865,-0.43208426022871715,-0.47782830050732383
339,2.3413106694118784,-0.6918332553106957,0.21457453580172042
340,-0.8993301979323878,0.866660715181176,3.270744164392836
341,1.5337388238756076,-0.6918332553106957,-0.10299125246644174
342,1.2438412382984847,-0.6918332553106957,0.016958680461408675
343,-0.3195350267781421,-0.6918332553106957,-0.24791801049468826
344,-0.7647348903430093,0.3471627250172188,0.03692051919113845
345,-0.7336744347454605,0.6069117200991975,-0.2884534124136308
346,-0.5473117011601671,1.1264097102631547,1.5346759193658246
347,-0.2781210859814103,-0.43208426022871715,-0.28585069796809504
348,-0.8889767127332048,0.3471627250172188,0.5822093939800114
349,-0.9200371683307537,0.6069117200991975,0.5216082755929361
350,-0.847562771936473,-0.43208426022871715,-0.4314642032668932
351,2.827924473773477,-0.6918332553106957,-0.5829352588145135
352,-0.83720928673729,-0.1723352651467385,-0.4953836382973897
353,-0.26776760078222733,-0.6918332553106957,-0.7099546489392182
354,1.0471250195140085,-0.6918332553106957,-0.5754502906640481
356,1.7201015574609007,-0.6918332553106957,-0.5318100985639566
357,2.5276734029971717,-0.43208426022871715,-0.44816543520786983
358,-0.3920094231724228,-0.43208426022871715,-0.2664197899013127
359,-0.7440279199446435,-0.6918332553106957,-0.514531768076298
360,2.848631444171843,-0.6918332553106957,-0.616360806638334
361,-0.83720928673729,-0.1723352651467385,3.26347849369011
362,0.9953575935180936,-0.6918332553106957,-0.5162053538616758
363,-0.5576651863593501,-0.1723352651467385,-0.48384743834921684
364,0.902176226725447,-0.6918332553106957,-0.4805810605749969
365,1.7615154982576327,-0.1723352651467385,-0.46584196369273895
366,-0.4748373047658865,-0.6918332553106957,-0.6304362401919075
367,0.11531135158754215,-0.6918332553106957,-0.6902929014537629
368,0.5915716707499582,-0.43208426022871715,-0.14923992999753585
369,0.0531904403924444,-0.43208426022871715,-0.4327453620405272
370,1.9685852022412917,-0.6918332553106957,-0.6671397077608817
371,1.7718689834568155,-0.6918332553106957,0.12697097641539518
372,-0.9096836831315708,0.08741372993524014,-0.21913810597165773
373,1.2749016938960336,-0.6918332553106957,-0.7094525732036048
374,-0.20564668958712956,-0.43208426022871715,-0.21536388147635757
375,-0.16423274879039773,0.3471627250172188,0.2524437424349921
376,-0.3195350267781421,-0.6918332553106957,-0.5337837755936089
377,-0.9096836831315708,0.866660715181176,0.08809761831089681
378,-0.8786232275340219,-0.1723352651467385,-0.514722210596703
379,-0.9096836831315708,0.6069117200991975,-0.17506508996155462
380,2.5483803733955375,-0.43208426022871715,-0.593871276274137
381,-0.5473117011601671,0.6069117200991975,3.169757689708956
382,1.7718689834568155,-0.6918332553106957,-0.6388561079879977
383,-0.6094326123552649,-0.43208426022871715,-0.5419150941163581
384,0.5605112151524093,-0.6918332553106957,-0.5220917590378319
385,1.9892921726396577,-0.6918332553106957,-0.5826871064394402
386,-0.32988851197732505,0.08741372993524014,0.7449165582315299
387,0.8504088007295322,-0.6918332553106957,-0.6855722353419044
388,-0.588725641956899,-0.43208426022871715,-0.3687278202570948
389,-0.9096836831315708,2.684903680755027,2.4638392054366194
390,0.5501577299532264,0.08741372993524014,0.8106538536840746
391,-0.8889767127332048,5.5421426266567915,1.5583311887943192
392,-0.21600017478631253,-0.43208426022871715,-0.1171936477002853
393,-0.25741411558304433,1.1264097102631547,0.21941062162291539
394,-0.6404930679528138,-0.43208426022871715,-0.5748501081754989
395,1.8236364094527302,0.08741372993524014,-0.5586163260573348
396,-0.7129674643470946,-0.6918332553106957,-0.25999668307674223
397,-0.6197860975544479,-0.43208426022871715,-0.15649405872932848
398,0.06354392559162736,-0.6918332553106957,-0.6849489689114877
399,2.113533995029853,-0.6918332553106957,-0.5831660982331863
400,0.45697636316057977,0.6069117200991975,0.3664784152593522
401,-0.12281880799366589,-0.1723352651467385,0.0014058746283291872
403,-0.857916257135656,0.6069117200991975,0.4950732844164985
404,1.2438412382984847,-0.43208426022871715,-0.12445931840301143
405,-0.40236290837160577,-0.6918332553106957,-0.46217738792130836
406,0.48803681875812865,-0.6918332553106957,-0.6780584122641049
407,-0.6715535235503627,-0.43208426022871715,0.1420621034111291
408,1.9892921726396577,-0.6918332553106957,-0.4402938110311276
409,-0.6715535235503627,0.866660715181176,1.5666818047648075
410,0.9850041083189107,0.6069117200991975,0.1644708399787906
411,-0.0710513819977511,-0.43208426022871715,-0.543294359642928
412,2.4448455214037077,-0.43208426022871715,-0.4167193353991685
413,1.9789386874404746,-0.6918332553106957,-0.5471262939928964
414,0.5398042447540434,-0.43208426022871715,-0.5648836162743011
415,-0.34024199717650805,-0.43208426022871715,0.5170549680596154
416,-0.8993301979323878,2.1654056905910695,0.12332948458583189
417,1.5026783682780587,-0.43208426022871715,-0.269547664024329
418,-0.4748373047658865,-0.1723352651467385,-0.43215672152291157
419,1.9168177762453769,-0.6918332553106957,-0.5909857835407272
420,-0.847562771936473,-0.43208426022871715,0.0813571072856512
421,-0.6819070087495457,0.08741372993524014,-0.3569896358175832
422,-0.029637441201019268,-0.6918332553106957,-0.5846088445998913
423,-0.2884745711805932,-0.1723352651467385,-0.08474339642035733
424,-0.23670714518467845,-0.43208426022871715,0.03251148629448817
425,1.2749016938960336,-0.43208426022871715,-0.5585990131009342
426,-0.6922604939487286,-0.6918332553106957,-0.5433924663958639
427,0.9850041083189107,-0.1723352651467385,-0.5719415315002218
428,-0.6197860975544479,-0.6918332553106957,-0.65438582987921
429,-0.5058977603634354,-0.43208426022871715,-0.5478188122489148
430,1.181720327103387,-0.43208426022871715,-0.6380193150953088
432,1.8029294390543644,-0.6918332553106957,-0.6829291239981008
433,-0.7543814051438263,-0.43208426022871715,-0.4688832730337531
434,-0.8165023163389241,0.3471627250172188,0.9220569571355647
435,0.8814692563270811,-0.43208426022871715,-0.3301372404404705
436,-0.5266047307618013,0.3471627250172188,0.4943461402476793
437,-0.7026139791479116,1.1264097102631547,1.011639964537009
438,-0.9096836831315708,0.3471627250172188,0.1963497636975033
439,-0.8889767127332048,0.3471627250172188,0.6703381130438171
440,0.6019251559491412,-0.43208426022871715,-0.5530992639510549
441,0.4983903039573116,0.08741372993524014,0.9718836456560873
442,0.38450196676629905,-0.6918332553106957,-0.42016461372285996
443,-0.857916257135656,0.6069117200991975,0.007575058092359625
444,-0.7647348903430093,-0.6918332553106957,-0.6681842561303761
446,0.7261669783393367,-0.6918332553106957,-0.5290169415980157
447,-0.2781210859814103,-0.6918332553106957,-0.6608320206456476
448,-0.029637441201019268,0.08741372993524014,-0.22412423741499005
449,-0.8889767127332048,-0.43208426022871715,-0.3624259041273275
450,-0.578372156757716,0.3471627250172188,0.42742002178896976
451,2.2895432434159635,-0.6918332553106957,-0.6949500867254866
452,-0.13317229319284885,-0.43208426022871715,-0.5230035747415895
454,-0.6922604939487286,-0.1723352651467385,-0.4123564703862527
455,-0.9200371683307537,0.866660715181176,0.4839756793638039
456,-0.7647348903430093,0.08741372993524014,-0.14898600663699574
457,-0.7854418607413752,0.08741372993524014,0.1051508803653494
458,-0.6715535235503627,-0.6918332553106957,-0.6970911223336766
459,-0.2781210859814103,1.1264097102631547,5.920878797509442
460,-0.3713024527740569,-0.43208426022871715,-0.2357585441160989
461,0.41556242236384794,-0.1723352651467385,-0.3682834543761496
462,-0.5680186715585331,-0.43208426022871715,-0.4140993079972323
463,2.0410595986355724,-0.6918332553106957,-0.49579337826553393
464,0.5501577299532264,0.6069117200991975,0.16269914744047684
465,-0.7750883755421922,0.866660715181176,0.428718493519004
466,-0.6197860975544479,1.1264097102631547,1.6419354552521384
467,-0.9200371683307537,-0.1723352651467385,0.3006314710829378
468,-0.847562771936473,0.6069117200991975,-0.1488878998840599
469,-0.8786232275340219,0.08741372993524014,0.03793044164783192
470,-0.83720928673729,-0.6918332553106957,-0.5726051948289059
471,-0.9303906535299367,1.9056566955090908,1.9823889718817076
472,2.2274223322208657,-0.6918332553106957,-0.7005941105120363
473,-0.83720928673729,1.1264097102631547,1.5555553447847787
474,-0.8682697423348389,-0.43208426022871715,-0.6092278686013447
475,-0.857916257135656,1.1264097102631547,0.3084973242742133
476,-0.01928395600183631,-0.6918332553106957,-0.31749301128266827
477,-0.83720928673729,-0.6918332553106957,-0.6705215052444381
478,2.7658035625783794,-0.43208426022871715,0.1955418257321486
479,0.21884620357937173,-0.6918332553106957,-0.6845046030305426
480,-0.8682697423348389,0.08741372993524014,-0.501974103700498
482,1.1092459307091063,-0.6918332553106957,-0.6793972808924071
483,1.2541947234976676,-0.6918332553106957,-0.3367161638726451
485,0.6951065227417879,1.3861587053451334,3.4930829214730044
486,-0.6301395827536309,-0.43208426022871715,-0.5481535294059903
487,1.5751527646723393,-0.6918332553106957,-0.5375810840307764
488,-0.7440279199446435,-0.6918332553106957,-0.7066940421504649
489,-0.9303906535299367,-0.43208426022871715,-0.04771675366524121
490,-0.17458623398958067,-0.43208426022871715,-0.440536192420734
491,2.0824735394323044,-0.6918332553106957,-0.45402875644215873
492,-0.9096836831315708,2.9446526758370055,3.2329326676142327
493,-0.6197860975544479,-0.1723352651467385,-0.526639295585686
494,-0.7026139791479116,-0.43208426022871715,-0.4722419865754422
495,-0.7026139791479116,0.08741372993524014,-0.5236037572301387
496,-0.8993301979323878,-0.1723352651467385,-0.20062478459409966
497,-0.06069789679856814,-0.6918332553106957,-0.6410086855671215
498,-0.7129674643470946,0.08741372993524014,-0.054924714513299194
499,1.0885389603107403,-0.1723352651467385,-0.49987346499057556
500,0.16707877758345693,-0.1723352651467385,-0.45429999275909927
501,-0.8993301979323878,2.425154685673048,4.903465601680038
502,2.3516641546110613,-0.6918332553106957,-0.6931610812307724
503,0.156725292384274,-0.1723352651467385,-0.6769446120690087
504,-0.8165023163389241,3.723899661082941,2.5010562907121403
505,0.8607622859287152,-0.43208426022871715,-0.46650562702142323
506,-0.36094896757487394,-0.6918332553106957,-0.7158872219991089
507,2.403431580606976,-0.6918332553106957,-0.6305343469448434
509,-0.847562771936473,1.1264097102631547,0.19608429836602967
510,-0.9303906535299367,2.425154685673048,2.013425331722265
511,-0.8268558015381071,1.645907700427112,1.2374239999408683
512,-0.3920094231724228,0.3471627250172188,1.1681721743390305
513,-0.18493971918876365,-0.1723352651467385,-0.30711677941332616
514,-0.8682697423348389,-0.6918332553106957,-0.6452330469288337
515,-0.7750883755421922,6.3213896119027275,3.436988942735515
516,-0.8993301979323878,1.3861587053451334,0.7469479451158505
517,-0.2781210859814103,-0.43208426022871715,-0.3648208630960577
518,-0.9303906535299367,0.3471627250172188,-0.2000823119602186
519,0.23955317397773765,0.6069117200991975,3.225944004213914
520,-0.7026139791479116,-0.43208426022871715,-0.38131433956022887
521,-0.6197860975544479,-0.1723352651467385,-0.04303071346618356
522,-0.8268558015381071,-0.43208426022871715,-0.3015824043506459
523,-0.40236290837160577,-0.43208426022871715,-0.17998774056475197
524,2.7554500773791966,-0.6918332553106957,-0.6529950223817064
525,-0.3713024527740569,-0.43208426022871715,-0.39201951760117965
526,-0.17458623398958067,-0.43208426022871715,-0.23094554223677113
527,0.48803681875812865,-0.1723352651467385,-0.25449693392686284
528,-0.11246532279448293,-0.1723352651467385,-0.23869020473324332
529,-0.847562771936473,-0.43208426022871715,-0.37227120533372215
530,1.885757320647828,-0.6918332553106957,-0.4649359189744483
531,2.0721200542331215,-0.6918332553106957,-0.43951472799310687
532,0.08425089598999327,-0.6918332553106957,-0.5867845061208823
533,-0.6197860975544479,-0.43208426022871715,-0.39978726403951914
534,-0.6094326123552649,1.645907700427112,1.1054184783728314
535,-0.7957953459405582,0.08741372993524014,0.29653984238696257
536,-0.2781210859814103,-0.43208426022871715,-0.38399207681683317
537,-0.7854418607413752,3.4641506660009624,2.6054822727342453
538,1.2541947234976676,-0.6918332553106957,-0.5620442914246256
539,-0.13317229319284885,-0.1723352651467385,-0.06212690437589036
540,-0.6819070087495457,-0.1723352651467385,-0.6063366048824679
541,1.64762716106662,-0.6918332553106957,-0.6571212769904825
542,1.6890411018633518,-0.6918332553106957,-0.5854860343908479
543,-0.19529320438794662,-0.6918332553106957,-0.6194886807613502
544,1.0367715343148254,-0.6918332553106957,-0.5627194967242436
545,-0.8061488311397411,0.08741372993524014,-0.1169050984269443
547,-0.6922604939487286,-0.43208426022871715,-0.4912631546740804
548,-0.09175835239611702,-0.6918332553106957,-0.6963293522520565
549,-0.83720928673729,-0.43208426022871715,-0.564439250393356
550,-0.9303906535299367,5.282393631574813,1.7971172544549234
551,1.0471250195140085,-0.6918332553106957,-0.6309210029711205
552,1.8236364094527302,-0.6918332553106957,-0.6607281429072449
553,0.405208937164665,-0.6918332553106957,-0.23225555593773922
554,-0.9303906535299367,0.08741372993524014,-0.34210049331318804
555,-0.9096836831315708,5.80189162173877,6.524604671135331
556,-0.8993301979323878,0.3471627250172188,-0.6359417603272538
557,0.91252971192463,-0.6918332553106957,-0.7294432668606687
559,0.36379499636793317,1.3861587053451334,1.3224594707944588
560,-0.8993301979323878,-0.43208426022871715,-0.5876674668973058
561,0.6951065227417879,-0.43208426022871715,-0.5228419871485185
563,-0.847562771936473,2.684903680755027,4.379460121292796
564,-0.6508465531519968,-0.6918332553106957,-0.5633889310383947
565,-0.20564668958712956,0.3471627250172188,-0.48720615189090605
566,1.9168177762453769,1.1264097102631547,3.7571459034782793
567,-0.7233209495462775,2.1654056905910695,0.34929242053916276
568,-0.20564668958712956,-0.6918332553106957,-0.7200250185788187
569,-0.599079127156082,1.645907700427112,2.7056434964963705
571,0.08425089598999327,-0.6918332553106957,-0.6432939958119822
572,1.4819713978796927,-0.6918332553106957,-0.7045645485132084
573,-0.9303906535299367,5.282393631574813,2.944371852302307
574,-0.5266047307618013,-0.6918332553106957,-0.6221837309743552
575,-0.9096836831315708,0.6069117200991975,-0.1290299388927328
576,0.4362693927622139,-0.6918332553106957,-0.7188131116307865
577,-0.4851907899650694,0.08741372993524014,0.12093452561710173
579,-0.3195350267781421,-0.43208426022871715,-0.3090500595447108
580,-0.6197860975544479,0.866660715181176,0.0961481430371105
581,-0.9303906535299367,5.282393631574813,6.304164568273748
582,-0.8165023163389241,0.08741372993524014,0.5613530525029246
583,0.48803681875812865,-0.6918332553106957,-0.473753984767749
584,-0.7129674643470946,1.1264097102631547,-0.1945710208394057
585,-0.7336744347454605,0.3471627250172188,-0.07170674025081138
587,1.8443433798510962,-0.6918332553106957,-0.599220979801879
588,0.03248346999407848,-0.43208426022871715,-0.2306512219779633
589,-0.008930470802653351,-0.1723352651467385,1.468292273540996
590,-0.8889767127332048,1.1264097102631547,0.448738042103402
591,-0.13317229319284885,-0.6918332553106957,-0.6133945201083886
592,0.03248346999407848,-0.6918332553106957,-0.7260268434643113
593,-0.7026139791479116,-0.1723352651467385,-0.14356128029818516
594,1.7718689834568155,-0.6918332553106957,-0.718351432793441
595,1.896110805847011,-0.43208426022871715,-0.6995957300262765
596,-0.050344411599385186,0.08741372993524014,0.2721112609059141
597,1.0988924455099232,-0.6918332553106957,1.0237359500754635
598,-0.36094896757487394,0.3471627250172188,0.7418867908614495
599,-0.8268558015381071,1.1264097102631547,1.343685155341422
600,-0.7129674643470946,0.6069117200991975,-0.20756728011068398
601,-0.7750883755421922,0.866660715181176,2.1600083625794886
602,0.1774322627826399,-0.1723352651467385,-0.5184329542518682
603,-0.06069789679856814,0.3471627250172188,0.6155830029346304
604,-0.7440279199446435,-0.6918332553106957,-0.585739957751388
605,2.5069664325988055,-0.6918332553106957,-0.6989320666975922
606,-0.5266047307618013,0.08741372993524014,-0.4060141573582177
607,-0.6715535235503627,-0.6918332553106957,-0.6308575221309853
608,-0.83720928673729,0.08741372993524014,-0.35160530637704024
609,-0.6404930679528138,2.1654056905910695,1.3764124139237572
610,-0.7957953459405582,0.08741372993524014,0.20429063969984737
611,2.123887480229036,-0.6918332553106957,-0.037046201537091324
612,-0.8786232275340219,-0.6918332553106957,-0.48236429508424417
613,-0.599079127156082,0.08741372993524014,-0.20215986672827377
614,-0.43342336396915465,0.08741372993524014,0.24189438100164548
615,0.042836955193261445,0.08741372993524014,-0.06983116997409493
616,-0.847562771936473,0.08741372993524014,0.06681999489473199
617,-0.7129674643470946,-0.6918332553106957,-0.7099835038665523
618,2.2998967286151464,-0.6918332553106957,-0.6978932893135646
619,0.32238105557120134,0.08741372993524014,0.21134855492576804
620,-0.46448381956670354,-0.43208426022871715,-0.17346652698724552
621,1.9892921726396577,-0.6918332553106957,-0.5221956367762347
622,-0.7440279199446435,0.08741372993524014,-0.3062857575061041
623,-0.5680186715585331,0.08741372993524014,-0.001658518654552115
624,-0.2781210859814103,-0.43208426022871715,-0.3515591384933057
625,-0.6612000383511797,-0.6918332553106957,-0.6960119480513814
626,-0.7129674643470946,-0.1723352651467385,-0.49264242020065024
627,-0.8993301979323878,-0.43208426022871715,-0.5588702494178748
628,-0.7750883755421922,-0.1723352651467385,0.8627427685075906
629,-0.46448381956670354,-0.6918332553106957,-0.47854390270520947
630,-0.26776760078222733,-0.6918332553106957,-0.599959665941632
631,-0.6715535235503627,1.9056566955090908,2.5411992656193396
632,-0.4748373047658865,-0.6918332553106957,-0.6930283485650355
633,-0.857916257135656,1.3861587053451334,1.5210679356350636
634,-0.7854418607413752,1.645907700427112,0.21885083603263383
635,1.8339898946519133,-0.6918332553106957,-0.7217563142188647
636,-0.5266047307618013,-0.1723352651467385,0.14648267827871314
637,2.5483803733955375,-0.6918332553106957,-0.6267543514640765
638,-0.8268558015381071,-0.6918332553106957,-0.696825657002203
639,-0.7440279199446435,-0.43208426022871715,-0.6125231013028988
640,0.042836955193261445,-0.43208426022871715,-0.23668190179079002
641,-0.30918154157895916,-0.6918332553106957,-0.694932773769086
642,0.46732984835976277,-0.6918332553106957,-0.7279312686683619
643,-0.8268558015381071,0.08741372993524014,0.2745350748019785
644,-0.83720928673729,0.6069117200991975,1.1998895104646723
646,-0.7440279199446435,0.08741372993524014,-0.2608334759694311
647,-0.83720928673729,0.08741372993524014,-0.2611970480538407
648,-0.7854418607413752,-0.43208426022871715,-0.6185364681593251
649,-0.32988851197732505,0.6069117200991975,-0.05665023916787833
650,-0.6301395827536309,1.1264097102631547,2.637078418165084
651,0.03248346999407848,-0.6918332553106957,-0.5589683561708106
652,-0.83720928673729,-0.1723352651467385,-0.07193180868401727
653,-0.7336744347454605,-0.1723352651467385,-0.3081613277828205
654,-0.350595482375691,0.3471627250172188,0.11456335766173252
655,1.8339898946519133,-0.6918332553106957,-0.5703602814823131
656,0.32238105557120134,-0.1723352651467385,-0.4548020684947126
657,0.3741484815671161,-0.6918332553106957,-0.7268116974877988
658,-0.13317229319284885,0.08741372993524014,-0.2901500821408758
659,1.5440923090747904,-0.43208426022871715,-0.2739220710081785
660,1.129952901107472,-0.43208426022871715,-0.6687786676334585
661,-0.3195350267781421,-0.43208426022871715,0.4812344612670645
662,-0.9096836831315708,0.866660715181176,2.967311519532916
663,1.885757320647828,-0.6918332553106957,-0.7005133167155009
664,1.150659871505838,-0.6918332553106957,-0.6142428549720111
665,-0.10211183759529997,-0.6918332553106957,-0.5563598707398082
666,1.399143516286229,-0.6918332553106957,-0.670077139363493
667,-0.8993301979323878,2.684903680755027,0.8569371571279696
668,-0.8061488311397411,0.866660715181176,0.020507836523502798
669,-0.17458623398958067,-0.43208426022871715,-0.4137472778837563
670,1.2541947234976676,-0.6918332553106957,-0.16793215192456534
671,-0.6819070087495457,-0.43208426022871715,-0.3331092979558827
672,-0.7647348903430093,0.08741372993524014,-0.35857088583549185
673,1.7718689834568155,-0.6918332553106957,-0.5727725534074438
674,0.0531904403924444,0.08741372993524014,-0.3799696999464598
675,0.21884620357937173,-0.1723352651467385,-0.6069137034291499
676,1.161013356705021,-0.6918332553106957,-0.4166616255445003
677,0.022129984794895526,-0.6918332553106957,-0.6927051733788936
678,-0.4127163935707887,-0.6918332553106957,-0.5145202261053643
679,-0.7543814051438263,0.6069117200991975,0.383906791369148
680,-0.7543814051438263,0.08741372993524014,-0.4737655267386826
681,0.3534415111687502,-0.43208426022871715,-0.4942178992330921
682,0.011776499595712567,-0.1723352651467385,-0.3524074733569283
683,0.6847530375426049,-0.43208426022871715,-0.1683188079508422
684,-0.847562771936473,-0.43208426022871715,-0.532404510067039
685,-0.8165023163389241,-0.1723352651467385,-0.3598116477108581
686,-0.29882805637977616,-0.6918332553106957,-0.5942637032858809
687,-0.30918154157895916,-0.6918332553106957,-0.44115945885115054
688,1.8443433798510962,-0.43208426022871715,-0.21812241252949743
689,1.7822224686559984,-0.6918332553106957,-0.6473740825370238
691,-0.3920094231724228,0.3471627250172188,0.45336637244779154
692,-0.8268558015381071,2.1654056905910695,1.4497847231489047
693,-0.9096836831315708,3.98364865616492,1.8463841573851645
694,-0.7543814051438263,1.9056566955090908,1.0922317765811482
695,-0.9303906535299367,2.9446526758370055,2.322340412775664
696,2.848631444171843,-0.6918332553106957,-0.4224730079095879
697,-0.5576651863593501,-0.6918332553106957,-0.6375114683742287
698,-0.6197860975544479,-0.43208426022871715,-0.603358776381589
699,0.2291996887785547,-0.6918332553106957,-0.6827559944340962
700,-0.2781210859814103,-0.43208426022871715,-0.4219363062611736
701,-0.7750883755421922,0.08741372993524014,-0.6138388859893337
702,-0.5162512455626184,-0.6918332553106957,-0.44975245621124527
703,-0.13317229319284885,-0.6918332553106957,-0.683465825646515
704,0.32238105557120134,-0.1723352651467385,-0.292706628702677
705,-0.7543814051438263,-0.1723352651467385,-0.10960480181141716
706,-0.3195350267781421,-0.43208426022871715,-0.7089101005697237
707,2.4862594622004397,-0.6918332553106957,-0.64685469384501
708,-0.7026139791479116,0.08741372993524014,0.8004680643351375
709,0.6743995523434219,-0.6918332553106957,-0.5545650942596272
710,-0.5369582159609843,-0.43208426022871715,-0.42885571783589066
711,1.0264180491156425,-0.43208426022871715,-0.2587270662740418
712,2.7865105329767457,-0.6918332553106957,-0.6468489228595432
713,0.4776833335589457,-0.6918332553106957,-0.7125227374719529
714,-0.857916257135656,0.08741372993524014,0.4430882473313854
715,-0.9303906535299367,-0.6918332553106957,-0.5552056736464441
716,1.8339898946519133,-0.6918332553106957,-0.6807246075497756
717,0.8089948599328004,-0.6918332553106957,-0.5483439719263954
718,0.13601832198590807,0.08741372993524014,-0.40626230973329097
719,0.664046067144239,-0.6918332553106957,-0.7261711181009819
720,2.693329166184099,-0.6918332553106957,-0.5895892050577567
721,-0.8993301979323878,1.645907700427112,0.3917322476621557
723,-0.7026139791479116,-0.1723352651467385,0.03661465696139701
724,-0.8682697423348389,0.3471627250172188,0.0777502413688888
725,-0.6508465531519968,-0.1723352651467385,-0.10966828265155225
726,-0.8993301979323878,-0.43208426022871715,-0.4175272733645233
727,-0.7129674643470946,0.3471627250172188,0.13461176117346466
728,-0.9200371683307537,-0.1723352651467385,-0.3151673041395398
729,-0.5576651863593501,0.08741372993524014,2.686778145005337
730,-0.25741411558304433,0.6069117200991975,0.5491762731679345
731,-0.9303906535299367,-0.1723352651467385,-0.39317948568001043
732,-0.8889767127332048,5.80189162173877,5.495989992514831
733,-0.13317229319284885,0.08741372993524014,0.13079136879442999
734,-0.19529320438794662,-0.43208426022871715,-0.435538519006468
735,-0.7647348903430093,-0.6918332553106957,-0.6478415323598362
736,-0.9096836831315708,0.3471627250172188,-0.3082940604485574
737,-0.5680186715585331,1.645907700427112,3.347105844089796
738,-0.09175835239611702,-0.6918332553106957,-0.3732465018776147
739,-0.5369582159609843,1.1264097102631547,1.330619644244542
740,2.3309571842126955,-0.6918332553106957,-0.007839244089516183
741,-0.6094326123552649,-0.43208426022871715,-0.3076303971198731
742,0.022129984794895526,-0.1723352651467385,-0.10453210558608254
743,-0.7957953459405582,-0.6918332553106957,-0.5604572704212503
744,-0.09175835239611702,-0.1723352651467385,1.2781325314238157
745,-0.14352577839203182,-0.6918332553106957,-0.3040985540141794
746,0.6951065227417879,-0.6918332553106957,-0.4819026162468986
747,1.1403063863066552,-0.6918332553106957,-0.26658714847985043
748,-0.4748373047658865,0.866660715181176,5.433045854028228
749,1.7615154982576327,-0.6918332553106957,-0.3152192430087412
750,0.902176226725447,-0.6918332553106957,-0.5589972110981448
751,-0.23670714518467845,-0.1723352651467385,0.7050159647139373
752,2.0410595986355724,-0.6918332553106957,-0.5381812665193256
753,-0.21600017478631253,-0.6918332553106957,-0.5659627905565964
754,-0.2781210859814103,-0.6918332553106957,-0.6280585941795778
755,-0.8268558015381071,-0.6918332553106957,-0.6202331378865702
756,-0.7750883755421922,-0.43208426022871715,-0.19791242142469437
757,-0.25741411558304433,-0.6918332553106957,-0.5471609199056973
758,-0.3195350267781421,-0.6918332553106957,-0.5332874708434624
759,-0.20564668958712956,-0.6918332553106957,-0.33387106803750294
760,0.32238105557120134,-0.6918332553106957,-0.37359276100562383
761,-0.11246532279448293,-0.6918332553106957,-0.3196109629489911
762,1.7201015574609007,-0.6918332553106957,-0.4109598919032823
763,1.8443433798510962,-0.6918332553106957,-0.509597575502167
764,-0.2781210859814103,-0.6918332553106957,-0.5092917132724256
765,-0.847562771936473,0.08741372993524014,1.0207004117199163
766,-0.7543814051438263,-0.43208426022871715,-0.19019084287008942
767,-0.20564668958712956,-0.6918332553106957,-0.6850759305917578
768,-0.588725641956899,-0.43208426022871715,0.5212966423777279
770,1.7201015574609007,-0.43208426022871715,-0.40319791645040964
771,2.848631444171843,-0.6918332553106957,-0.5850532104808364
773,-0.008930470802653351,-0.6918332553106957,-0.544448556736292
774,-0.30918154157895916,-0.1723352651467385,1.1485335107954424
775,-0.01928395600183631,-0.6918332553106957,-0.31360336707803166
776,0.08425089598999327,-0.1723352651467385,-0.17445913648753855
777,-0.6715535235503627,-0.1723352651467385,-0.43253760656372175
778,-0.6094326123552649,0.6069117200991975,1.337279361473252
779,1.9685852022412917,-0.6918332553106957,-0.6342739455273427
780,-0.6197860975544479,0.866660715181176,1.6331116184733707
781,2.475905977001257,-0.6918332553106957,-0.4544615803521702
782,0.41556242236384794,-0.43208426022871715,-0.3722077244935871
783,-0.8268558015381071,-0.1723352651467385,-0.30245959414160256
784,-0.16423274879039773,-0.6918332553106957,-0.44897337317322455
785,1.1713668419042038,-0.6918332553106957,-0.7284506573603757
786,-0.9200371683307537,1.1264097102631547,0.6913387291575744
787,0.9746506231197277,-0.6918332553106957,-0.5853763856669782
788,-0.6404930679528138,-0.43208426022871715,0.02246420059675478
789,-0.18493971918876365,0.3471627250172188,0.12815402843609336
790,1.0471250195140085,-0.6918332553106957,-0.49903090111241993
791,0.3741484815671161,-0.43208426022871715,-0.4044502202967095
792,-0.7543814051438263,-0.6918332553106957,-0.7196787594508095
793,-0.9303906535299367,-0.43208426022871715,-0.6172495384002242
794,-0.17458623398958067,-0.1723352651467385,-0.43260051030531005
796,-0.6922604939487286,0.3471627250172188,-0.18409668221712772
797,0.16707877758345693,-0.6918332553106957,-0.6397217558080207
798,0.4466228779613968,-0.1723352651467385,0.03949437870934012
799,-0.4851907899650694,-0.43208426022871715,-0.3517784359410449
800,-0.8889767127332048,-0.43208426022871715,-0.39313908878174264
801,-0.8165023163389241,3.723899661082941,2.7731697974436296
802,-0.2781210859814103,-0.6918332553106957,-0.6353877457224391
803,0.6122786411483242,-0.43208426022871715,-0.6707119477648433
804,-0.5266047307618013,-0.43208426022871715,0.3052944273401282
805,-0.2781210859814103,-0.6918332553106957,0.7526727626989358
806,0.1774322627826399,-0.1723352651467385,0.17436808005438656
807,-0.9303906535299367,1.645907700427112,1.338439329552083
808,-0.7440279199446435,-0.1723352651467385,-0.42674353715503455
809,-0.83720928673729,-0.6918332553106957,-0.6368824309583453
810,-0.8268558015381071,0.08741372993524014,-0.1819383336525371
811,-0.7440279199446435,-0.43208426022871715,-0.37085154290888445
812,-0.2470606303838614,-0.43208426022871715,-0.030565384857852766
813,-0.17458623398958067,-0.43208426022871715,-0.45465202287257533
814,-0.8889767127332048,0.866660715181176,1.435720831566265
815,-0.9200371683307537,-0.6918332553106957,-0.6493362175957427
816,-0.7957953459405582,0.866660715181176,1.2038253225530433
817,1.6993945870625349,-0.6918332553106957,-0.5992325217728127
818,0.011776499595712567,-0.6918332553106957,-0.5917706375642148
819,-0.7026139791479116,-0.1723352651467385,-0.11133609745146311
820,-0.7647348903430093,0.6069117200991975,1.2796041327178544
821,-0.6922604939487286,-0.6918332553106957,-0.5945176266464208
822,-0.6612000383511797,0.6069117200991975,0.41646669137294545
823,-0.6715535235503627,0.3471627250172188,0.9545706892556277
824,1.7408085278592667,-0.43208426022871715,-0.4224730079095879
825,0.7779344043352515,-0.43208426022871715,-0.5569485112574237
826,-0.6819070087495457,-0.43208426022871715,-0.15219467455654767
827,-0.7543814051438263,0.6069117200991975,0.25661039394203605
828,-0.8682697423348389,2.684903680755027,4.804060377014066
829,-0.6404930679528138,-0.43208426022871715,-0.6570981930486152
830,-0.5369582159609843,-0.1723352651467385,0.07094624950350824
831,1.6786876166641689,-0.6918332553106957,-0.6755307206296378
832,-0.34024199717650805,-0.6918332553106957,-0.37360430297655756
833,0.9642971379205447,-0.6918332553106957,-0.5852725079285755
834,-0.8268558015381071,-0.43208426022871715,-0.13755368442722568
836,0.08425089598999327,-0.43208426022871715,-0.667739890249431
837,-0.9303906535299367,0.08741372993524014,0.6980099883572182
838,-0.30918154157895916,-0.43208426022871715,-0.5190562206822847
839,1.5026783682780587,-0.6918332553106957,-0.6304650951192418
840,1.0367715343148254,0.08741372993524014,0.06331700671637239
841,0.91252971192463,-0.43208426022871715,-0.04824191334272186
842,-0.5473117011601671,0.6069117200991975,0.07647485358072159
843,1.1403063863066552,-0.43208426022871715,-0.5892833428280153
844,-0.46448381956670354,0.3471627250172188,0.2784478029484823
845,1.4612644274813267,-0.6918332553106957,-0.6564056747925969
846,-0.25741411558304433,-0.6918332553106957,-0.6819711404106088
847,1.5544457942739733,-0.6918332553106957,-0.5818676265031518
848,1.4716179126805098,-0.6918332553106957,-0.500819906607134
849,-0.13317229319284885,-0.1723352651467385,-0.11521997067063287
850,-0.34024199717650805,-0.1723352651467385,-0.43089864669114486
851,-0.7647348903430093,2.425154685673048,4.412637516741543
852,0.14637180718509102,0.08741372993524014,-0.503543811747473
853,-0.40236290837160577,1.645907700427112,-0.06131319542506885
854,0.46732984835976277,-0.1723352651467385,-0.030138331933308095
855,1.906464291046194,-0.43208426022871715,-0.4059506765180827
856,2.2895432434159635,-0.6918332553106957,-0.5804479640783141
857,-0.857916257135656,0.3471627250172188,0.4171303547016299
858,-0.8268558015381071,-0.43208426022871715,-0.38592535694821783
859,1.9892921726396577,-0.43208426022871715,-0.5621020012792939
860,-0.7543814051438263,0.3471627250172188,-0.09404045400740417
861,-0.7026139791479116,-0.1723352651467385,-0.08961987913982013
862,2.0410595986355724,-0.6918332553106957,0.010535573636838134
863,-0.7647348903430093,-0.1723352651467385,-0.594448374820819
864,-0.20564668958712956,-0.6918332553106957,-0.6378173306039702
865,-0.2781210859814103,-0.6918332553106957,-0.5921803775323589
866,-0.18493971918876365,0.08741372993524014,1.7725963372064062
867,2.3309571842126955,-0.43208426022871715,-0.49834992482733514
868,-0.9096836831315708,0.08741372993524014,0.6677584825401485
869,1.5855062498715222,-0.6918332553106957,-0.6989205247266586
870,-0.847562771936473,0.866660715181176,-0.19756616229668517
871,-0.9303906535299367,0.08741372993524014,0.2709455218416165
872,1.7615154982576327,-0.6918332553106957,-0.6179882245399771
873,0.3741484815671161,-0.6918332553106957,-0.6445982385274835
874,-0.17458623398958067,-0.6918332553106957,-0.6751267516469603
875,-0.18493971918876365,0.08741372993524014,-0.24869709353270894
876,-0.7233209495462775,-0.1723352651467385,0.038865341293456805
877,-0.3195350267781421,-0.1723352651467385,0.46534693827690965
878,-0.050344411599385186,-0.6918332553106957,-0.38239928482799096
879,-0.13317229319284885,-0.6918332553106957,-0.6921223038467448
880,-0.32988851197732505,0.6069117200991975,1.3286459672148896
881,-0.9303906535299367,-0.1723352651467385,-0.13181732487320671
882,-0.6301395827536309,-0.6918332553106957,-0.6903621532793648
883,-0.599079127156082,0.3471627250172188,1.5251653353165056
884,-0.5162512455626184,0.3471627250172188,-0.3704302609698066
885,-0.7854418607413752,-0.43208426022871715,-0.4000931262692606
886,-0.588725641956899,0.866660715181176,0.5571575460685465
887,-0.12281880799366589,-0.43208426022871715,-0.585353301725111
888,1.181720327103387,-0.43208426022871715,-0.4837608735672146
889,-0.588725641956899,-0.6918332553106957,-0.6415915550992703
890,0.9539436527213618,-0.1723352651467385,-0.6066886349959439
891,-0.9200371683307537,5.5421426266567915,2.624653486455021
892,-0.9303906535299367,0.866660715181176,1.2270419970860595
893,-0.4955442751642524,0.866660715181176,-0.02378447693433946
894,-0.050344411599385186,-0.1723352651467385,-0.3986157539897547
895,-0.5266047307618013,-0.43208426022871715,-0.5947888629633614
896,-0.8165023163389241,-0.1723352651467385,-0.4011261326678213
897,0.0531904403924444,-0.43208426022871715,-0.3691433312107058
898,-0.6715535235503627,0.866660715181176,-0.2330692648885608
899,2.362017639810244,-0.6918332553106957,-0.7099835038665523
900,-0.25741411558304433,2.1654056905910695,1.395427811036929
901,-0.17458623398958067,0.08741372993524014,1.6315823073246631
902,-0.6508465531519968,-0.43208426022871715,-0.4259009732768789
903,-0.8786232275340219,0.08741372993524014,-0.41378190379655727
904,-0.8682697423348389,-0.6918332553106957,-0.6623324768670209
905,1.2956086642943994,-0.6918332553106957,-0.6810939506196522
906,-0.09175835239611702,-0.1723352651467385,0.2754295775493355
907,-0.0710513819977511,-0.43208426022871715,-0.3142497174503155
908,0.5501577299532264,-0.1723352651467385,0.24639574966576494
909,-0.7440279199446435,-0.43208426022871715,-0.6243305375680122
910,-0.5162512455626184,-0.43208426022871715,-0.25816728068376027
911,0.8504088007295322,-0.6918332553106957,-0.6516676957243378
912,-0.7647348903430093,-0.43208426022871715,-0.5472705686295669
913,1.5751527646723393,-0.6918332553106957,-0.62475181950709
914,-0.8061488311397411,2.1654056905910695,0.44451368074169006
915,1.1920738123025698,-0.6918332553106957,0.035887512792577715
916,-0.4230698787699717,-0.43208426022871715,-0.5930633383087822
917,-0.7026139791479116,0.3471627250172188,-0.3404846173824785
918,-0.83720928673729,3.723899661082941,3.1136060011167985
919,-0.6819070087495457,0.08741372993524014,0.21095035692855757
920,-0.7854418607413752,-0.43208426022871715,-0.4934330452096046
921,2.2584827878184144,-0.6918332553106957,-0.6948635219434842
922,0.6743995523434219,-0.6918332553106957,-0.3122298725369286
923,2.2377758174200486,-0.6918332553106957,-0.6807823174044438
924,-0.2781210859814103,-0.6918332553106957,-0.3518361457957131
925,-0.7750883755421922,1.3861587053451334,0.6676372918453453
926,-0.7854418607413752,-0.43208426022871715,-0.5438656872041432
927,-0.8268558015381071,0.6069117200991975,0.380802001187999
928,-0.26776760078222733,-0.1723352651467385,-0.11826705099711372
929,-0.5680186715585331,0.08741372993524014,-0.6198637948166936
930,0.1774322627826399,0.3471627250172188,0.4126347570229773
931,-0.3920094231724228,-0.6918332553106957,-0.5338703403756112
932,-0.8786232275340219,-0.43208426022871715,-0.36070037947274836
933,-0.4541303343675206,-0.6918332553106957,-0.6589853052962653
934,-0.9303906535299367,4.503146646328877,2.211214316626581
935,2.2895432434159635,-0.6918332553106957,-0.6362764774843293
936,-0.4748373047658865,-0.43208426022871715,-0.3628471860664053
937,-0.26776760078222733,-0.6918332553106957,-0.5154493547655223
938,-0.6715535235503627,-0.6918332553106957,-0.6681207752902412
939,-0.6404930679528138,-0.1723352651467385,-0.6010619241657946
940,-0.5266047307618013,-0.6918332553106957,-0.3716825648161065
941,-0.8165023163389241,0.866660715181176,-0.10975484743355447
942,-0.01928395600183631,-0.1723352651467385,-0.08671707345000976
943,-0.6922604939487286,0.08741372993524014,0.16643297503750928
944,2.362017639810244,-0.6918332553106957,-0.5219128584883604
945,-0.5266047307618013,-0.1723352651467385,-0.4489156633185564
946,0.8607622859287152,-0.6918332553106957,-0.6606184941833754
947,0.2706136295752865,-0.6918332553106957,-0.6395486262440162
948,-0.6197860975544479,0.3471627250172188,-0.33141839921410454
949,1.6786876166641689,-0.6918332553106957,-0.6145140912889516
950,-0.32988851197732505,0.3471627250172188,0.18259750533007166
951,-0.7026139791479116,1.9056566955090908,3.7339984807708646
952,-0.8889767127332048,0.866660715181176,0.40957613472556265
953,0.09460438118917623,1.9056566955090908,1.0089737692513383
954,-0.6819070087495457,0.3471627250172188,0.4612206836681334
955,-0.599079127156082,0.3471627250172188,0.1460613963396353
956,-0.23670714518467845,-0.6918332553106957,-0.14487129399915327
957,-0.5576651863593501,0.3471627250172188,-0.21522537782515389
958,-0.40236290837160577,-0.1723352651467385,-0.29522277836621047
959,-0.7750883755421922,-0.6918332553106957,-0.6921857846868797
960,-0.17458623398958067,-0.6918332553106957,-0.16662213822359725
961,1.2956086642943994,-0.6918332553106957,-0.5582065860891905
962,-0.6197860975544479,-0.1723352651467385,-0.46319308136346865
963,-0.7750883755421922,0.08741372993524014,0.7514954816637046
964,0.3016740851728354,-0.6918332553106957,-0.6174746068334303
965,-0.83720928673729,0.08741372993524014,0.20547946270601236
966,1.7201015574609007,-0.43208426022871715,-0.5629387941719828
967,-0.7647348903430093,0.6069117200991975,0.2967879947620357
968,-0.578372156757716,-0.43208426022871715,-0.7085984673545155
969,-0.46448381956670354,-0.1723352651467385,-0.13099207395145157
970,-0.4955442751642524,0.6069117200991975,0.7994350579365768
971,0.23955317397773765,-0.43208426022871715,-0.2245455193540679
972,0.7675809191360685,-0.43208426022871715,-0.5438656872041432
973,-0.8268558015381071,-0.43208426022871715,-0.5424287118229051
974,-0.83720928673729,0.3471627250172188,0.7601000209947328
975,1.1920738123025698,-0.43208426022871715,0.14493028318813858
976,-0.050344411599385186,-0.1723352651467385,-0.24486515918274057
977,0.91252971192463,-0.6918332553106957,-0.6536182888121228
978,-0.3195350267781421,-0.1723352651467385,-0.7141097584753283
979,0.6019251559491412,-0.6918332553106957,-0.5869345517430197
980,-0.9096836831315708,4.503146646328877,2.909457390228047
981,-0.4127163935707887,-0.43208426022871715,-0.6368362630746108
982,-0.16423274879039773,-0.6918332553106957,-0.5611497886772686
983,2.175654906224951,-0.43208426022871715,-0.6553957523359033
984,-0.7440279199446435,-0.43208426022871715,-0.5338991953029453
985,0.6226321263475071,-0.43208426022871715,-0.48201803595623494
986,0.6329856115466901,-0.6918332553106957,-0.628728028493729
987,-0.9303906535299367,0.08741372993524014,1.3852420216879917
988,-0.7543814051438263,0.08741372993524014,-0.28522166055221165
989,0.9953575935180936,-0.6918332553106957,-0.7286237869243803
990,2.0203526282372066,-0.6918332553106957,-0.7241628151585285
991,-0.9096836831315708,0.866660715181176,1.0372631400096892
992,0.9539436527213618,-0.6918332553106957,-0.7214100550908555
993,-0.2884745711805932,-0.6918332553106957,-0.2378014729713531
994,-0.32988851197732505,-0.6918332553106957,-0.6635559257859867
995,-0.6819070087495457,-0.1723352651467385,0.09594615854577174
997,-0.6197860975544479,2.9446526758370055,0.6821686332507978
998,-0.5369582159609843,-0.6918332553106957,-0.6756461403389742
999,0.664046067144239,-0.6918332553106957,-0.5848800809168317
1000,-0.6715535235503627,1.645907700427112,0.5442363096083367
1001,2.3516641546110613,-0.6918332553106957,-0.705539845057101
1002,-0.8889767127332048,1.3861587053451334,0.5690169212028612
1003,-0.857916257135656,-0.1723352651467385,-0.35214777901092137
1004,2.1963618766233166,-0.6918332553106957,-0.572062722195025
1005,1.8236364094527302,-0.43208426022871715,-0.29758311142213983
1006,1.8650503502494622,-0.6918332553106957,-0.591632133913011
1007,-0.8993301979323878,2.425154685673048,2.8889473078789694
1008,-0.6094326123552649,-0.6918332553106957,-0.6588064047467939
1009,1.3266691198919482,-0.43208426022871715,-0.6174976907752975
1010,1.616566705469071,-0.6918332553106957,-0.6308979190292532
1011,1.9685852022412917,0.3471627250172188,-0.14007560507622602
1012,1.8443433798510962,-0.6918332553106957,-0.6831599634167737
1013,-0.6094326123552649,0.6069117200991975,0.07095202048897505
1014,1.6062132202698882,-0.43208426022871715,-0.5860515909665962
1015,-0.7854418607413752,0.3471627250172188,-0.16180913634426944
1016,0.2706136295752865,0.08741372993524014,-0.3013400229610395
1017,-0.5680186715585331,-0.6918332553106957,-0.4604807181940634
1018,0.4259159075630309,-0.1723352651467385,0.6078845083218927
1019,1.3059621494935825,-0.6918332553106957,-0.647628005897564
1020,-0.4230698787699717,1.1264097102631547,0.38001714716451146
1021,-0.5369582159609843,-0.43208426022871715,-0.13989093354128782
1022,-0.6404930679528138,-0.43208426022871715,-0.5705103271044504
1023,-0.5576651863593501,0.6069117200991975,-0.17654823322652735
1024,0.46732984835976277,-0.43208426022871715,-0.3286367842190973
1025,1.3266691198919482,-0.43208426022871715,-0.41059054883340584
1026,-0.6508465531519968,-0.6918332553106957,-0.4791094592809578
1027,-0.6819070087495457,0.08741372993524014,0.9021066603767687
1028,-0.8889767127332048,-0.43208426022871715,-0.3405827241354144
1029,1.129952901107472,-0.6918332553106957,-0.5669784839987567
1030,-0.7543814051438263,-0.6918332553106957,-0.637788475676636
1031,1.5544457942739733,-0.6918332553106957,-0.5605438352032526
1032,-0.19529320438794662,-0.1723352651467385,-0.3772111688933199
1033,-0.7647348903430093,2.1654056905910695,1.0439459411802665
1034,-0.9096836831315708,0.866660715181176,0.011274259776591057
1035,0.042836955193261445,-0.43208426022871715,-0.09562747501077963
1036,0.7365204635385196,-0.6918332553106957,-0.589808502505496
1038,0.0531904403924444,0.3471627250172188,-0.21572745356076722
1039,-0.3816559379732399,0.3471627250172188,0.18767020155540626
1040,2.0410595986355724,-0.6918332553106957,-0.5919957059974207
1041,0.3430880259695672,0.6069117200991975,-0.07836068649405463
1042,2.0410595986355724,-0.6918332553106957,-0.33518108173847105
1043,0.6329856115466901,-0.43208426022871715,-0.5998731011596298
1044,-0.8993301979323878,1.3861587053451334,0.4843507934191473
1045,-0.9200371683307537,2.684903680755027,2.2319032995251304
1046,-0.8165023163389241,0.866660715181176,1.0783006176642451
1047,-0.599079127156082,-0.43208426022871715,-0.38241659778439135
1048,-0.3816559379732399,-0.43208426022871715,-0.5974550582490322
1049,-0.4230698787699717,-0.43208426022871715,-0.14509059144689235
1050,1.3266691198919482,-0.6918332553106957,-0.5859534842136602
1051,-0.2884745711805932,-0.6918332553106957,0.2267397731657766
1052,-0.20564668958712956,-0.1723352651467385,0.11524433394681731
1054,-0.9200371683307537,1.645907700427112,0.8509007063296763
1055,-0.2781210859814103,0.08741372993524014,0.7573761158543938
1056,-0.588725641956899,-0.1723352651467385,-0.10961057279688396
1057,-0.09175835239611702,-0.6918332553106957,-0.5638621518466739
1059,0.1256648367867251,-0.6918332553106957,-0.6598336401598878
1060,-0.8682697423348389,-0.43208426022871715,-0.5551999026609774
1061,1.6579806462658029,-0.6918332553106957,-0.6891848722441336
1062,-0.8061488311397411,0.6069117200991975,-0.23664727587798912
1063,-0.83720928673729,1.9056566955090908,0.6583113793309645
1064,2.8589849293710263,-0.6918332553106957,-0.6299976452964292
1065,-0.15387926359121476,-0.43208426022871715,-0.5846146155853581
1066,-0.8993301979323878,-0.6918332553106957,-0.5616691773692825
1067,0.38450196676629905,-0.43208426022871715,0.11192024631792909
1068,-0.25741411558304433,-0.43208426022871715,-0.6501095296482964
1070,0.2706136295752865,-0.43208426022871715,-0.365421045584607
1071,2.2688362730175977,-0.6918332553106957,-0.4407554898684731
1072,-0.2470606303838614,-0.6918332553106957,-0.57551954248965
1073,0.4983903039573116,-0.1723352651467385,1.8913574471280916
1074,1.6993945870625349,-0.6918332553106957,-0.6030644561227811
1075,-0.6197860975544479,0.866660715181176,0.7581494279069477
1076,-0.40236290837160577,-0.43208426022871715,-0.22937583418979612
1077,-0.2781210859814103,-0.6918332553106957,-0.6150046250536313
1078,2.8589849293710263,-0.6918332553106957,-0.6979798540955671
1079,-0.8786232275340219,0.3471627250172188,0.2456108956422775
1080,2.217068847021683,-0.6918332553106957,-0.6734820207889167
1081,-0.6404930679528138,-0.1723352651467385,0.10211534200980217
1082,0.9642971379205447,-0.1723352651467385,-0.29291438417948257
1083,-0.5058977603634354,-0.1723352651467385,-0.45190503379036906
1084,-0.5266047307618013,0.08741372993524014,0.025851769065778095
1085,0.011776499595712567,-0.43208426022871715,0.14834670658449584
1086,-0.7129674643470946,0.08741372993524014,1.561222452513196
1087,-0.6922604939487286,-0.43208426022871715,-0.4330512242702686
1088,-0.6404930679528138,-0.43208426022871715,-0.5419439490436921
1089,2.1860083914241337,-0.1723352651467385,-0.10486682274315819
1090,0.5605112151524093,-0.43208426022871715,-0.5404088669095182
1091,-0.8786232275340219,-0.43208426022871715,-0.3982348689489446
1092,-0.7440279199446435,-0.43208426022871715,-0.21029695623648975
1093,-0.599079127156082,0.3471627250172188,0.21749465444793123
1094,0.8814692563270811,-0.6918332553106957,-0.6536009758557224
1095,-0.34024199717650805,-0.1723352651467385,-0.5251676942916469
1096,-0.7129674643470946,-0.6918332553106957,-0.6420647759075495
1097,-0.7750883755421922,0.6069117200991975,0.508381176902985
1099,0.7054600079409707,-0.6918332553106957,-0.540893629688731
1100,-0.6819070087495457,0.08741372993524014,-0.2813320163475751
1101,1.2541947234976676,-0.43208426022871715,-0.606428940649937
1102,-0.8786232275340219,0.08741372993524014,-0.3637647727556297
1103,1.6786876166641689,-0.6918332553106957,-0.7139077739839897
1104,-0.32988851197732505,1.3861587053451334,1.1908752311654995
1105,-0.8268558015381071,-0.6918332553106957,-0.5542707740008194
1106,-0.26776760078222733,-0.6918332553106957,-0.582340847311431
1107,-0.6819070087495457,-0.1723352651467385,-0.2637362816592414
1108,0.011776499595712567,-0.1723352651467385,-0.03870247436606868
1109,-0.40236290837160577,-0.43208426022871715,0.12458755941759865
1110,0.39485545196548205,-0.6918332553106957,0.15778803880821315
1111,0.0531904403924444,-0.1723352651467385,0.7671925621334544
1112,-0.350595482375691,-0.6918332553106957,-0.13384294077206046
1113,-0.847562771936473,5.5421426266567915,3.9170310558365227
1114,0.8089948599328004,-0.1723352651467385,-0.5387583650660076
1115,-0.350595482375691,-0.6918332553106957,-0.6382097576157139
1116,2.434492036204525,-0.6918332553106957,-0.6468720068014104
1117,-0.9303906535299367,0.3471627250172188,-0.043954071140874684
1118,-0.7543814051438263,1.1264097102631547,0.5120572946453494
1119,1.626920190668254,-0.6918332553106957,-0.5864959568475413
1120,-0.34024199717650805,0.08741372993524014,-0.4735116033781426
1121,-0.17458623398958067,-0.6918332553106957,-0.6788952051567937
1122,-0.6197860975544479,-0.1723352651467385,-0.17703876699120705
1123,-0.8682697423348389,-0.43208426022871715,1.0794490437721422
1124,0.3327345407703843,0.08741372993524014,1.028900982068267
1125,-0.9200371683307537,1.1264097102631547,0.8361442964910178
1126,-0.7026139791479116,2.425154685673048,2.9323451185894545
1127,0.3016740851728354,-0.1723352651467385,-0.5381235566646574
1128,2.7658035625783794,-0.6918332553106957,-0.45106824089768016
1129,-0.3816559379732399,0.3471627250172188,0.26819276177394347
1130,-0.2781210859814103,-0.6918332553106957,-0.6921511587740788
1131,-0.050344411599385186,-0.6918332553106957,-0.6953021168389626
1132,-0.3713024527740569,-0.6918332553106957,-0.02339204992259567
1133,-0.7233209495462775,2.425154685673048,1.0951634371982926
1135,-0.9096836831315708,0.3471627250172188,-0.07556175854264693
1136,-0.8268558015381071,0.3471627250172188,0.7804773706780737
1137,-0.8682697423348389,0.3471627250172188,-0.3084383350852279
1138,1.0160645639164596,-0.43208426022871715,-0.470487606993529
1139,-0.20564668958712956,-0.6918332553106957,-0.6224030284220944
1140,1.1713668419042038,-0.6918332553106957,-0.5612363534592709
1141,0.3016740851728354,-0.43208426022871715,-0.4134529576249485
1142,0.022129984794895526,-0.6918332553106957,-0.5223687663402392
1143,-0.9303906535299367,1.645907700427112,0.32418286277302966
1144,-0.6612000383511797,0.08741372993524014,-0.39767508335866303
1145,2.144594450627402,-0.6918332553106957,-0.28910553377138143
1146,-0.6922604939487286,-0.1723352651467385,-0.43711976902437666
1147,-0.6508465531519968,0.08741372993524014,0.7334957779926935
1148,-0.4230698787699717,-0.6918332553106957,-0.5833911666663922
1149,2.434492036204525,-0.6918332553106957,-0.6729741740678366
1150,-0.7750883755421922,-0.43208426022871715,-0.538746823095074
1151,0.9539436527213618,-0.1723352651467385,-0.33535998228794245
1152,-0.19529320438794662,0.3471627250172188,0.8916958025946254
1153,-0.5576651863593501,-0.43208426022871715,-0.5709950898836632
1154,-0.11246532279448293,0.08741372993524014,0.6045027108383364
1155,-0.350595482375691,1.3861587053451334,0.7264782596650403
1156,-0.8165023163389241,-0.43208426022871715,-0.40143776588302954
1157,-0.4230698787699717,-0.43208426022871715,-0.6059672618125915
1158,-0.4230698787699717,-0.43208426022871715,-0.06303294909418104
1159,-0.32988851197732505,-0.43208426022871715,-0.5408878587032642
1160,2.7036826513832817,-0.6918332553106957,-0.6635559257859867
1161,-0.3816559379732399,-0.6918332553106957,-0.5603245377555134
1162,-0.9200371683307537,0.6069117200991975,0.29823651211420765
1163,0.022129984794895526,0.08741372993524014,-0.37154406116490285
1164,-0.7026139791479116,-0.6918332553106957,-0.6337776407771963
1165,-0.16423274879039773,-0.6918332553106957,-0.5615595286454128
1166,-0.8268558015381071,0.08741372993524014,-0.49485847861990917
1167,0.8089948599328004,-0.43208426022871715,-0.2766690600903847
1168,-0.34024199717650805,-0.43208426022871715,-0.568282726714258
1169,0.0531904403924444,-0.43208426022871715,-0.04878438597660296
1170,2.113533995029853,-0.6918332553106957,-0.5855610572019165
1171,0.18778574798182285,-0.43208426022871715,-0.41162932621743337
1172,1.7925759538551815,-0.6918332553106957,-0.23081858055650106
1173,0.922883197123813,-0.6918332553106957,-0.545637379742457
1174,0.8089948599328004,-0.6918332553106957,-0.6712890463115253
1175,-0.578372156757716,-0.6918332553106957,-0.7216062685967274
1176,-0.7026139791479116,-0.1723352651467385,-0.4348517717359165
1177,-0.7647348903430093,0.08741372993524014,-0.27869467598923847
1178,-0.7129674643470946,0.3471627250172188,2.1877206347911575
1179,-0.12281880799366589,-0.1723352651467385,-0.43887991959175676
1180,-0.26776760078222733,-0.6918332553106957,-0.7106760221225706
1181,2.7968640181759286,-0.6918332553106957,-0.7040970986903959
1182,-0.9096836831315708,0.6069117200991975,0.6378416938801547
1183,-0.8268558015381071,0.08741372993524014,-0.3329881072610795
1184,0.8814692563270811,-0.1723352651467385,-0.3737370356422943
1185,1.3163156346927654,-0.43208426022871715,1.1132271988079854
1186,-0.8682697423348389,0.866660715181176,1.2659326681469583
1187,-0.9200371683307537,-0.43208426022871715,-0.50908395779562
1188,0.653692581945056,-0.43208426022871715,-0.5765814038155448
1189,-0.8889767127332048,0.3471627250172188,-0.17061566016663648
1190,-0.12281880799366589,-0.1723352651467385,-0.41774079982679563
1191,-0.7233209495462775,-0.43208426022871715,-0.630101523034832
1192,-0.7129674643470946,-0.43208426022871715,-0.665114091862028
1193,2.2481293026192315,0.08741372993524014,-0.37945608223991284
1194,0.5708647003515923,-0.6918332553106957,-0.7163892977347223
1195,-0.8682697423348389,3.723899661082941,4.462054465293922
1196,-0.7440279199446435,1.1264097102631547,0.8288266869190903
1197,-0.20564668958712956,-0.43208426022871715,-0.6531681519457109
1198,2.0307061134363895,-0.6918332553106957,-0.6102031651452372
1199,-0.43342336396915465,-0.6918332553106957,-0.5242789625297567
1200,-0.6197860975544479,0.6069117200991975,0.6949513660598038
1201,1.2024272975017527,-0.6918332553106957,-0.5563714127107418
1202,-0.7854418607413752,-0.43208426022871715,-0.6493939274504108
1203,-0.18493971918876365,-0.6918332553106957,-0.2609604376497011
1204,-0.3195350267781421,-0.6918332553106957,-0.6474606473190262
1205,-0.5369582159609843,0.08741372993524014,0.3172576802128457
1206,-0.6301395827536309,2.1654056905910695,0.7394745189363187
1207,-0.6612000383511797,0.3471627250172188,-0.23173616724572546
1208,-0.8993301979323878,2.9446526758370055,3.311429611933916
1209,-0.7647348903430093,-0.6918332553106957,-0.5780241501822498
1210,-0.7336744347454605,0.6069117200991975,1.630820537243043
1211,-0.25741411558304433,-0.43208426022871715,-0.032308222468832345
1212,1.2645482086968505,-0.6918332553106957,-0.5833103728698568
1213,-0.8165023163389241,0.6069117200991975,-0.26898210744858064
1214,-0.6301395827536309,-0.6918332553106957,-0.718639982066782
1215,-0.4955442751642524,1.3861587053451334,1.237470167824603
1216,-0.8993301979323878,0.6069117200991975,0.5719485818200055
1217,-0.7854418607413752,0.3471627250172188,0.04133532307325568
1218,-0.83720928673729,2.1654056905910695,1.4887677299772728
1219,1.2438412382984847,-0.6918332553106957,-0.39612268826808855
1220,-0.46448381956670354,-0.1723352651467385,0.41609734830306916
1221,0.4466228779613968,-0.43208426022871715,-0.45725473731811106
1222,-0.4955442751642524,0.866660715181176,1.881673733514768
1223,-0.83720928673729,0.3471627250172188,0.8960355836656739
1224,0.26026014437610356,-0.1723352651467385,-0.20768269982002033
1225,1.1092459307091063,-0.43208426022871715,-0.3615256303945036
1226,1.9375247466437429,-0.6918332553106957,-0.5732111483029221
1227,0.19813923318100582,-0.1723352651467385,-0.4899819959004464
1228,-0.14352577839203182,-0.6918332553106957,-0.47142250663915375
1229,-0.3920094231724228,-0.6918332553106957,-0.2335655696387073
1230,0.7365204635385196,0.08741372993524014,1.7423448313893366
1231,-0.4541303343675206,-0.1723352651467385,0.05744791449661658
1232,-0.7647348903430093,-0.43208426022871715,-0.3920022046447792
1233,0.664046067144239,-0.1723352651467385,-0.3982925788036128
1234,1.388790031087046,-0.6918332553106957,-0.5090377899118854
1235,-0.8682697423348389,-0.43208426022871715,-0.42589520229141203
1236,0.32238105557120134,-0.43208426022871715,-0.5738459567042722
1237,-0.30918154157895916,-0.6918332553106957,-0.7024696807887528
1238,-0.2884745711805932,-0.43208426022871715,-0.4930752441106617
1239,-0.7543814051438263,1.1264097102631547,0.5990433585867249
1241,-0.9200371683307537,1.9056566955090908,0.9542475140694858
1242,-0.7129674643470946,-0.1723352651467385,-0.3867967757537077
1243,-0.6404930679528138,0.3471627250172188,0.061147116180848136
1244,2.0099991430380237,-0.6918332553106957,-0.4013223461736932
1245,0.8814692563270811,-0.43208426022871715,-0.6780122443803703
1246,-0.13317229319284885,-0.1723352651467385,0.13753187981967557
1247,-0.599079127156082,-0.6918332553106957,-0.6751267516469603
1248,-0.5162512455626184,2.1654056905910695,1.3232039279196786
1249,1.8132829242535473,-0.6918332553106957,-0.681353644965659
1250,-0.6612000383511797,0.08741372993524014,-0.38621967720702566
1251,0.18778574798182285,0.08741372993524014,0.19487816240346426
1252,1.9996456578388406,-0.6918332553106957,-0.6735166467017176
1253,-0.847562771936473,0.3471627250172188,-0.007764221278447461
1254,2.217068847021683,-0.6918332553106957,-0.5263911432106126
1255,-0.7647348903430093,0.08741372993524014,2.5159512042020027
1256,-0.6094326123552649,-0.43208426022871715,-0.33223787915039293
1258,-0.7336744347454605,-0.6918332553106957,-0.6329062219717064
1259,0.3430880259695672,-0.43208426022871715,-0.612771253677972
1260,-0.26776760078222733,-0.6918332553106957,-0.709602618825742
1261,0.156725292384274,-0.6918332553106957,-0.3441953610376436
1262,-0.9303906535299367,5.022644636492834,3.9777014260491996
1263,-0.6922604939487286,3.4641506660009624,2.8254145288747496
1264,1.8236364094527302,-0.6918332553106957,-0.6570058572811461
1265,-0.8889767127332048,3.98364865616492,2.7806663075650286
1266,-0.83720928673729,2.1654056905910695,5.276288575792999
1267,-0.6404930679528138,0.3471627250172188,0.0182802361333104
1268,1.8236364094527302,-0.6918332553106957,-0.6749247671556218
1269,-0.2781210859814103,-0.43208426022871715,-0.546722325010219
1270,2.372371125009427,-0.6918332553106957,-0.609539501816553
1271,-0.8993301979323878,1.1264097102631547,0.06737978048501354
1272,-0.6094326123552649,-0.6918332553106957,-0.6757961859611116
1273,-0.8889767127332048,-0.1723352651467385,-0.2191842738553923
1274,0.39485545196548205,-0.6918332553106957,-0.6922838914398157
1275,-0.5162512455626184,0.3471627250172188,-0.474746594268042
1276,0.11531135158754215,0.6069117200991975,-0.15737124852028508
1277,0.3534415111687502,-0.6918332553106957,-0.5464914855915463
1279,2.1860083914241337,-0.43208426022871715,-0.22365101660671086
1280,2.83827795897266,-0.6918332553106957,-0.6577849403191668
1281,-0.8993301979323878,1.3861587053451334,-0.17522667755462562
1282,-0.9200371683307537,3.723899661082941,1.8042848184047138
1283,-0.9096836831315708,-0.6918332553106957,-0.650761651006047
1285,-0.350595482375691,-0.6918332553106957,-0.6700482844361589
1286,2.424138551005342,-0.6918332553106957,-0.7189169893691894
1287,-0.857916257135656,2.684903680755027,1.589817685501288
1288,-0.8165023163389241,-0.6918332553106957,-0.5073930590538418
1290,-0.5576651863593501,-0.6918332553106957,-0.677925679598368
1291,-0.7750883755421922,1.9056566955090908,1.0284508452018553
1292,0.48803681875812865,-0.6918332553106957,-0.6504846437036397
1293,-0.17458623398958067,0.6069117200991975,2.6862356723714553
1294,-0.8889767127332048,0.3471627250172188,0.02205446062861055
1295,0.664046067144239,-0.43208426022871715,-0.6381866736738466
1296,1.5337388238756076,-0.6918332553106957,-0.032221657686829996
1297,-0.40236290837160577,0.866660715181176,0.7970689538951807
1298,-0.6197860975544479,-0.43208426022871715,-0.4179081584053334
1299,-0.18493971918876365,-0.6918332553106957,-0.6797435400204163
1300,-0.8993301979323878,2.1654056905910695,2.5167764551237575
1301,-0.7957953459405582,0.08741372993524014,-0.36311842238334585
1302,-0.7026139791479116,0.866660715181176,0.9193676779080268
1303,-0.8993301979323878,0.08741372993524014,0.2991425568324983
1304,1.896110805847011,-0.43208426022871715,-0.5398952492029712
1305,-0.7336744347454605,0.3471627250172188,0.03501609398708793
1306,0.5501577299532264,-0.6918332553106957,-0.7110222812505798
1307,-0.8993301979323878,0.08741372993524014,0.841459374105959
1308,-0.0710513819977511,-0.6918332553106957,-0.5208221422351316
1309,-0.8268558015381071,-0.1723352651467385,0.8185370198317504
1310,-0.857916257135656,-0.1723352651467385,-0.35545455368340906
1311,0.3327345407703843,-0.1723352651467385,-0.3533885408862876
1312,-0.30918154157895916,-0.43208426022871715,-0.3950608269421937
1313,-0.9200371683307537,0.3471627250172188,-0.11438317777794396
1314,2.362017639810244,-0.6918332553106957,-0.48372624765441363
1315,-0.9200371683307537,1.9056566955090908,1.3065315509060358
1316,0.405208937164665,-0.1723352651467385,-0.4134471866394817
1317,-0.9200371683307537,2.9446526758370055,1.9438099340360173
1318,-0.9200371683307537,-0.43208426022871715,-0.19603108016251103
1319,-0.46448381956670354,-0.6918332553106957,-0.5229920327706559
1320,-0.8993301979323878,-0.43208426022871715,-0.22334515437696942
1321,-0.9096836831315708,0.08741372993524014,-0.23484095742687452
1323,0.4466228779613968,-0.6918332553106957,-0.6961331387461847
1324,-0.4541303343675206,0.08741372993524014,1.3966570309413613
1325,-0.847562771936473,0.3471627250172188,1.6556588586922356
1326,-0.13317229319284885,-0.43208426022871715,-0.4839917129858874
1327,1.4819713978796927,-0.6918332553106957,-0.6722412589135505
1328,1.3473760902903142,-0.6918332553106957,-0.5052173975328508
1329,-0.5680186715585331,-0.43208426022871715,-0.38286096366533656
1330,-0.16423274879039773,-0.43208426022871715,-0.40441559438390867
1331,1.5337388238756076,-0.43208426022871715,0.013594195934252621
1332,1.8132829242535473,-0.6918332553106957,-0.6944306980334728
1334,-0.7336744347454605,-0.43208426022871715,-0.5131467315642612
1335,-0.5266047307618013,-0.6918332553106957,-0.4699913022433824
1336,-0.7336744347454605,1.9056566955090908,1.9453681001120584
1337,1.2956086642943994,-0.1723352651467385,-0.12208167239068171
1338,0.8607622859287152,-0.43208426022871715,-0.5959719149840594
1339,-0.03999092640020223,0.08741372993524014,0.6485699558629725
1340,-0.20564668958712956,-0.43208426022871715,0.17873094506730233
1341,1.9168177762453769,-0.6918332553106957,-0.6922434945415481
1342,-0.5369582159609843,0.08741372993524014,-0.43122182187728675
1343,0.07389741079081032,-0.6918332553106957,-0.5530184701545194
1344,-0.8268558015381071,0.08741372993524014,-0.5027820416658528
1345,-0.599079127156082,-0.6918332553106957,-0.6853644798650987
1346,-0.3195350267781421,-0.1723352651467385,1.0966234965213981
1347,2.1342409654282193,0.08741372993524014,-0.43003299887112184
1348,-0.050344411599385186,0.08741372993524014,-0.4401264524525898
1349,-0.847562771936473,0.866660715181176,0.1724751968212697
1350,-0.5162512455626184,-0.43208426022871715,-0.3475771585212001
1351,-0.8268558015381071,5.5421426266567915,1.9774028404383757
1352,-0.2470606303838614,-0.6918332553106957,-0.5015989896451547
1353,2.4862594622004397,-0.6918332553106957,-0.6488976227002642
1354,-0.6197860975544479,0.6069117200991975,0.42260701990964195
1355,-0.9200371683307537,2.9446526758370055,1.9229016536897288
1356,-0.9200371683307537,2.425154685673048,1.9406070371019322
1357,-0.23670714518467845,-0.43208426022871715,-0.2704710216990202
1358,-0.8889767127332048,4.503146646328877,5.786830347086151
1359,1.150659871505838,-0.43208426022871715,-0.17893742120979075
1360,0.16707877758345693,-0.6918332553106957,-0.5693330460692192
1361,-0.7543814051438263,0.08741372993524014,-0.35818422980921494
1362,1.3163156346927654,-0.6918332553106957,-0.6559670798971184
1363,-0.3195350267781421,0.866660715181176,-0.33161461271997633
1364,-0.9200371683307537,-0.6918332553106957,-0.6700309714797585
1365,-0.7647348903430093,-0.43208426022871715,-0.49362925871547647
1366,1.5337388238756076,-0.6918332553106957,-0.5735804913727985
1367,0.042836955193261445,-0.6918332553106957,-0.6753922169784341
1368,-0.8268558015381071,0.6069117200991975,0.4336122891948672
1369,0.156725292384274,0.6069117200991975,0.33689634375643374
1370,-0.3920094231724228,1.3861587053451334,0.5303744025170355
1371,-0.008930470802653351,-0.6918332553106957,-0.14518869819982833
1372,-0.6197860975544479,0.3471627250172188,-0.18333491213550746
1373,-0.8165023163389241,0.6069117200991975,0.2698836605157217
1374,-0.9096836831315708,0.08741372993524014,0.2984962064602144
1375,-0.9200371683307537,3.4641506660009624,0.3941098936744855
1376,-0.4955442751642524,-0.6918332553106957,-0.6651544887602957
1377,-0.8993301979323878,-0.6918332553106957,-0.7110569071633807
1378,1.616566705469071,-0.43208426022871715,-0.3980040295302718
1379,-0.5058977603634354,1.3861587053451334,1.2181027405979556
1380,0.8918227415262641,-0.6918332553106957,-0.3687047363152275
1381,0.011776499595712567,-0.1723352651467385,-0.19098146787904374
1382,0.19813923318100582,0.08741372993524014,-0.15693842461027357
1383,-0.6404930679528138,0.3471627250172188,0.5252324544660991
1384,-0.6715535235503627,1.645907700427112,1.1708729955375021
1385,-0.40236290837160577,-0.1723352651467385,0.129925720974407
1386,0.9642971379205447,-0.1723352651467385,-0.2287352548029791
1387,-0.4955442751642524,0.3471627250172188,0.4189770700510123
1388,-0.43342336396915465,0.08741372993524014,0.081172435750713
1389,-0.7129674643470946,0.08741372993524014,-0.3154443114419472
1390,-0.16423274879039773,0.3471627250172188,1.0519329850663452
1391,-0.10211183759529997,-0.43208426022871715,-0.47968655782763975
1393,2.434492036204525,-0.6918332553106957,-0.6782142288717091
1394,-0.4955442751642524,1.9056566955090908,0.6110239244158427
1395,-0.6301395827536309,-0.43208426022871715,-0.24914723039912087
1396,0.9642971379205447,-0.6918332553106957,-0.6396351910260184
1397,1.4923248830788756,-0.43208426022871715,-0.6010561531803278
1398,-0.847562771936473,1.645907700427112,0.7310142542419609
1399,1.3370226050911314,-0.43208426022871715,0.21432638342664714
1400,0.2084927183801888,-0.1723352651467385,0.08771673327008665
1401,1.9375247466437429,-0.6918332553106957,-0.6840313822222635
1402,2.3516641546110613,-0.6918332553106957,-0.5883426721969237
1403,-0.8682697423348389,-0.1723352651467385,0.3358633373578729
1404,-0.9200371683307537,0.3471627250172188,0.8989095344281506
1405,1.7511620130584495,-0.43208426022871715,-0.2037180328043151
1406,-0.2781210859814103,0.3471627250172188,1.0258827566691207
1407,-0.847562771936473,1.3861587053451334,6.548865894037843
1408,0.5294507595548605,-0.6918332553106957,-0.6937093248501203
1409,-0.4127163935707887,-0.43208426022871715,-0.09153584631480427
1410,-0.857916257135656,1.1264097102631547,0.748015577427212
1411,0.664046067144239,-0.43208426022871715,-0.5702275488165762
1412,0.18778574798182285,-0.43208426022871715,-0.4569950429721042
1413,0.7468739487377026,-0.1723352651467385,0.11205874996913276
1414,2.4966129473996226,-0.6918332553106957,-0.47865355142907895
1415,1.399143516286229,-0.6918332553106957,-0.698141441688638
1416,-0.17458623398958067,-0.43208426022871715,-0.5102150709471167
1417,-0.4127163935707887,0.08741372993524014,-0.43980327726644786
1418,0.08425089598999327,-0.1723352651467385,-0.1167608237902738
1419,-0.7854418607413752,-0.1723352651467385,1.6702017420686215
1420,1.0988924455099232,-0.6918332553106957,-0.6856068612547053
1421,-0.9096836831315708,2.9446526758370055,1.389235543631031
1422,-0.6197860975544479,-0.43208426022871715,-0.4194432405395075
1423,-0.7233209495462775,0.08741372993524014,0.3393028446960975
1424,-0.6922604939487286,-0.1723352651467385,1.908283747502274
1425,-0.857916257135656,-0.1723352651467385,-0.6610282341515195
1426,1.2645482086968505,-0.6918332553106957,-0.5167709104374241
1427,-0.847562771936473,0.6069117200991975,-0.2370743288025338
1428,-0.8268558015381071,0.3471627250172188,0.5728200006254955
1429,-0.9200371683307537,1.9056566955090908,1.4780567809508551
1430,-0.857916257135656,1.3861587053451334,2.048622572084399
1431,-0.9096836831315708,0.08741372993524014,-0.15899289543646142
1432,-0.5266047307618013,-0.6918332553106957,-0.6670473719934126
1433,-0.7543814051438263,0.08741372993524014,-0.009657104511564483
1435,-0.857916257135656,1.3861587053451334,1.52559238824105
1437,0.2706136295752865,-0.6918332553106957,-0.3935372867789532
1438,1.3680830606886802,-0.6918332553106957,-0.5416727127267517
1439,-0.20564668958712956,-0.1723352651467385,0.30984196388798224
1440,-0.4127163935707887,-0.43208426022871715,0.44509077928837204
1441,-0.01928395600183631,0.6069117200991975,0.965864507814194
1442,-0.857916257135656,1.3861587053451334,0.5946804935738091
1443,1.5751527646723393,-0.6918332553106957,-0.5839105553584061
1444,-0.4541303343675206,0.6069117200991975,0.16708509639525987
1445,0.16707877758345693,-0.6918332553106957,-0.6937093248501203
1446,-0.4748373047658865,0.6069117200991975,0.6688953666771121
1447,-0.26776760078222733,-0.6918332553106957,-0.469460371580435
1448,1.2024272975017527,-0.43208426022871715,-0.48722923583277333
1449,-0.8268558015381071,0.3471627250172188,0.12043244988148834
1450,0.24990665917692062,-0.43208426022871715,-0.4137819037965572
1451,1.5647992794731564,-0.6918332553106957,-0.6568615826444757
1452,0.7468739487377026,-0.6918332553106957,-0.5831083883785181
1453,-0.7647348903430093,0.866660715181176,2.1310957253907215
1454,0.3430880259695672,-0.43208426022871715,-0.4959607368440717
1455,-0.7026139791479116,-0.1723352651467385,-0.263014908475889
1456,-0.23670714518467845,-0.6918332553106957,-0.5233498338695987
1457,-0.7647348903430093,1.1264097102631547,0.7099155313752675
1458,-0.7750883755421922,-0.43208426022871715,-0.4927289849826526
1459,-0.7647348903430093,0.08741372993524014,0.16900106357024414
1460,0.7261669783393367,-0.43208426022871715,-0.4235002433226818
1461,1.5751527646723393,-0.6918332553106957,-0.5843376082829507
1462,1.3266691198919482,-0.6918332553106957,-0.6852259762138951
1463,-0.4748373047658865,1.1264097102631547,0.49642946600120136
1464,-0.7233209495462775,0.08741372993524014,-0.3771361460822512
1465,0.3741484815671161,1.1264097102631547,-0.24938384080326048
1466,-0.5369582159609843,-0.6918332553106957,-0.7000689508345558
1467,0.31202757037201834,-0.43208426022871715,-0.17340881713257733
1468,1.7511620130584495,-0.6918332553106957,-0.5265988986874183
1469,-0.83720928673729,-0.6918332553106957,-0.6859184944699135
1470,1.896110805847011,-0.6918332553106957,-0.5996826586392247
1472,0.6847530375426049,0.08741372993524014,-0.1402949025239651
1473,1.2852551790952165,-0.6918332553106957,-0.7106760221225706
1474,-0.8786232275340219,-0.43208426022871715,-0.6685362862438522
1475,2.848631444171843,-0.6918332553106957,-0.6623151639106203
1476,-0.11246532279448293,-0.43208426022871715,-0.35828233656215086
1477,-0.4955442751642524,-0.6918332553106957,-0.6326696115675668
1478,-0.7440279199446435,-0.1723352651467385,-0.23654339813958639
1479,-0.6094326123552649,0.08741372993524014,0.46523728955304
1480,-0.7129674643470946,-0.6918332553106957,-0.6699328647268226
1481,0.18778574798182285,1.1264097102631547,1.382316132056314
1482,-0.857916257135656,3.2044016709189838,4.581848581614168
1483,2.372371125009427,-0.6918332553106957,-0.6735108757162509
1484,2.113533995029853,-0.6918332553106957,-0.704962746510419
1485,2.7658035625783794,-0.6918332553106957,-0.7187842567034525
1486,0.9746506231197277,-0.6918332553106957,-0.6142543969429447
1487,1.0367715343148254,-0.43208426022871715,-0.4068624922218403
1488,-0.4851907899650694,-0.43208426022871715,-0.5620731463519598
1489,-0.40236290837160577,-0.6918332553106957,-0.6459948170104538
1490,-0.6715535235503627,-0.6918332553106957,-0.4016570633307688
1491,-0.5473117011601671,-0.1723352651467385,-0.042921064742313955
1492,-0.847562771936473,-0.1723352651467385,-0.6463237631820625
1493,2.1342409654282193,-0.6918332553106957,-0.6807823174044438
1494,-0.599079127156082,-0.1723352651467385,0.25882645236129487
1495,-0.83720928673729,1.1264097102631547,1.0911641442697866
1496,-0.26776760078222733,-0.43208426022871715,-0.1607819009311755
1497,-0.83720928673729,1.3861587053451334,1.9221745095209093
1498,1.3163156346927654,-0.6918332553106957,-0.7237473042049175
1499,-0.9200371683307537,1.3861587053451334,1.261333192729903
1500,-0.26776760078222733,-0.43208426022871715,-0.48134283065661704
1501,-0.9096836831315708,3.98364865616492,0.744974268086198
1502,0.6019251559491412,-0.6918332553106957,-0.4313026156738222
1503,-0.8993301979323878,2.425154685673048,1.5751420694591654
1504,0.405208937164665,0.08741372993524014,0.08872665572678012
1505,-0.588725641956899,0.6069117200991975,0.08786677889222397
1506,0.29132059997365245,-0.6918332553106957,-0.6725009532595574
1507,0.16707877758345693,0.6069117200991975,0.48226169668015856
1508,-0.8268558015381071,0.866660715181176,0.7412635244310329
1509,-0.20564668958712956,0.6069117200991975,0.42554445151225334
1510,0.011776499595712567,1.3861587053451334,-0.12522685947009854
1511,2.2791897582167806,-0.6918332553106957,-0.14950539532900958
1512,-0.4955442751642524,-0.43208426022871715,-0.31857795655043036
1513,2.8072175033751114,-0.6918332553106957,-0.6921511587740788
1514,0.011776499595712567,0.866660715181176,0.10094383196003776
1515,-0.9303906535299367,2.425154685673048,2.6420818625648166
1516,-0.7129674643470946,-0.43208426022871715,-0.4800559008975162
1517,-0.8993301979323878,-0.1723352651467385,0.3550230091077147
1518,-0.8268558015381071,0.6069117200991975,-0.15235626214961862
1519,0.08425089598999327,-0.6918332553106957,-0.539323921641756
1520,-0.350595482375691,-0.43208426022871715,-0.2937165511593705
1521,-0.9303906535299367,0.6069117200991975,1.697579297123215
1522,1.3163156346927654,-0.6918332553106957,-0.6099146158718962
1523,-0.7543814051438263,-0.6918332553106957,-0.5770892505366251
1524,-0.6922604939487286,1.645907700427112,1.823404093256288
1525,-0.4230698787699717,-0.43208426022871715,-0.5532781645005264
1526,-0.8682697423348389,0.3471627250172188,-0.0445715665858245
1527,2.1963618766233166,-0.6918332553106957,-0.4915170780346204
1528,-0.83720928673729,0.6069117200991975,0.5386903925747231
1529,-0.7129674643470946,0.6069117200991975,0.029279734433068978
1530,0.08425089598999327,-0.6918332553106957,-0.7115647538844609
1531,2.848631444171843,-0.6918332553106957,-0.7266039420109933
1532,2.2274223322208657,-0.6918332553106957,-0.6868418521446046
1533,2.372371125009427,-0.6918332553106957,0.772836585920004
1534,-0.857916257135656,0.3471627250172188,0.5976525510892213
1535,-0.9303906535299367,0.08741372993524014,0.22554517917414493
1536,1.181720327103387,-0.43208426022871715,0.1545216610339931
1537,-0.3816559379732399,0.08741372993524014,0.05663420554579506
1538,-0.9303906535299367,0.08741372993524014,-0.1630210432923017
1539,-0.7440279199446435,0.3471627250172188,-0.09166280799507433
1540,-0.847562771936473,-0.43208426022871715,-0.5463472109548757
1541,-0.7440279199446435,0.08741372993524014,-0.23947505875673084
1542,0.9332366823229958,-0.1723352651467385,-0.4840782777678897
1543,-0.3195350267781421,-0.43208426022871715,-0.38058142440594267
1544,-0.8268558015381071,-0.43208426022871715,-0.6103532107673745
1545,1.0264180491156425,-0.6918332553106957,-0.693749721748388
1546,-0.8889767127332048,1.3861587053451334,1.0043454389069488
1547,2.2791897582167806,-0.6918332553106957,-0.6973796716070176
1548,0.664046067144239,-0.6918332553106957,0.29769981046579336
1549,0.19813923318100582,-0.1723352651467385,-0.5123041676861055
1550,0.5915716707499582,-0.1723352651467385,0.45071171913305447
1551,-0.25741411558304433,1.9056566955090908,0.3935558790696708
1552,0.07389741079081032,-0.1723352651467385,-0.4573182181582461
1553,1.616566705469071,-0.1723352651467385,-0.1520330869634766
1554,-0.6404930679528138,0.866660715181176,0.5484375870281817
1555,-0.7543814051438263,0.08741372993524014,-0.41741762464065374
1556,-0.8165023163389241,-0.43208426022871715,-0.4968090717076942
1557,0.13601832198590807,1.1264097102631547,0.3547863987035751
1558,-0.17458623398958067,-0.43208426022871715,-0.6277238770225022
1559,-0.46448381956670354,-0.6918332553106957,-0.4469073603761031
1560,-0.19529320438794662,-0.1723352651467385,-0.22865446100644363
1561,1.7201015574609007,-0.6918332553106957,-0.6384809939326545
1562,-0.7336744347454605,0.08741372993524014,-0.007192893717232423
1563,1.6890411018633518,-0.43208426022871715,-0.580453735063781
1564,-0.8268558015381071,-0.6918332553106957,-0.6019218010003508
1565,0.7675809191360685,-0.43208426022871715,-0.39563215450340883
1566,-0.7543814051438263,0.6069117200991975,0.4305652088683865
1567,1.9789386874404746,-0.6918332553106957,-0.6838409397018584
1568,-0.4230698787699717,-0.6918332553106957,-0.5771815863040941
1569,-0.5369582159609843,-0.6918332553106957,-0.6673070663394195
1570,-0.6612000383511797,0.6069117200991975,-0.07256084609990071
1571,-0.23670714518467845,-0.6918332553106957,-0.14876670918925666
1572,1.2024272975017527,-0.6918332553106957,-0.4955452258904607
1573,0.8711157711278982,-0.43208426022871715,-0.5662109429316695
1574,-0.8682697423348389,0.3471627250172188,0.6124031899424128
1575,-0.6715535235503627,-0.6918332553106957,-0.6824212772770207
1576,-0.4127163935707887,-0.43208426022871715,-0.6915163503727287
1577,2.2895432434159635,-0.43208426022871715,-0.4520146825142386
1578,2.2584827878184144,-0.6918332553106957,-0.4886258143157437
1579,-0.4955442751642524,0.3471627250172188,0.36660537693962214
1580,-0.6715535235503627,-0.1723352651467385,-0.2924411633712033
1581,-0.029637441201019268,-0.1723352651467385,-0.5570235340684924
1582,0.9642971379205447,-0.43208426022871715,-0.6179882245399771
1583,-0.7336744347454605,1.9056566955090908,0.6628589158788186
1584,-0.9096836831315708,0.6069117200991975,1.2818490460644476
1585,-0.4541303343675206,0.08741372993524014,-0.37442378291284595
1586,-0.7647348903430093,1.1264097102631547,2.6451751107750328
1587,-0.7647348903430093,0.3471627250172188,0.39825923222512905
1588,-0.6922604939487286,0.6069117200991975,0.03527001734762803
1589,-0.7129674643470946,-0.43208426022871715,-0.6034395701781243
1590,-0.8268558015381071,0.3471627250172188,-0.004186210289019267
1591,1.0057110787172765,-0.43208426022871715,-0.6040974625213419
1592,0.10495786638835919,-0.1723352651467385,-0.5000408235691133
1593,-0.30918154157895916,-0.1723352651467385,-0.1539201992111268
1594,-0.7543814051438263,0.6069117200991975,0.45015193354277305
1595,-0.599079127156082,-0.43208426022871715,-0.5722589357008968
1596,-0.2781210859814103,-0.6918332553106957,-0.6623324768670209
1597,-0.9200371683307537,-0.43208426022871715,-0.6067982837198136
1598,-0.6922604939487286,0.08741372993524014,-0.20055553276849789
1599,0.1774322627826399,-0.6918332553106957,-0.6238284618323989
1600,-0.6094326123552649,1.3861587053451334,0.3148742632150492
1601,-0.7336744347454605,1.3861587053451334,1.7371451734837318
1603,-0.5576651863593501,-0.6918332553106957,-0.5527703177794462
1604,-0.3195350267781421,-0.1723352651467385,-0.40513696756726114
1605,-0.6715535235503627,0.6069117200991975,0.9255772582703248
1606,1.5026783682780587,0.08741372993524014,-0.22461477117966974
1607,-0.6819070087495457,0.866660715181176,0.3622194279848391
1608,-0.9096836831315708,3.723899661082941,1.8034249415701578
1609,-0.3195350267781421,-0.1723352651467385,0.8899587359691128
1610,1.7511620130584495,-0.6918332553106957,-0.6638156201319936
1611,-0.34024199717650805,-0.6918332553106957,-0.5577679911937122
1612,-0.26776760078222733,-0.43208426022871715,-0.5389026397026782
1613,-0.7750883755421922,-0.43208426022871715,-0.4527822235813257
1614,-0.83720928673729,-0.1723352651467385,-0.18802095233456517
1615,-0.32988851197732505,1.1264097102631547,0.08055494030576331
1616,0.9850041083189107,-0.6918332553106957,-0.7033757255070435
1617,-0.6404930679528138,3.2044016709189838,1.3320970165240478
1618,-0.6922604939487286,-0.43208426022871715,0.40534600237838375
1619,-0.8889767127332048,0.3471627250172188,0.7248508417633973
1620,-0.8993301979323878,1.1264097102631547,1.549784359317959
1621,0.6226321263475071,-0.43208426022871715,-0.38623121917795933
1622,2.2791897582167806,-0.6918332553106957,-0.5960411668096613
1623,-0.8268558015381071,-0.43208426022871715,-0.3211229611412979
1624,-0.7543814051438263,-0.43208426022871715,-0.6554880881033724
1625,0.6329856115466901,-0.6918332553106957,-0.6676994933511633
1626,-0.7440279199446435,0.3471627250172188,-0.26707768224453016
1627,-0.83720928673729,0.08741372993524014,0.6111335731397123
1628,-0.350595482375691,-0.43208426022871715,-0.5759004275304601
1629,-0.06069789679856814,-0.6918332553106957,-0.30798819821881596
1630,-0.8682697423348389,4.762895641410855,0.5284526643565846
1631,-0.15387926359121476,-0.1723352651467385,-0.13925612513993754
1632,-0.8993301979323878,3.723899661082941,2.1656812412933726
1633,0.0531904403924444,0.08741372993524014,1.0255364975411112
1634,0.2084927183801888,-0.6918332553106957,0.06344396839664244
1635,-0.350595482375691,-0.43208426022871715,0.12020738144828244
1636,-0.9303906535299367,-0.6918332553106957,-0.6317347119219421
1637,1.9685852022412917,-0.43208426022871715,-0.637119041362485
1638,-0.9096836831315708,0.866660715181176,0.8718666965306326
1639,0.922883197123813,1.3861587053451334,0.19122512860296734
1641,-0.8061488311397411,0.08741372993524014,-0.26682375888399
1642,-0.9096836831315708,-0.6918332553106957,-0.6656450225249754
1643,-0.7647348903430093,-0.6918332553106957,-0.6829752918818355
1644,-0.5162512455626184,-0.6918332553106957,-0.6971084352900773
1645,-0.8786232275340219,0.3471627250172188,-0.15553607514183632
1646,0.8089948599328004,0.08741372993524014,-0.16147441918719393
1647,-0.4230698787699717,-0.6918332553106957,-0.6723278236955528
1648,1.92717126144456,-0.6918332553106957,-0.6259810394115226
1649,-0.7440279199446435,1.3861587053451334,0.16105441658243325
1651,-0.7854418607413752,0.08741372993524014,0.07218124039340773
1652,-0.578372156757716,-0.1723352651467385,-0.43374951351175384
1653,-0.7129674643470946,-0.1723352651467385,-0.40632001958795916
1654,-0.8682697423348389,-0.43208426022871715,-0.5437618094657405
1655,-0.7336744347454605,0.6069117200991975,0.24153657990270258
1656,-0.8268558015381071,-0.43208426022871715,-0.2532965689497644
1657,-0.4851907899650694,-0.6918332553106957,-0.6348625860449584
1658,2.2274223322208657,-0.6918332553106957,-0.5359709790855336
1659,-0.8268558015381071,-0.6918332553106957,-0.639485145403881
1660,1.906464291046194,-0.6918332553106957,-0.382076109641849
1663,-0.8993301979323878,0.08741372993524014,0.2672463201573851
1664,-0.19529320438794662,0.08741372993524014,-0.4158017487099442
1665,1.5751527646723393,-0.1723352651467385,-0.5286129726153384
1666,-0.847562771936473,-0.1723352651467385,-0.4435717307762812
1667,1.6062132202698882,-0.6918332553106957,-0.5353303996987167
1668,1.1920738123025698,-0.43208426022871715,-0.5247464123525691
1669,-0.9303906535299367,0.3471627250172188,0.2690988064922343
1670,0.9746506231197277,-0.6918332553106957,-0.5779548983566479
1671,-0.6094326123552649,0.3471627250172188,-0.24977626781500425
1672,-0.350595482375691,-0.43208426022871715,-0.6326234436838324
1673,1.0885389603107403,-0.43208426022871715,-0.24378598490044526
1674,-0.6922604939487286,0.08741372993524014,0.8478767099450625
1675,0.001423014396529608,-0.43208426022871715,-0.3751740110235325
1676,-0.8993301979323878,-0.43208426022871715,-0.20951787319846907
1677,-0.4127163935707887,-0.1723352651467385,-0.1818344559141343
1678,1.7822224686559984,-0.6918332553106957,-0.6968487409440703
1679,1.8132829242535473,-0.6918332553106957,-0.5639198617013421
1680,-0.5680186715585331,-0.43208426022871715,-0.4110176017579505
1681,-0.4127163935707887,-0.6918332553106957,-0.5069602351438303
1682,-0.40236290837160577,0.6069117200991975,0.9593836911349554
1683,-0.6922604939487286,0.6069117200991975,0.4634194291309917
1684,-0.7129674643470946,-0.6918332553106957,-0.6992148449854664
1685,-0.32988851197732505,-0.6918332553106957,-0.7074904381448861
1686,0.8193483451319833,-0.43208426022871715,-0.3625644077785311
1687,-0.23670714518467845,-0.43208426022871715,-0.2835307618104335
1688,0.6847530375426049,-0.43208426022871715,-0.4183813792136126
1690,1.1403063863066552,-0.6918332553106957,-0.6225992419279662
1691,-0.8889767127332048,0.08741372993524014,0.054954848774950445
1692,-0.2470606303838614,-0.43208426022871715,-0.38519244179393175
1693,-0.14352577839203182,-0.6918332553106957,-0.6970680383918094
1694,-0.9303906535299367,0.866660715181176,0.36096712413853915
1695,-0.857916257135656,0.08741372993524014,0.3521259744033712
1696,0.8089948599328004,-0.43208426022871715,-0.5949966184401669
1697,-0.7543814051438263,0.08741372993524014,-0.273454621185366
1698,-0.8889767127332048,-0.43208426022871715,-0.620331244639506
1699,-0.847562771936473,1.3861587053451334,0.6970577757551928
1700,-0.03999092640020223,-0.43208426022871715,-0.5980610117230483
1701,-0.6612000383511797,-0.6918332553106957,-0.7006633623376382
1702,-0.6404930679528138,0.08741372993524014,-0.3179200642072129
1703,-0.7336744347454605,-0.43208426022871715,-0.3948357585089877
1704,-0.30918154157895916,0.3471627250172188,0.2964186516921593
1705,-0.6922604939487286,-0.6918332553106957,-0.650282659212301
1706,-0.8268558015381071,5.5421426266567915,4.570121939145591
1707,1.5647992794731564,-0.1723352651467385,-0.030051767151305742
1708,1.9582317170421089,-0.43208426022871715,-0.5254677855359215
1709,1.4923248830788756,-0.43208426022871715,-0.3211633580395657
1710,-0.9096836831315708,0.3471627250172188,0.23911276600663836
1711,-0.7750883755421922,-0.6918332553106957,-0.41396080434602867
1712,-0.6197860975544479,0.6069117200991975,0.7076244501449401
1714,-0.20564668958712956,-0.1723352651467385,-0.4750178305849825
1716,-0.6715535235503627,0.3471627250172188,-0.04950575915995544
1717,0.16707877758345693,-0.6918332553106957,-0.4003239656879334
1718,-0.857916257135656,4.503146646328877,2.486605743103224
1719,1.2231342679001187,-0.6918332553106957,-0.6978644343862306
1720,-0.4851907899650694,-0.43208426022871715,-0.5484536206502649
1721,-0.6197860975544479,0.3471627250172188,0.4572156197541604
1722,0.4776833335589457,0.08741372993524014,-0.42157850516223083
1723,1.8029294390543644,-0.6918332553106957,-0.6631808117306432
1724,-0.8993301979323878,0.866660715181176,0.43679787317255175
1725,1.3163156346927654,-0.43208426022871715,-0.6541145935622694
1726,-0.9200371683307537,0.3471627250172188,-0.0411493722040003
1727,1.2749016938960336,-0.6918332553106957,-0.6999823860525534
1728,-0.6094326123552649,-0.1723352651467385,0.5270272309462801
1729,-0.8268558015381071,1.3861587053451334,0.7082765715026906
1730,-0.9303906535299367,3.4641506660009624,1.1369280590216677
1731,-0.7854418607413752,-0.6918332553106957,-0.5793457058541515
1732,-0.8268558015381071,1.3861587053451334,0.12975836239586924
1733,1.1195994159082892,-0.6918332553106957,-0.6596605105958833
1734,-0.9096836831315708,-0.1723352651467385,-0.11293466042577233
1735,-0.7854418607413752,2.425154685673048,2.076963881711951
1736,-0.7957953459405582,0.08741372993524014,-0.4131644083516075
1737,-0.83720928673729,1.9056566955090908,0.8926191602693169
1738,-0.6404930679528138,-0.1723352651467385,-0.23372138624631145
1739,-0.847562771936473,1.9056566955090908,0.775791330479016
1740,-0.6922604939487286,-0.6918332553106957,-0.6705157342589714
1741,-0.6819070087495457,0.08741372993524014,-0.2623974130309392
1742,-0.4955442751642524,-0.43208426022871715,-0.5727033015818419
1743,-0.9200371683307537,0.3471627250172188,0.16162574414364841
1744,-0.8786232275340219,-0.1723352651467385,-0.3798773641789907
1745,0.5812181855507753,-0.6918332553106957,-0.65451279155948
1746,-0.83720928673729,0.6069117200991975,-0.09450790383021654
1747,-0.6819070087495457,-0.6918332553106957,-0.3485582260505594
1748,1.896110805847011,-0.6918332553106957,-0.6079640227841112
1750,-0.9303906535299367,1.1264097102631547,0.39415606155822003
1751,-0.4541303343675206,-0.1723352651467385,-0.5436521607418708
1752,-0.857916257135656,1.1264097102631547,0.7966419009706361
1753,-0.7750883755421922,2.1654056905910695,4.769053579172337
1755,-0.8993301979323878,-0.1723352651467385,-0.09090103791345415
1756,-0.4955442751642524,0.866660715181176,-0.004393965765824724
1757,-0.8993301979323878,0.866660715181176,1.4890389662942134
1758,1.0988924455099232,-0.1723352651467385,0.07279873583835743
1759,-0.8165023163389241,0.6069117200991975,0.045173028408690794
1760,-0.7750883755421922,0.866660715181176,-0.1281642910727098
1761,0.2291996887785547,0.3471627250172188,-0.05875087787780081
1762,1.637273675867437,-0.6918332553106957,-0.5735574074309312
1763,-0.6404930679528138,0.3471627250172188,0.05406611701306021
1764,-0.4851907899650694,-0.6918332553106957,-0.5381004727227902
1765,-0.03999092640020223,-0.6918332553106957,-0.43796810388799917
1766,-0.4748373047658865,-0.43208426022871715,-0.39474342274151863
1767,-0.83720928673729,1.9056566955090908,2.128464156017851
1768,-0.7854418607413752,-0.6918332553106957,-0.33650840839583956
1769,-0.16423274879039773,-0.6918332553106957,-0.5202912115721842
1770,0.5605112151524093,0.08741372993524014,0.09348771873690649
1771,-0.8889767127332048,-0.1723352651467385,0.17538377349654685
1772,2.1342409654282193,-0.6918332553106957,-0.7114839600879254
1773,-0.32988851197732505,-0.43208426022871715,-0.6152816323560386
1774,1.7925759538551815,-0.6918332553106957,-0.5895314952030886
1775,-0.4541303343675206,-0.6918332553106957,-0.6023546249103623
1776,-0.6404930679528138,-0.1723352651467385,-0.6163146387545994
1777,-0.857916257135656,0.6069117200991975,0.6644170819548598
1778,-0.7647348903430093,-0.43208426022871715,-0.6518119703610084
1779,-0.9096836831315708,1.1264097102631547,5.397421560741549
1780,1.4612644274813267,-0.43208426022871715,-0.25718044216893415
1781,0.21884620357937173,-0.6918332553106957,-0.6825944068410252
1782,-0.34024199717650805,-0.1723352651467385,-0.17899513106445897
1783,-0.4127163935707887,1.9056566955090908,0.7018880905909212
1784,0.3741484815671161,-0.43208426022871715,-0.34118290662396367
1785,1.9685852022412917,-0.1723352651467385,-0.5401145466507103
1786,-0.3713024527740569,-0.43208426022871715,-0.5046056730733678
1787,2.372371125009427,-0.6918332553106957,-0.6474837312608934
1788,-0.6715535235503627,-0.43208426022871715,-0.5956083428996498
1789,-0.83720928673729,-0.43208426022871715,-0.7182937229387727
1790,-0.8682697423348389,-0.43208426022871715,-0.3708573138943513
1791,-0.6404930679528138,-0.6918332553106957,-0.6489033936857311
1792,-0.7647348903430093,0.08741372993524014,-0.3329881072610795
1794,-0.7233209495462775,-0.6918332553106957,-0.6308113542472509
1795,-0.9096836831315708,0.866660715181176,-0.001243007700941071
1796,0.7779344043352515,-0.6918332553106957,-0.6871015464906115
1797,-0.9303906535299367,3.4641506660009624,3.8668061693187896
1798,-0.3920094231724228,-0.1723352651467385,-0.6626960489514304
1799,-0.4127163935707887,-0.6918332553106957,-0.6719527096402095
1800,-0.4437768491683376,2.1654056905910695,1.7414964965257138
1801,-0.30918154157895916,-0.6918332553106957,-0.6515003371458
1802,0.7365204635385196,-0.1723352651467385,-0.274995474305007
1803,-0.847562771936473,-0.6918332553106957,-0.559089546865614
1804,-0.7854418607413752,0.08741372993524014,-0.442873441534796
1805,-0.16423274879039773,-0.6918332553106957,-0.6513560625091295
1806,-0.5266047307618013,1.1264097102631547,0.8189640727562952
1807,-0.5162512455626184,1.9056566955090908,0.441951363194422
1809,-0.5576651863593501,-0.43208426022871715,-0.31368993186003397
1810,1.0988924455099232,-0.6918332553106957,-0.6060769105364611
1811,1.129952901107472,-0.43208426022871715,-0.12218555012908451
1812,-0.17458623398958067,-0.1723352651467385,-0.38334572644454945
1813,-0.2781210859814103,-0.43208426022871715,-0.605949948856191
1814,-0.7233209495462775,0.08741372993524014,-0.4702048287056548
1816,0.922883197123813,-0.1723352651467385,-0.5774643645919683
1817,-0.83720928673729,0.08741372993524014,-0.11216134837321838
1818,-0.8993301979323878,2.1654056905910695,0.5221853741396181
1819,1.0988924455099232,-0.1723352651467385,0.4718912357962834
1820,-0.6404930679528138,0.08741372993524014,-0.3604060592139406
1821,-0.3920094231724228,-0.6918332553106957,-0.6491977139445388
1822,-0.7543814051438263,0.6069117200991975,0.22982147940505834
1823,-0.83720928673729,-0.1723352651467385,-0.703837404344389
1824,-0.008930470802653351,0.08741372993524014,0.18896290229997392
1825,1.8339898946519133,-0.6918332553106957,-0.7266905067929957
1826,-0.3920094231724228,0.6069117200991975,1.1390171557606568
1827,-0.4851907899650694,0.08741372993524014,0.8671633433751744
1828,-0.2781210859814103,0.08741372993524014,1.0778735647397004
1829,0.6019251559491412,-0.6918332553106957,-0.5844068601085526
1830,-0.7129674643470946,5.5421426266567915,3.813741957951381
1831,2.2895432434159635,-0.6918332553106957,-0.5749712988703021
1832,-0.7026139791479116,-0.43208426022871715,-0.4678618086061259
1833,-0.34024199717650805,0.6069117200991975,0.8740885259353582
1834,-0.6922604939487286,-0.43208426022871715,-0.4883776619406705
1835,-0.13317229319284885,0.866660715181176,0.8297327316373809
1836,0.29132059997365245,-0.43208426022871715,-0.3903574737867355
1837,-0.5680186715585331,-0.1723352651467385,-0.006165658304138508
1838,-0.3195350267781421,-0.43208426022871715,-0.08595530336838958
1839,-0.8061488311397411,0.08741372993524014,0.0182802361333104
1840,-0.7440279199446435,-0.6918332553106957,-0.6646697259810829
1841,-0.40236290837160577,-0.6918332553106957,-0.6903679242648316
1842,-0.6715535235503627,-0.43208426022871715,-0.2775058529830736
1843,-0.6404930679528138,-0.6918332553106957,-0.6090143421390724
1846,0.9850041083189107,-0.1723352651467385,-0.3530595947146789
1847,-0.9096836831315708,1.1264097102631547,0.9415513460424823
1848,-0.847562771936473,-0.43208426022871715,-0.3441607351248427
1849,1.7718689834568155,-0.6918332553106957,-0.5741056510502791
1850,-0.9096836831315708,0.08741372993524014,-0.4614964116362236
1851,1.2334877530993016,-0.6918332553106957,-0.46305457771226505
1852,0.1774322627826399,-0.43208426022871715,0.08267289197208624
1853,-0.8061488311397411,1.3861587053451334,0.09434182458599584
1854,-0.14352577839203182,-0.1723352651467385,-0.35541992777060816
1855,-0.7336744347454605,-0.6918332553106957,-0.6155701816293796
1856,-0.6612000383511797,-0.43208426022871715,-0.4226461374735925
1857,-0.7440279199446435,0.6069117200991975,-0.3234486682844263
1858,0.4259159075630309,-0.6918332553106957,-0.3212960907053025
1859,1.6786876166641689,-0.6918332553106957,-0.5524356006223706
1860,-0.12281880799366589,-0.6918332553106957,0.31159634346989545
1861,1.2024272975017527,-0.6918332553106957,-0.5498963670169699
1862,2.5380268881963546,-0.6918332553106957,-0.6845334579578767
1863,1.6890411018633518,-0.6918332553106957,-0.690448718061367
1864,0.5915716707499582,-0.43208426022871715,-0.4430292581424002
1865,-0.83720928673729,-0.43208426022871715,-0.04859971444166463
1866,-0.06069789679856814,-0.6918332553106957,-0.38452877846524747
1867,-0.857916257135656,4.243397651246899,5.665172202460122
1868,1.181720327103387,-0.43208426022871715,-0.4924346647238448
1869,-0.857916257135656,0.08741372993524014,0.025574761763370733
1870,-0.7026139791479116,0.6069117200991975,-0.010701652881058843
1871,-0.8268558015381071,1.3861587053451334,0.057263242961678375
1872,-0.6715535235503627,-0.6918332553106957,-0.5709835479127295
1873,-0.7233209495462775,0.3471627250172188,0.8590493378088259
1874,-0.9200371683307537,-0.43208426022871715,-0.17118121674238485
1875,0.6951065227417879,-0.43208426022871715,-0.407381880913854
1876,-0.9096836831315708,0.866660715181176,1.257518571336335
1877,-0.17458623398958067,-0.6918332553106957,-0.6026431741837033
1878,-0.9096836831315708,0.08741372993524014,-0.5122983967006387
1880,-0.7647348903430093,-0.43208426022871715,-0.2621261767139987
1881,-0.5680186715585331,0.08741372993524014,-0.05461308129809094
1882,0.001423014396529608,-0.43208426022871715,-0.585514889318182
1883,-0.20564668958712956,0.08741372993524014,-0.030634636683454543
1884,0.26026014437610356,-0.43208426022871715,0.16625407448803792
1885,1.2645482086968505,-0.43208426022871715,-0.19869150446271505
1886,-0.6301395827536309,-0.43208426022871715,-0.003459066120199973
1887,-0.4127163935707887,-0.6918332553106957,-0.3306566291324843
1888,1.6062132202698882,-0.6918332553106957,-0.5840317460532093
1889,-0.6094326123552649,-0.6918332553106957,-0.6337603278207957
1890,0.18778574798182285,-0.1723352651467385,0.6064129070278538
1891,-0.8889767127332048,0.3471627250172188,-0.03715585026096093
1892,2.848631444171843,-0.6918332553106957,-0.5531685157766568
1893,-0.09175835239611702,-0.43208426022871715,0.3282975754108721
1894,2.1342409654282193,-0.6918332553106957,0.26699239679684494
1895,-0.588725641956899,1.1264097102631547,3.9329012658702776
1896,-0.350595482375691,-0.1723352651467385,0.1730234404406176
1897,-0.6301395827536309,2.1654056905910695,2.6420645496084165
1898,-0.7957953459405582,-0.6918332553106957,-0.7047319070917462
1899,-0.19529320438794662,-0.43208426022871715,-0.5951293511059038
1900,-0.7026139791479116,0.6069117200991975,-0.12701586496481265
1901,-0.7440279199446435,-0.6918332553106957,-0.5487421699236059
1902,-0.12281880799366589,-0.6918332553106957,-0.5830853044366507
1903,-0.3195350267781421,1.9056566955090908,3.9112427574133024
1904,-0.6819070087495457,-0.6918332553106957,-0.5957064496525858
1905,-0.8165023163389241,-0.6918332553106957,-0.5689579320138758
1906,1.6786876166641689,-0.6918332553106957,-0.729206656456529
1907,0.5812181855507753,-0.1723352651467385,-0.4745965486459046
1908,-0.2781210859814103,0.08741372993524014,-0.3616352791183732
1909,-0.857916257135656,-0.43208426022871715,-0.6352665550276358
1910,-0.8268558015381071,1.3861587053451334,3.3025134393876794
1911,1.8650503502494622,-0.6918332553106957,-0.6898427645873509
1912,-0.83720928673729,0.3471627250172188,0.0956460673014971
1913,1.616566705469071,-0.6918332553106957,-0.6439576591406665
1914,0.0531904403924444,-0.43208426022871715,-0.41727912098945
1915,-0.7854418607413752,-0.6918332553106957,-0.6525506565007613
1916,-0.4230698787699717,-0.6918332553106957,-0.49530284450085427
1917,-0.6301395827536309,-0.6918332553106957,-0.6777871759471644
1918,-0.23670714518467845,0.08741372993524014,0.15581436177856073
1919,-0.578372156757716,-0.1723352651467385,-0.11859022618325574
1920,0.38450196676629905,-0.6918332553106957,-0.696727550249267
1921,0.16707877758345693,-0.1723352651467385,-0.004393965765824724
1922,-0.5576651863593501,-0.6918332553106957,-0.6969468476970061
1923,-0.350595482375691,-0.6918332553106957,-0.6014081832938037
1924,-0.350595482375691,0.866660715181176,-0.30655699382304463
1925,-0.19529320438794662,0.3471627250172188,0.35165852458055885
1926,1.6062132202698882,-0.6918332553106957,-0.7040278468647942
1927,-0.7440279199446435,-0.43208426022871715,-0.6398833434010917
1928,1.1092459307091063,-0.43208426022871715,-0.5917071567240797
1929,-0.7750883755421922,-0.43208426022871715,-0.5745961848149589
1930,1.2541947234976676,-0.6918332553106957,-0.5698986026449675
1931,-0.5369582159609843,-0.43208426022871715,-0.6283644564093193
1932,-0.46448381956670354,-0.1723352651467385,-0.44774992425425886
1933,0.8193483451319833,-0.43208426022871715,-0.5148837981897739
1934,-0.4437768491683376,-0.6918332553106957,-0.47988277133351165
1935,0.26026014437610356,0.08741372993524014,0.18449615954865536
1936,0.5812181855507753,-0.6918332553106957,-0.043711689751268344
1937,-0.7750883755421922,6.3213896119027275,2.8823222165630598
1938,-0.4127163935707887,-0.6918332553106957,-0.47320574114840114
1939,0.7054600079409707,-0.6918332553106957,-0.6724086174920882
1940,-0.8165023163389241,-0.1723352651467385,-0.03478974621956485
1941,-0.5680186715585331,-0.6918332553106957,-0.5846723254400262
1942,-0.3816559379732399,-0.43208426022871715,-0.5188253812636119
1943,-0.4955442751642524,-0.43208426022871715,-0.6128174215617066
1944,0.8504088007295322,-0.6918332553106957,-0.6648313135741538
1945,-0.588725641956899,-0.6918332553106957,-0.6904891149596348
1946,-0.5369582159609843,-0.1723352651467385,-0.47659908060289113
1947,1.8236364094527302,-0.6918332553106957,-0.6094529370345506
1948,-0.847562771936473,1.3861587053451334,0.34207868870563785
1949,-0.8165023163389241,0.08741372993524014,-0.24066388176289574
1950,-0.9096836831315708,1.9056566955090908,3.1629017589743738
1951,-0.83720928673729,1.645907700427112,0.19578997810722173
1952,-0.599079127156082,-0.6918332553106957,-0.5453892273673836
1953,-0.11246532279448293,-0.1723352651467385,-0.49230193205810796
1954,-0.6197860975544479,0.08741372993524014,-0.1476875349069614
1955,-0.857916257135656,0.08741372993524014,-0.40104533887128585
1956,-0.19529320438794662,-0.43208426022871715,-0.46386251567761977
1957,-0.8993301979323878,0.08741372993524014,-0.3773785274718577
1958,1.7097480722617178,-0.1723352651467385,2.0989282523986676
1959,-0.8889767127332048,1.645907700427112,0.7298023472939287
1960,-0.7750883755421922,1.1264097102631547,1.7235314187675037
1961,-0.008930470802653351,-0.6918332553106957,-0.6171110347490205
1962,-0.19529320438794662,-0.1723352651467385,-0.4942929220441608
1963,-0.32988851197732505,0.6069117200991975,-0.3558238967532856
1965,0.8193483451319833,-0.6918332553106957,-0.6588814275578626
1966,1.1195994159082892,-0.6918332553106957,-0.6845161450014763
1967,-0.6197860975544479,-0.6918332553106957,-0.45305923088373307
1968,-0.7440279199446435,3.4641506660009624,3.680830391665054
1969,0.6329856115466901,-0.43208426022871715,-0.33841283359989016
1970,-0.847562771936473,2.9446526758370055,2.245897939282168
1971,1.854696865050279,-0.6918332553106957,-0.564658547841095
1972,-0.26776760078222733,0.08741372993524014,-0.5413264535987425
1973,1.896110805847011,-0.6918332553106957,-0.6930341195505023
1974,-0.6819070087495457,-0.1723352651467385,0.2654803986045381
1975,-0.7026139791479116,-0.1723352651467385,0.04013495809615706
1976,2.362017639810244,-0.6918332553106957,-0.6384348260489199
1977,-0.8889767127332048,-0.1723352651467385,-0.3602675555627369
1978,-0.8165023163389241,-0.43208426022871715,-0.588619679499331
1979,1.906464291046194,-0.43208426022871715,0.09662713483085651
1980,-0.6819070087495457,1.9056566955090908,0.4633674902617905
1981,-0.5162512455626184,1.3861587053451334,0.00903511741546503
1982,-0.857916257135656,0.08741372993524014,-0.5880483519381159
1984,-0.20564668958712956,0.08741372993524014,-0.19286858012669383
1985,1.2645482086968505,-0.6918332553106957,-0.5489730093422788
1986,-0.5473117011601671,0.08741372993524014,1.0595910827808153
1987,-0.3920094231724228,-0.6918332553106957,-0.24727166012240442
1988,-0.13317229319284885,-0.1723352651467385,0.24393730985689968
1989,-0.46448381956670354,-0.43208426022871715,-0.4436178986600158
1990,0.91252971192463,-0.6918332553106957,-0.12265299995189688
1992,0.03248346999407848,-0.43208426022871715,-0.19620998071198248
1993,-0.83720928673729,-0.1723352651467385,-0.1608107558585096
1994,0.14637180718509102,-0.6918332553106957,-0.33078936179822116
1995,-0.13317229319284885,-0.6918332553106957,-0.31684666091038444
1996,0.8504088007295322,-0.6918332553106957,-0.2546238956071329
1998,1.2645482086968505,0.08741372993524014,-0.24610592105810683
1999,-0.7129674643470946,0.3471627250172188,-0.47164180408689294
2000,1.7201015574609007,-0.6918332553106957,-0.7120610586346073
2001,1.9789386874404746,-0.6918332553106957,-0.5858265225333902
2002,-0.7233209495462775,-0.43208426022871715,-0.09348643940258944
2003,-0.83720928673729,0.6069117200991975,0.6341020952976554
2004,2.2481293026192315,-0.6918332553106957,-0.5429019326311844
2005,-0.23670714518467845,-0.6918332553106957,-0.48554410807646187
2006,1.2852551790952165,-0.43208426022871715,-0.4987596647954794
2007,-0.7543814051438263,0.6069117200991975,1.889972410616055
2008,0.13601832198590807,0.08741372993524014,0.028010117630368588
2009,-0.4955442751642524,-0.6918332553106957,-0.6363515002953979
2010,-0.8993301979323878,-0.6918332553106957,-0.6197945429910918
2012,-0.0710513819977511,-0.6918332553106957,-0.5260737390099376
2013,2.5173199177979884,-0.1723352651467385,-0.2574228235585405
2014,-0.847562771936473,-0.43208426022871715,-0.579715048924028
2015,-0.6197860975544479,-0.43208426022871715,-0.3570531166577182
2016,1.0988924455099232,-0.43208426022871715,-0.1700270196490209
2017,-0.7543814051438263,0.866660715181176,0.5637480114716545
2018,-0.7543814051438263,0.3471627250172188,0.05797307417409723
2019,2.2791897582167806,0.6069117200991975,-0.5785781647870645
2020,0.5294507595548605,0.08741372993524014,-0.01258876512870892
2021,1.6062132202698882,-0.6918332553106957,-0.48309721023853025
2022,-0.6922604939487286,0.08741372993524014,-0.1881132881020343
2023,-0.6404930679528138,-0.1723352651467385,0.14162927950111762
2024,-0.83720928673729,-0.1723352651467385,1.319977947043726
2025,-0.6301395827536309,1.645907700427112,0.8301540135764588
2026,-0.7543814051438263,-0.6918332553106957,-0.5666841637399488
2027,-0.7543814051438263,0.08741372993524014,0.017708908572095228
2028,-0.7854418607413752,0.3471627250172188,0.13256883231821046
2029,0.4466228779613968,-0.6918332553106957,-0.6216874262242087
2030,1.6062132202698882,-0.6918332553106957,-0.6092220976158778
2031,0.4466228779613968,-0.6918332553106957,-0.5558866499315289
2032,-0.4230698787699717,-0.43208426022871715,-0.4988116036646807
2033,0.23955317397773765,-0.1723352651467385,0.17989091314613312
2034,-0.8682697423348389,-0.43208426022871715,0.5062574542511954
2035,-0.7026139791479116,-0.43208426022871715,-0.6566653691386037
2036,-0.6819070087495457,2.9446526758370055,5.8901079030003585
2037,-0.25741411558304433,-0.6918332553106957,-0.5283532782693315
2038,-0.3195350267781421,0.08741372993524014,0.08595081171723981
2039,-0.4230698787699717,1.9056566955090908,1.2265283793795125
2040,0.8193483451319833,-0.6918332553106957,-0.5724551492067687
2041,-0.7543814051438263,0.3471627250172188,-0.1985991686952459
2042,0.38450196676629905,-0.1723352651467385,-0.19600799622064385
2043,-0.7854418607413752,1.1264097102631547,0.038045861357168344
2044,1.5337388238756076,-0.6918332553106957,-0.6827155975358286
2045,-0.9096836831315708,0.08741372993524014,-0.020408450436249774
2046,1.5440923090747904,-0.43208426022871715,-0.6596835945377505
2047,-0.40236290837160577,0.866660715181176,0.595673103074102
2048,-0.46448381956670354,-0.6918332553106957,-0.47513902127978574
2049,1.399143516286229,-0.6918332553106957,-0.6132329325153176
2050,-0.857916257135656,3.4641506660009624,3.0346012100760347
2051,-0.8993301979323878,0.08741372993524014,-0.07348420377459183
2052,0.7675809191360685,-0.43208426022871715,0.002940956762503311
2053,1.5440923090747904,-0.6918332553106957,-0.40314020659574146
2054,-0.8268558015381071,-0.6918332553106957,-0.5890871293221435
2055,0.4466228779613968,-0.6918332553106957,-0.46240822733998116
2056,-0.7647348903430093,1.645907700427112,2.3040117629330443
2057,-0.83720928673729,2.425154685673048,1.975769651551265
2058,-0.6197860975544479,-0.6918332553106957,-0.5729514539569152
2059,-0.16423274879039773,-0.6918332553106957,-0.5918975992444847
2060,-0.9303906535299367,-0.1723352651467385,-0.20808666880269774
2061,-0.8993301979323878,-0.1723352651467385,0.35434203282263
2062,-0.4748373047658865,-0.6918332553106957,-0.5313137938138099
2064,2.7554500773791966,-0.6918332553106957,-0.6716872443087357
2065,-0.7543814051438263,-0.43208426022871715,-0.5872519559436947
2066,-0.22635365998549548,-0.1723352651467385,-0.2764382206717119
2068,2.38272461020861,-0.6918332553106957,-0.668894087342795
2069,-0.6715535235503627,-0.6918332553106957,-0.7014655293175261
2070,2.4862594622004397,-0.6918332553106957,-0.018792574505540244
2071,-0.847562771936473,0.3471627250172188,0.17427574428691742
2072,2.403431580606976,-0.6918332553106957,-0.684620022739879
2073,-0.19529320438794662,-0.6918332553106957,-0.6336102821986586
2075,-0.7543814051438263,0.3471627250172188,0.5106664871478457
2076,2.8589849293710263,-0.6918332553106957,-0.7124650276172848
2077,-0.25741411558304433,-0.1723352651467385,-0.3650632444856642
2078,0.653692581945056,-0.43208426022871715,-0.4035153206510847
2079,-0.6404930679528138,-0.43208426022871715,-0.5282205456035947
2080,-0.21600017478631253,-0.6918332553106957,-0.5837027998816006
2081,-0.7957953459405582,-0.43208426022871715,-0.5255370373615234
2082,-0.9200371683307537,3.2044016709189838,1.9939424847862812
2084,0.3016740851728354,-0.1723352651467385,-0.16028559618102906
2085,-0.30918154157895916,-0.6918332553106957,-0.47480430412271024
2086,-0.9096836831315708,2.9446526758370055,3.6325272433077713
2087,-0.9096836831315708,-0.6918332553106957,1.465216338287181
2088,-0.8268558015381071,-0.1723352651467385,-0.13991978846862174
2089,0.011776499595712567,-0.43208426022871715,-0.651211787872459
2090,-0.32988851197732505,0.08741372993524014,-0.03079622427652548
2091,-0.03999092640020223,0.3471627250172188,-0.049355713537818126
2092,-0.6715535235503627,0.6069117200991975,0.2918595731733716
2093,2.7554500773791966,-0.6918332553106957,-0.5802632925433759
2094,-0.06069789679856814,-0.43208426022871715,-0.38597729581741924
2095,-0.83720928673729,0.08741372993524014,-0.5204066312815205
2096,-0.9303906535299367,0.3471627250172188,-0.2608161630130306
2097,1.388790031087046,-0.6918332553106957,-0.5718376537618189
2098,-0.3195350267781421,-0.43208426022871715,-0.24679843931412518
2099,1.5544457942739733,-0.6918332553106957,-0.7042125183997324
2100,2.362017639810244,-0.43208426022871715,-0.573470842648929
2101,-0.9200371683307537,1.1264097102631547,0.19585345894735684
2102,-0.4541303343675206,-0.1723352651467385,-0.33882834455350114
2103,-0.029637441201019268,-0.6918332553106957,-0.7072134308424788
2104,-0.8268558015381071,1.9056566955090908,2.5593317019560873
2105,0.8814692563270811,-0.6918332553106957,-0.5865132698039418
2106,-0.40236290837160577,0.6069117200991975,0.2636740801534236
2107,2.848631444171843,-0.6918332553106957,-0.5302461615024484
2108,2.362017639810244,-0.6918332553106957,-0.4253585006429978
2109,1.399143516286229,-0.43208426022871715,-0.3268189237970491
2110,2.7658035625783794,-0.43208426022871715,-0.5770892505366251
2111,1.4819713978796927,-0.6918332553106957,-0.5266970054403541
2112,2.2791897582167806,-0.6918332553106957,-0.6738513638587932
2113,-0.5576651863593501,0.3471627250172188,-0.05924718262794726
2114,-0.25741411558304433,0.08741372993524014,1.191504268581383
2115,1.5337388238756076,-0.43208426022871715,-0.5150396147973781
2116,0.2291996887785547,-0.43208426022871715,-0.4097422139697834
2117,1.92717126144456,-0.6918332553106957,-0.6492727367556075
2118,1.3163156346927654,2.1654056905910695,0.5340736042012671
2119,2.154947935826585,-0.6918332553106957,-0.5776836620397074
2120,-0.9200371683307537,0.08741372993524014,0.05208666899794097
2121,-0.6404930679528138,-0.1723352651467385,-0.14431727939433853
2122,-0.83720928673729,-0.43208426022871715,-0.3124837958974686
2123,-0.4748373047658865,0.3471627250172188,0.22189791635911468
2124,-0.2470606303838614,1.1264097102631547,0.2506778208821453
2125,-0.17458623398958067,-0.6918332553106957,-0.5802055826887077
2126,-0.26776760078222733,-0.43208426022871715,-0.3984830213240178
2127,0.4466228779613968,-0.1723352651467385,0.6889264572324438
2128,1.5233853386764244,-0.43208426022871715,-0.46624593267541636
2129,0.32238105557120134,-0.6918332553106957,-0.5575140678331721
2130,-0.6094326123552649,2.425154685673048,3.096939395088623
2131,-0.847562771936473,1.9056566955090908,5.287911340523174
2132,-0.5680186715585331,-0.43208426022871715,-0.3354580890408784
2133,-0.7750883755421922,0.3471627250172188,-0.23306926488856086
2134,0.3741484815671161,-0.6918332553106957,-0.5896238309705577
2135,-0.2470606303838614,-0.6918332553106957,-0.24885291014031308
2136,0.6019251559491412,-0.6918332553106957,-0.706145798531117
2137,1.9892921726396577,-0.6918332553106957,-0.5799343463717672
2138,0.8089948599328004,-0.43208426022871715,-0.40333642010161336
2139,0.09460438118917623,0.866660715181176,0.28203158492337743
2140,0.45697636316057977,-0.6918332553106957,-0.6159048987864553
2141,2.413785065806159,-0.6918332553106957,-0.6596893655232173
2142,0.16707877758345693,-0.6918332553106957,-0.6726394569107611
2143,-0.2781210859814103,-0.6918332553106957,-0.535734368681394
2144,0.6226321263475071,-0.43208426022871715,0.10621851267671115
2145,2.5587338585947204,-0.6918332553106957,-0.6941132938327977
2146,-0.7129674643470946,0.3471627250172188,0.2281248096778133
2147,-0.6922604939487286,-0.6918332553106957,-0.5270432645683634
2148,-0.7750883755421922,0.866660715181176,0.6102390703923551
2149,-0.8682697423348389,2.9446526758370055,0.6838653029780428
2150,-0.350595482375691,-0.43208426022871715,-0.34633062566036693
2151,-0.8993301979323878,-0.43208426022871715,-0.34942964485604916
2152,-0.5473117011601671,-0.6918332553106957,-0.40796475044600283
2153,-0.25741411558304433,-0.6918332553106957,-0.6848739461004192
2154,-0.4541303343675206,-0.6918332553106957,-0.6152816323560386
2155,2.734743106980831,-0.6918332553106957,-0.5953082516553753
2156,0.8400553155303493,-0.6918332553106957,-0.6976797628512924
2157,-0.32988851197732505,1.3861587053451334,0.5829192251924302
2158,-0.4230698787699717,-0.6918332553106957,-0.6241400950476071
2159,-0.7129674643470946,-0.43208426022871715,-0.48209305876730363
2160,-0.4955442751642524,0.3471627250172188,0.5681281894409709
2161,-0.6404930679528138,-0.1723352651467385,-0.22061547825116362
2162,-0.8889767127332048,3.723899661082941,3.821059567523309
2163,-0.6715535235503627,2.9446526758370055,1.9311079950235466
2164,1.1403063863066552,-0.6918332553106957,-0.6585409394153201
2165,-0.4127163935707887,0.6069117200991975,1.3566410177144328
2166,-0.83720928673729,-0.1723352651467385,-0.39249850939492564
2167,-0.9200371683307537,2.1654056905910695,2.0070541637668953
2168,-0.2470606303838614,0.866660715181176,1.8380277704292096
2169,-0.2781210859814103,-0.6918332553106957,-0.47646634793715426
2170,-0.4127163935707887,2.1654056905910695,2.1631304657170385
2171,2.061766569033938,-0.6918332553106957,-0.431695042685566
2172,-0.30918154157895916,1.1264097102631547,-0.36222391963598877
2173,-0.2781210859814103,-0.1723352651467385,-0.08524547215597073
2174,0.0531904403924444,-0.6918332553106957,-0.6444828188181471
2175,1.896110805847011,-0.6918332553106957,-0.5837893646636028
2177,-0.16423274879039773,0.08741372993524014,-0.22923155955312563
2179,1.1195994159082892,-0.6918332553106957,-0.5736901400966681
2180,-0.2781210859814103,-0.43208426022871715,-0.4337264295698866
2181,2.4448455214037077,-0.6918332553106957,-0.667739890249431
2182,-0.8993301979323878,-0.6918332553106957,-0.5825486027882366
2183,1.9996456578388406,-0.6918332553106957,-0.6449444976554927
2184,-0.4851907899650694,-0.6918332553106957,-0.6088008156768
2185,-0.20564668958712956,-0.1723352651467385,0.8230845563796045
2186,-0.050344411599385186,-0.6918332553106957,-0.3707188102431476
2187,0.13601832198590807,-0.6918332553106957,-0.6693038273109392
2188,2.5173199177979884,-0.6918332553106957,-0.5830737624657172
2189,-0.3920094231724228,-0.6918332553106957,-0.6424918288320942
2190,-0.5369582159609843,-0.1723352651467385,-0.15718080599987994
2191,-0.6094326123552649,-0.43208426022871715,-0.3503587735162072
2192,2.848631444171843,0.08741372993524014,0.19563416149961763
2193,1.2127807827009358,-0.6918332553106957,-0.16938066927673712
2194,0.6847530375426049,-0.1723352651467385,-0.5600129045403051
2195,-0.3816559379732399,-0.6918332553106957,-0.6625633162856936
2196,-0.25741411558304433,-0.43208426022871715,-0.4316661877582319
2197,-0.10211183759529997,-0.6918332553106957,0.40307800508992353
2198,0.405208937164665,-0.6918332553106957,-0.5286072016298716
2199,-0.03999092640020223,-0.6918332553106957,-0.5526087301863752
2200,-0.9303906535299367,-0.1723352651467385,-0.43751219603612035
2201,-0.46448381956670354,-0.6918332553106957,-0.5358497883907305
2202,2.5069664325988055,-0.6918332553106957,-0.617289935298492
2203,2.848631444171843,-0.6918332553106957,-0.6466180834408705
2204,-0.19529320438794662,-0.6918332553106957,-0.6717564961343376
2205,0.6951065227417879,-0.43208426022871715,-0.4895260880485676
2207,-0.8165023163389241,0.866660715181176,0.36821548188486497
2208,1.6993945870625349,-0.43208426022871715,-0.3145440377091233
2209,-0.6404930679528138,-0.43208426022871715,-0.6030759980937147
2210,-0.6197860975544479,1.645907700427112,0.8335819789437499
2211,-0.8889767127332048,4.762895641410855,4.054195838411897
2212,-0.5266047307618013,-0.6918332553106957,-0.516003369370337
2213,2.8072175033751114,-0.6918332553106957,-0.5212030272759417
2215,0.0531904403924444,-0.43208426022871715,-0.23596052860743752
2216,-0.6715535235503627,0.866660715181176,0.5726295581050904
2217,-0.16423274879039773,-0.43208426022871715,-0.4152535050905963
2218,-0.350595482375691,0.08741372993524014,0.32059330981266754
2219,-0.7233209495462775,-0.6918332553106957,-0.5050327259979125
2220,-0.5162512455626184,0.866660715181176,0.6140248368585892
2221,0.4776833335589457,-0.6918332553106957,0.3955064721574558
2222,-0.857916257135656,2.1654056905910695,0.631256999462513
2223,0.39485545196548205,-0.6918332553106957,-0.6660085946093851
2224,-0.5266047307618013,-0.1723352651467385,-0.05119088691626674
2225,0.8089948599328004,0.866660715181176,1.3742021264899653
2226,-0.847562771936473,0.3471627250172188,0.2124854390627317
2227,1.2749016938960336,-0.43208426022871715,-0.4185198828648163
2228,-0.7854418607413752,0.6069117200991975,2.6740704350073994
2229,0.8193483451319833,-0.43208426022871715,-0.39222727307798516
2230,-0.5266047307618013,-0.6918332553106957,-0.5800901629793713
2231,0.9850041083189107,-0.6918332553106957,-0.5355035292627213
2232,1.854696865050279,-0.6918332553106957,-0.6818557207012723
2233,0.8400553155303493,-0.6918332553106957,-0.47441187711096644
2234,-0.8889767127332048,0.08741372993524014,0.12319098093462821
2235,-0.7750883755421922,-0.43208426022871715,-0.6291550814182735
2236,-0.83720928673729,0.08741372993524014,0.4971566101700205
2237,2.434492036204525,-0.6918332553106957,-0.7009519116109791
2238,0.2291996887785547,-0.6918332553106957,-0.5966528912691442
2239,2.061766569033938,-0.6918332553106957,-0.7087138870638519
2240,-0.7750883755421922,-0.43208426022871715,0.013542257065051291
2241,-0.9303906535299367,-0.1723352651467385,-0.2921814690251964
2242,0.011776499595712567,0.3471627250172188,-0.3496431713183215
2243,0.6019251559491412,-0.43208426022871715,-0.40125309434809137
2244,1.0160645639164596,-0.6918332553106957,-0.5614960478052777
2245,-0.6197860975544479,-0.43208426022871715,-0.4682311516760024
2246,-0.588725641956899,0.08741372993524014,-0.15329116179524335
2247,1.7925759538551815,-0.6918332553106957,-0.6087719607494658
2248,-0.0710513819977511,1.1264097102631547,1.2285135983800988
2249,-0.6715535235503627,0.08741372993524014,0.021246522663255853
2250,0.8297018303311663,-0.6918332553106957,-0.6530065643526399
2251,-0.83720928673729,-0.1723352651467385,-0.31576748662808907
2252,2.2998967286151464,-0.6918332553106957,-0.43239333192705115
2253,-0.26776760078222733,0.08741372993524014,1.5363841310640034
2254,-0.06069789679856814,-0.6918332553106957,-0.46933340990016503
2255,-0.6819070087495457,-0.6918332553106957,-0.6845565418997439
2256,-0.32988851197732505,0.08741372993524014,-0.21450977562726822
2257,2.403431580606976,-0.43208426022871715,-0.7065786224411285
2259,1.6890411018633518,-0.43208426022871715,-0.5417361935668867
2260,-0.7440279199446435,0.3471627250172188,0.07232551503007824
2261,-0.599079127156082,-0.1723352651467385,0.09295678807395916
2262,-0.7854418607413752,-0.6918332553106957,-0.7088408487441219
2263,-0.6612000383511797,-0.43208426022871715,-0.533651042927872
2264,-0.7026139791479116,-0.6918332553106957,-0.6641676502454695
2265,1.2749016938960336,-0.43208426022871715,-0.4551944955064564
2266,-0.857916257135656,0.3471627250172188,-0.16192455605360587
2267,-0.7129674643470946,-0.6918332553106957,-0.676806108417805
2268,-0.8165023163389241,-0.1723352651467385,-0.1151507188450311
2269,1.7718689834568155,-0.6918332553106957,-0.6474491053480924
2270,0.41556242236384794,-0.6918332553106957,-0.6725990600124934
2271,-0.3713024527740569,-0.1723352651467385,-0.5415399800610148
2272,1.637273675867437,-0.6918332553106957,-0.42016461372285996
2273,-0.9200371683307537,0.866660715181176,1.1050549062884216
2274,-0.847562771936473,-0.43208426022871715,0.055514634365231984
2275,1.7925759538551815,-0.6918332553106957,-0.6974604654035532
2276,2.4862594622004397,-0.6918332553106957,-0.6734127689633149
2277,2.2998967286151464,-0.6918332553106957,-0.4775051253211819
2278,-0.6715535235503627,-0.1723352651467385,-0.2005670747394315
2279,-0.6301395827536309,-0.6918332553106957,-0.5149011111461744
2280,-0.6301395827536309,-0.1723352651467385,-0.4520608503979732
2281,-0.9200371683307537,0.866660715181176,0.038265158804907426
2282,2.8072175033751114,-0.6918332553106957,-0.6596028007412151
2283,1.9892921726396577,-0.1723352651467385,-0.5048711384048415
2284,1.7718689834568155,-0.6918332553106957,-0.6261483979900605
2285,-0.6819070087495457,-0.6918332553106957,-0.6696789413662826
2286,2.724389621781648,-0.6918332553106957,-0.6378692694731716
2287,0.03248346999407848,-0.1723352651467385,-0.627573831400365
2288,-0.6404930679528138,-0.6918332553106957,-0.6901659397734928
2289,2.5587338585947204,-0.6918332553106957,-0.1576713397645597
2290,-0.7336744347454605,3.723899661082941,3.481379362946293
2291,-0.06069789679856814,-0.6918332553106957,-0.5699043736304343
2292,-0.847562771936473,-0.1723352651467385,-0.4600536652695187
2293,-0.4127163935707887,-0.43208426022871715,-0.4931618088926641
2294,-0.4230698787699717,-0.43208426022871715,-0.452164728136376
2295,-0.9200371683307537,-0.6918332553106957,-0.4920249247557006
2296,0.2291996887785547,-0.6918332553106957,-0.5485344144468005
2297,-0.7957953459405582,0.866660715181176,0.2591957954311714
2298,-0.14352577839203182,-0.6918332553106957,-0.5008949294182027
2299,-0.5266047307618013,-0.43208426022871715,0.06888023670638678
2300,0.26026014437610356,-0.6918332553106957,-0.240398416431422
2301,-0.7750883755421922,2.1654056905910695,5.616840199175505
2302,0.7261669783393367,0.08741372993524014,-0.6280297392522437
2303,-0.9303906535299367,0.08741372993524014,1.3113099268725628
2304,-0.6301395827536309,-0.1723352651467385,0.7230676072541499
2305,0.022129984794895526,-0.6918332553106957,-0.7102605111689596
2306,-0.7026139791479116,-0.1723352651467385,-0.10836981092151779
2307,0.042836955193261445,0.6069117200991975,1.026096283131393
2308,-0.6508465531519968,-0.43208426022871715,-0.38238774285705734
2309,-0.599079127156082,0.3471627250172188,0.39227472029603677
2310,-0.7233209495462775,-0.43208426022871715,-0.013177405646324532
2311,-0.7543814051438263,-0.43208426022871715,-0.03454736482995838
2313,-0.857916257135656,0.08741372993524014,-0.1099395189684928
2314,-0.7750883755421922,2.1654056905910695,5.230166859942177
2315,2.8175709885742943,-0.6918332553106957,-0.6780757252205054
2317,-0.3920094231724228,0.3471627250172188,1.3209186176748178
2318,-0.7026139791479116,-0.1723352651467385,-0.1978316276281589
2319,0.8400553155303493,-0.6918332553106957,-0.4788209100076168
2320,1.0160645639164596,0.6069117200991975,-0.18570678716237043
2321,2.4862594622004397,-0.6918332553106957,-0.6186865137814624
2322,-0.8165023163389241,0.3471627250172188,-0.23824583885229822
2323,0.6743995523434219,-0.43208426022871715,-0.6931322263034383
2325,-0.8165023163389241,1.9056566955090908,1.6259151995962462
2326,-0.4748373047658865,-0.1723352651467385,-0.726932888182602
2327,1.4716179126805098,-0.6918332553106957,-0.6088585255314682
2328,-0.2781210859814103,1.1264097102631547,0.3580239215504611
2329,-0.9200371683307537,-0.6918332553106957,-0.564727799666697
2330,-0.5266047307618013,1.1264097102631547,0.9684499093033293
2331,-0.599079127156082,-0.43208426022871715,-0.532791166093316
2332,-0.0710513819977511,-0.6918332553106957,-0.5251907782335142
2333,-0.6819070087495457,-0.6918332553106957,-0.5090377899118854
2334,-0.9200371683307537,-0.1723352651467385,-0.2863239187763743
2335,-0.599079127156082,-0.43208426022871715,-0.6772966421824846
2336,-0.7440279199446435,1.1264097102631547,0.6392613563049924
2337,1.6890411018633518,-0.6918332553106957,-0.630615140741379
2338,-0.7026139791479116,1.9056566955090908,1.5426802762083038
2339,-0.7129674643470946,0.08741372993524014,0.10404285115571996
2340,-0.857916257135656,-0.43208426022871715,0.3955295560993232
2341,-0.6819070087495457,0.08741372993524014,0.14939125495399033
2342,-0.7440279199446435,-0.1723352651467385,-0.29691367710798866
2343,0.8504088007295322,0.08741372993524014,-0.45340549001174224
2344,0.7468739487377026,-0.6918332553106957,-0.6989493796539926
2345,-0.8682697423348389,-0.6918332553106957,-0.45221666700557733
2346,-0.8268558015381071,-0.6918332553106957,-0.6398660304446913
2347,0.23955317397773765,-0.6918332553106957,-0.713832751172921
2348,2.0410595986355724,-0.6918332553106957,-0.6891733302731999
2349,-0.847562771936473,1.3861587053451334,1.2838400360505005
2350,-0.3816559379732399,-0.43208426022871715,-0.594032863867208
2351,-0.8682697423348389,2.684903680755027,2.0964698125898025
2352,-0.14352577839203182,-0.1723352651467385,0.21421673470277752
2353,-0.8993301979323878,0.08741372993524014,-0.43076591402540804
2354,-0.5576651863593501,-0.6918332553106957,-0.5113115581858125
2355,1.3059621494935825,-0.6918332553106957,-0.7109530294249781
2356,-0.3195350267781421,-0.6918332553106957,-0.5106363528861946
2357,1.9375247466437429,-0.6918332553106957,-0.6376153461126315
2358,-0.8165023163389241,3.2044016709189838,2.01009547310791
2359,-0.6922604939487286,-0.6918332553106957,-0.6015062900467397
2360,-0.6404930679528138,-0.6918332553106957,-0.48961842381603665
2361,-0.8165023163389241,0.08741372993524014,-0.30094182496382893
2362,2.7036826513832817,-0.6918332553106957,-0.6853125409958974
2363,-0.7129674643470946,0.08741372993524014,0.04523073826335907
2364,-0.4230698787699717,-0.43208426022871715,-0.663030766108506
2365,-0.7440279199446435,-0.6918332553106957,-0.6556150497836425
2366,-0.9096836831315708,-0.1723352651467385,-0.32535309348847685
2367,0.13601832198590807,0.3471627250172188,0.0309590912039136
2368,-0.8682697423348389,2.1654056905910695,1.640954387722779
2369,-0.8165023163389241,0.08741372993524014,-0.3875989427335956
2370,-0.8889767127332048,0.866660715181176,0.7102906454306108
2371,-0.6094326123552649,-0.43208426022871715,-0.41240263826998724
2372,0.902176226725447,0.08741372993524014,-0.3576936960445352
2373,-0.5473117011601671,-0.6918332553106957,-0.2201018605446166
2374,0.6226321263475071,-0.1723352651467385,-0.6135618786869264
2375,0.7365204635385196,-0.6918332553106957,-0.6896119251686782
2376,-0.22635365998549548,-0.43208426022871715,-0.5617845970786188
2377,0.31202757037201834,2.425154685673048,1.3607441883813416
2378,-0.6819070087495457,-0.1723352651467385,-0.36885478193736476
2379,-0.6922604939487286,0.08741372993524014,-0.3445012232673851
2380,0.8918227415262641,-0.6918332553106957,-0.5002081821476512
2381,-0.4230698787699717,0.08741372993524014,-0.23567775031956337
2382,1.7097480722617178,-0.1723352651467385,-0.48680218290822863
2383,-0.4541303343675206,-0.6918332553106957,-0.5387121971822731
2384,-0.20564668958712956,-0.6918332553106957,-0.647656860824898
2385,-0.7750883755421922,0.3471627250172188,0.2595305125882469
2386,0.10495786638835919,0.3471627250172188,0.04877989432545319
2387,-0.578372156757716,-0.6918332553106957,-0.5756522751553869
2388,-0.3920094231724228,-0.6918332553106957,-0.6240650722365384
2389,-0.6612000383511797,-0.43208426022871715,-0.323362103502424
2390,-0.8268558015381071,2.684903680755027,3.147781777051306
2391,-0.857916257135656,1.3861587053451334,-0.013962259669811973
2393,-0.40236290837160577,-0.6918332553106957,-0.6380827959354439
2394,-0.5680186715585331,0.3471627250172188,-0.07146435886120489
2395,-0.30918154157895916,1.3861587053451334,0.9222589416269034
2396,2.5483803733955375,-0.6918332553106957,-0.7025043067015537
2397,-0.6508465531519968,0.08741372993524014,-0.13180001191680626
2398,0.9642971379205447,-0.6918332553106957,-0.5907087762383199
2399,-0.40236290837160577,-0.6918332553106957,-0.6980606478921024
2400,-0.83720928673729,2.425154685673048,0.15546233166508477
2401,-0.5680186715585331,-0.43208426022871715,-0.6503403690669691
2402,-0.83720928673729,5.022644636492834,5.238713689418535
2403,-0.599079127156082,0.08741372993524014,-0.31464156736351256
2404,-0.8268558015381071,-0.6918332553106957,-0.5688251993481389
2405,-0.350595482375691,-0.1723352651467385,0.1333767702835653
2406,-0.8993301979323878,0.08741372993524014,-0.01675541663575286
2407,-0.4955442751642524,1.3861587053451334,1.3778205343776615
2408,0.5190972743556775,-0.6918332553106957,-0.5892371749442807
2409,0.2706136295752865,0.08741372993524014,-0.42355218219188323
2410,0.13601832198590807,0.08741372993524014,0.1224580657803421
2411,-0.16423274879039773,-0.43208426022871715,-0.3729579526042737
2412,-0.8889767127332048,1.3861587053451334,0.8934501821765389
2413,-0.4748373047658865,-0.43208426022871715,-0.07832028959578692
2414,-0.7750883755421922,1.1264097102631547,1.1329864759478299
2415,-0.7647348903430093,-0.6918332553106957,-0.6224087994075612
2416,-0.008930470802653351,-0.43208426022871715,-0.34470320775872376
2417,-0.3920094231724228,-0.6918332553106957,-0.6340604190650704
2418,0.4466228779613968,-0.6918332553106957,-0.517509596577177
2419,-0.8993301979323878,2.9446526758370055,6.45980804631388
2420,0.14637180718509102,0.08741372993524014,0.3261392268462815
2421,1.0471250195140085,-0.1723352651467385,-0.3797677154551211
2422,0.7779344043352515,0.08741372993524014,-0.29378003199950553
2423,-0.7440279199446435,-0.6918332553106957,-0.40977106889711745
2424,0.6951065227417879,-0.1723352651467385,-0.504628757015235
2425,1.1713668419042038,-0.43208426022871715,-0.38360542079055626
2426,2.5380268881963546,-0.43208426022871715,-0.29204873635945955
2427,-0.5576651863593501,-0.1723352651467385,-0.3899823597313922
2428,0.001423014396529608,-0.6918332553106957,-0.5680518872955851
2429,0.022129984794895526,-0.43208426022871715,-0.2565918016513185
2430,-0.847562771936473,-0.43208426022871715,-0.23057042818142784
2431,1.5751527646723393,-0.6918332553106957,-0.4393993082837705
2432,-0.4748373047658865,0.08741372993524014,-0.33100288826049346
2434,1.0264180491156425,0.3471627250172188,-0.17195452879493867
2435,-0.4851907899650694,-0.6918332553106957,-0.5861093008212643
2436,-0.6819070087495457,1.3861587053451334,0.16089282898936216
2437,2.3413106694118784,-0.43208426022871715,-0.5841760206898798
2438,0.156725292384274,-0.6918332553106957,-0.6832407572133091
2439,-0.4127163935707887,-0.6918332553106957,-0.5399529590576393
2440,0.7986413747336174,-0.43208426022871715,0.5308995621945163
2441,-0.5266047307618013,-0.6918332553106957,-0.5890698163657431
2442,1.3163156346927654,-0.6918332553106957,-0.7189169893691894
2443,-0.5266047307618013,0.08741372993524014,-0.36802953101560953
2444,2.1342409654282193,-0.6918332553106957,-0.663094246948641
2445,-0.7440279199446435,0.866660715181176,0.7704647108931413
2446,-0.029637441201019268,0.08741372993524014,0.8996713045097706
2447,-0.18493971918876365,0.3471627250172188,0.6489681538601831
2448,-0.10211183759529997,-0.1723352651467385,-0.5761601218764669
2449,-0.7440279199446435,-0.1723352651467385,1.2198109522961345
2450,-0.43342336396915465,-0.6918332553106957,-0.3836746726161581
2451,-0.3920094231724228,-0.6918332553106957,-0.5594184930372226
2452,-0.6922604939487286,0.08741372993524014,-0.3120855979002581
2453,-0.847562771936473,-0.1723352651467385,0.006703639286869835
2454,-0.6819070087495457,0.3471627250172188,0.060073712884019706
2455,0.2706136295752865,-0.6918332553106957,-0.651148307032324
2456,-0.847562771936473,1.3861587053451334,0.9643525096218872
2457,0.3016740851728354,-0.43208426022871715,-0.6163204097400663
2458,-0.8993301979323878,-0.43208426022871715,-0.6245960028994859
2459,1.668334131464986,-0.6918332553106957,-0.684014069265863
2460,-0.6508465531519968,-0.6918332553106957,-0.6527122440938322
2461,-0.9303906535299367,2.684903680755027,2.976291172919287
2462,1.8236364094527302,-0.43208426022871715,-0.5263622882832786
2463,-0.599079127156082,1.1264097102631547,0.816245938601423
2464,-0.7543814051438263,-0.6918332553106957,-0.584262585471882
2465,0.8400553155303493,-0.43208426022871715,-0.3609081349495539
2466,-0.9200371683307537,0.08741372993524014,0.1270056023281962
2467,1.8029294390543644,-0.6918332553106957,-0.6409048078287187
2468,0.5087437891564945,0.08741372993524014,0.5606836181887732
2469,1.1403063863066552,-0.6918332553106957,-0.6803783484217665
2470,-0.2781210859814103,0.08741372993524014,-0.15091351578291365
2471,-0.578372156757716,0.08741372993524014,-0.21726830668040809
2472,-0.5162512455626184,0.866660715181176,1.178536864237439
2473,1.9996456578388406,-0.6918332553106957,-0.686062769106584
2474,-0.847562771936473,0.3471627250172188,-0.14410375293206612
2475,0.5398042447540434,-0.43208426022871715,-0.5571100988504947
2476,-0.8165023163389241,-0.43208426022871715,-0.5720107833258236
2477,0.5708647003515923,0.08741372993524014,-0.11729752543868809
2478,1.4819713978796927,-0.6918332553106957,-0.6762232388856562
2479,-0.599079127156082,2.425154685673048,2.1488530476721257
2480,-0.6922604939487286,-0.6918332553106957,-0.4174349375970542
2481,-0.8165023163389241,-0.6918332553106957,-0.47032601940045804
2482,-0.5680186715585331,0.3471627250172188,0.5196749954615515
2483,2.83827795897266,-0.6918332553106957,-0.6457524356208475
2484,1.1403063863066552,-0.43208426022871715,-0.6370093926386153
2485,-0.7854418607413752,-0.6918332553106957,-0.5233209789422646
2486,-0.7647348903430093,0.866660715181176,2.2258091388721684
2487,1.2645482086968505,-0.6918332553106957,-0.7139077739839897
2488,-0.25741411558304433,-0.1723352651467385,-0.11610293144705629
2489,1.2541947234976676,-0.43208426022871715,-0.5932249259018534
2490,1.9892921726396577,-0.6918332553106957,-0.6692980563254723
2491,0.24990665917692062,-0.43208426022871715,0.010033497901224871
2492,-0.7854418607413752,1.1264097102631547,-0.06748814987456597
2493,-0.7440279199446435,3.2044016709189838,2.014279437571354
2494,-0.25741411558304433,-0.6918332553106957,-0.5037746511661457
2495,-0.43342336396915465,-0.6918332553106957,-0.6735801275418526
2496,-0.7750883755421922,0.08741372993524014,-0.31025042452180934
2498,-0.7440279199446435,0.08741372993524014,-0.13127485223932575
2499,0.4466228779613968,-0.6918332553106957,-0.6493419885812093
2500,-0.8061488311397411,-0.1723352651467385,-0.20084408204183887
2501,-0.5266047307618013,-0.6918332553106957,-0.6767945664468714
2503,-0.9096836831315708,1.1264097102631547,0.6598637744215391
2504,-0.5266047307618013,0.866660715181176,0.7590670145961721
2505,2.217068847021683,-0.6918332553106957,-0.7172549455547452
2506,-0.4127163935707887,-0.1723352651467385,-0.4983210699000011
2507,-0.83720928673729,0.6069117200991975,0.6014440885409218
2508,-0.30918154157895916,0.08741372993524014,-0.45539070901232825
2509,-0.25741411558304433,-0.43208426022871715,-0.35067040673141553
2510,-0.6819070087495457,-0.6918332553106957,-0.6445116737454811
2511,1.3163156346927654,-0.1723352651467385,-0.6169321341995492
2512,-0.26776760078222733,-0.43208426022871715,-0.4260798738263503
2513,-0.6094326123552649,-0.43208426022871715,-0.1357011980923765
2514,-0.029637441201019268,0.6069117200991975,1.1299047697085478
2515,-0.2781210859814103,-0.6918332553106957,-0.5811404823343326
2516,0.26026014437610356,-0.1723352651467385,-0.4041039611687004
2518,-0.8786232275340219,-0.6918332553106957,-0.3961111462971548
2519,-0.22635365998549548,-0.6918332553106957,-0.6066828640104771
2520,1.5958597350707053,-0.6918332553106957,-0.7024235129050181
2521,0.4362693927622139,-0.6918332553106957,-0.6235225996026574
2522,1.5544457942739733,0.08741372993524014,-0.15867549123578636
2523,0.9642971379205447,-0.1723352651467385,-0.4886777531849451
2524,-0.6819070087495457,-0.1723352651467385,-0.5635966865152002
2525,-0.83720928673729,-0.1723352651467385,0.7460015034992921
2526,-0.8268558015381071,-0.6918332553106957,-0.6208217784041857
2527,-0.599079127156082,0.3471627250172188,0.5810840518139816
2528,-0.46448381956670354,-0.1723352651467385,2.083404301492922
2529,-0.6715535235503627,-0.1723352651467385,-0.21584287327010362
2530,2.7658035625783794,-0.6918332553106957,-0.5602264310025774
2531,-0.83720928673729,-0.6918332553106957,-0.6355089364172423
2532,-0.4851907899650694,-0.43208426022871715,0.16771990479661011
2533,-0.7854418607413752,-0.1723352651467385,-0.20570902279036796
2534,0.6122786411483242,-0.6918332553106957,-0.4109252659904814
2535,-0.9303906535299367,1.1264097102631547,0.8018761847890415
2536,0.2291996887785547,0.08741372993524014,0.5109261814938527
2537,-0.15387926359121476,-0.1723352651467385,-0.2527252413885492
2538,0.16707877758345693,-0.43208426022871715,-0.35952309843751706
2539,-0.46448381956670354,-0.1723352651467385,-0.14895715170966167
2540,0.5398042447540434,-0.6918332553106957,-0.5024473245087772
2541,-0.4127163935707887,-0.6918332553106957,-0.5229920327706558
2542,-0.9303906535299367,2.425154685673048,1.6645404053256716
2543,-0.7026139791479116,3.4641506660009624,2.4275166229084557
2544,-0.46448381956670354,-0.1723352651467385,-0.3101811726962075
2545,-0.4230698787699717,-0.1723352651467385,-0.24132177410611322
2546,2.2274223322208657,0.08741372993524014,1.3924846084488507
2547,-0.5680186715585331,0.3471627250172188,-0.46531103302979154
2548,-0.12281880799366589,0.08741372993524014,0.040348484558429466
2549,-0.7129674643470946,0.6069117200991975,0.5174012271876245
2550,0.16707877758345693,0.3471627250172188,0.27647412591882997
2551,1.2127807827009358,-0.43208426022871715,-0.010476584447852943
2552,-0.7647348903430093,0.08741372993524014,0.35968596536490516
2553,-0.2781210859814103,0.3471627250172188,0.44929205670821676
2554,-0.43342336396915465,0.08741372993524014,0.3366712753232277
2555,2.372371125009427,-0.6918332553106957,-0.6435132932597213
2556,-0.4851907899650694,-0.43208426022871715,-0.43346096423841285
2557,-0.9096836831315708,-0.43208426022871715,-0.25195770032146214
2559,0.8400553155303493,-0.6918332553106957,-0.45540225098326187
2560,-0.36094896757487394,-0.1723352651467385,0.19173874630951424
2561,-0.18493971918876365,2.684903680755027,0.29664372012536533
2562,0.08425089598999327,-0.43208426022871715,-0.3958456809656812
2563,-0.5473117011601671,-0.6918332553106957,-0.4305523875631357
2564,-0.34024199717650805,-0.1723352651467385,-0.30026661966421103
2565,1.6890411018633518,-0.6918332553106957,-0.28005085757394116
2566,-0.21600017478631253,0.08741372993524014,0.526132728198923
2567,-0.4851907899650694,0.08741372993524014,-0.2123571980481444
2568,-0.4230698787699717,-0.6918332553106957,-0.6836851230942543
2569,-0.26776760078222733,-0.6918332553106957,-0.5367500621235544
2571,-0.599079127156082,-0.1723352651467385,-0.15787909524136515
2572,-0.32988851197732505,-0.43208426022871715,-0.5577679911937122
2573,-0.18493971918876365,0.08741372993524014,-0.056557903400409296
2574,2.2067153618225,-0.6918332553106957,-0.6943152783241363
2575,-0.46448381956670354,-0.6918332553106957,-0.6875112864587558
2576,-0.7543814051438263,1.1264097102631547,1.3790959221658285
2577,-0.5473117011601671,-0.43208426022871715,-0.5383139991850625
2578,-0.7440279199446435,-0.43208426022871715,-0.6251211625769666
2579,0.9953575935180936,-0.43208426022871715,-0.6702156430146967
2580,-0.40236290837160577,-0.6918332553106957,-0.6990186314795945
2581,-0.8993301979323878,2.1654056905910695,0.9537050414356048
2582,0.4776833335589457,0.3471627250172188,-0.3519284815631822
2584,-0.7440279199446435,-0.6918332553106957,-0.5915628820874091
2585,-0.7750883755421922,0.3471627250172188,0.06739709344141398
2586,-0.5162512455626184,1.1264097102631547,-0.19901467964885694
2587,-0.8165023163389241,1.1264097102631547,1.0637635052733259
2588,-0.857916257135656,0.08741372993524014,-0.2823073128914677
2589,-0.6715535235503627,-0.43208426022871715,-0.7232336864983706
2590,-0.7129674643470946,0.6069117200991975,0.3544863074593006
2591,-0.5162512455626184,-0.1723352651467385,-0.2463829283605142
2592,0.10495786638835919,-0.6918332553106957,-0.6299226224853607
2593,-0.8889767127332048,2.9446526758370055,1.4373078525696403
2594,1.92717126144456,-0.43208426022871715,-0.6766041239264664
2595,-0.599079127156082,-0.6918332553106957,-0.5586163260573347
2596,-0.7854418607413752,-0.43208426022871715,-0.5546689719980299
2597,-0.2781210859814103,0.866660715181176,1.7796657944032603
2598,-0.9200371683307537,-0.43208426022871715,-0.4782899793446694
2599,2.879691899769392,-0.6918332553106957,-0.564854761346967
2600,2.2895432434159635,0.3471627250172188,-0.47360971013107844
2601,1.1195994159082892,0.08741372993524014,-0.4649705448872492
2602,-0.9200371683307537,-0.43208426022871715,-0.5341531186634854
2603,0.022129984794895526,-0.1723352651467385,-0.5440388167681478
2604,-0.3195350267781421,-0.6918332553106957,-0.6584543746333179
2605,-0.10211183759529997,-0.6918332553106957,-0.6658296940599137
2606,0.6847530375426049,-0.43208426022871715,-0.5050731228961802
2607,1.409497001485412,-0.6918332553106957,-0.4602614207463242
2608,1.6786876166641689,-0.43208426022871715,-0.6108668284739215
2609,0.6122786411483242,-0.6918332553106957,-0.6595624038429473
2610,1.0678319899123743,-0.43208426022871715,-0.6348164181612239
2611,-0.9303906535299367,0.3471627250172188,0.03855947906371537
2612,2.879691899769392,-0.6918332553106957,-0.7304993572010967
2613,-0.6922604939487286,-0.6918332553106957,-0.5603360797264471
2614,-0.7647348903430093,-0.1723352651467385,-0.552966531285318
2615,-0.83720928673729,0.866660715181176,2.195684594735369
2616,-0.857916257135656,-0.6918332553106957,-0.6679245617843692
2617,-0.7336744347454605,0.866660715181176,0.14175047019592085
2618,-0.8993301979323878,-0.1723352651467385,-0.2046471614644731
2619,0.8607622859287152,-0.6918332553106957,-0.6521928554018184
2620,-0.9303906535299367,1.1264097102631547,-0.051871863201351516
2621,0.902176226725447,-0.43208426022871715,-0.6102493330289719
2622,-0.7750883755421922,1.1264097102631547,0.11889736774731421
2623,1.626920190668254,-0.6918332553106957,-0.6919203193554062
2624,1.0367715343148254,-0.43208426022871715,-0.5700775031944388
2625,-0.7336744347454605,-0.43208426022871715,-0.3936815614156237
2626,0.653692581945056,0.08741372993524014,-0.6662971438827261
2627,0.8504088007295322,-0.6918332553106957,-0.5690387258104114
2630,1.0678319899123743,-0.6918332553106957,-0.6434151865067853
2631,-0.2470606303838614,-0.6918332553106957,-0.5167535974810236
2632,-0.8993301979323878,1.1264097102631547,0.6774017992552045
2633,-0.7233209495462775,-0.1723352651467385,-0.12384759394352855
2634,1.5337388238756076,-0.43208426022871715,-0.5223918502821066
2635,-0.2781210859814103,-0.6918332553106957,-0.6790798766917321
2636,0.21884620357937173,0.3471627250172188,-0.5294786204353614
2637,-0.008930470802653351,2.9446526758370055,2.7660022334938397
2639,0.4466228779613968,-0.6918332553106957,-0.5682250168595897
2640,1.92717126144456,-0.6918332553106957,-0.5753464129256454
2641,2.83827795897266,-0.6918332553106957,-0.6585063135025193
2642,-0.08140486719693406,-0.6918332553106957,0.22286167093207365
2643,-0.857916257135656,-0.43208426022871715,-0.21169353471946015
2644,-0.7647348903430093,-0.43208426022871715,-0.5524817685061052
2645,-0.6094326123552649,0.08741372993524014,0.25591210470055087
2646,-0.847562771936473,-0.43208426022871715,-0.35424841772084376
2647,-0.588725641956899,0.08741372993524014,-0.29749077565467064
2648,-0.7854418607413752,1.1264097102631547,0.19466463594119185
2649,-0.6922604939487286,2.684903680755027,1.7856560773178196
2650,-0.6094326123552649,-0.6918332553106957,-0.5154493547655223
2651,-0.17458623398958067,-0.6918332553106957,-0.7027409171056934
2652,-0.7336744347454605,-0.43208426022871715,-0.49128623861594767
2653,-0.7647348903430093,0.08741372993524014,-0.2749435354358056
2654,-0.7026139791479116,-0.43208426022871715,-0.5212549661451431
2655,-0.9096836831315708,-0.1723352651467385,-0.3785558085070889
2656,2.2067153618225,-0.6918332553106957,-0.5816944969391472
2657,-0.7543814051438263,2.1654056905910695,1.6607661808303715
2658,2.8589849293710263,-0.6918332553106957,-0.58531867581231
2659,-0.5369582159609843,0.866660715181176,1.2234986120094322
2660,-0.0710513819977511,-0.6918332553106957,-0.5488518186474756
2661,0.7675809191360685,-0.43208426022871715,-0.5142663027448242
2662,-0.7647348903430093,-0.43208426022871715,-0.15427800031006958
2663,-0.14352577839203182,-0.6918332553106957,-0.1288568093287282
2664,-0.01928395600183631,-0.1723352651467385,0.6214174692415854
2665,-0.6819070087495457,1.1264097102631547,1.2040677039426497
2666,-0.7129674643470946,0.08741372993524014,0.08827074787490137
2667,-0.9096836831315708,1.645907700427112,0.8746540825111067
2668,0.3327345407703843,-0.43208426022871715,-0.10367222875152637
2669,-0.6301395827536309,-0.6918332553106957,-0.6659393427837833
2670,-0.8165023163389241,0.866660715181176,0.07457042837667108
2671,-0.7440279199446435,-0.6918332553106957,-0.6717622671198045
2672,-0.4851907899650694,-0.43208426022871715,-0.30583562063969216
2674,-0.847562771936473,0.866660715181176,0.8515124307891592
2675,-0.3713024527740569,-0.6918332553106957,-0.5164996741204836
2676,-0.029637441201019268,0.6069117200991975,-0.15084426395731174
2677,-0.5576651863593501,0.3471627250172188,1.020256045838971
2678,-0.9096836831315708,-0.1723352651467385,6.3894251075605455
2679,-0.6301395827536309,0.3471627250172188,0.8156169011855395
2680,-0.8165023163389241,0.08741372993524014,-0.40782047580933234
2681,1.2438412382984847,-0.6918332553106957,-0.7044433578184052
2682,-0.4437768491683376,0.08741372993524014,0.21922595008797718
2683,-0.6922604939487286,-0.1723352651467385,-0.48665790827155814
2684,-0.7129674643470946,0.08741372993524014,-0.19006965217528618
2685,1.6062132202698882,-0.1723352651467385,-0.52779349267905
2686,-0.857916257135656,3.2044016709189838,1.1776539034610154
2687,-0.578372156757716,-0.1723352651467385,0.05380065168158647
2689,-0.5473117011601671,-0.1723352651467385,-0.38070261510074593
2690,-0.8993301979323878,-0.1723352651467385,-0.3558816066079538
2691,-0.9096836831315708,1.1264097102631547,0.10774205283995152
2692,-0.4541303343675206,-0.6918332553106957,-0.6406855103809795
2693,-0.5369582159609843,-0.43208426022871715,-0.5269855547136951
2694,-0.4541303343675206,1.3861587053451334,1.422072450937236
2695,-0.7647348903430093,-0.1723352651467385,-0.27184451624012335
2696,1.7511620130584495,-0.6918332553106957,-0.40038167554260157
2697,-0.46448381956670354,-0.1723352651467385,-0.34755984556479963
2698,-0.8165023163389241,-0.6918332553106957,-0.6179709115835768
2699,-0.6301395827536309,-0.6918332553106957,-0.5092340034177574
2700,-0.4955442751642524,-0.6918332553106957,-0.6267139545658088
2701,0.011776499595712567,0.6069117200991975,-0.22359330675204264
2703,2.2688362730175977,-0.6918332553106957,-0.571803027849018
2704,0.011776499595712567,-0.43208426022871715,-0.44616867423635015
2705,-0.8786232275340219,4.243397651246899,4.324970476515083
2706,1.0885389603107403,-0.1723352651467385,-0.510365116569254
2707,-0.03999092640020223,-0.43208426022871715,-0.3249895214040672
2708,1.854696865050279,-0.1723352651467385,-0.26953035106792855
2709,-0.857916257135656,-0.1723352651467385,-0.490697598098332
2710,-0.26776760078222733,-0.1723352651467385,-0.004913354457838561
2711,-0.6197860975544479,-0.1723352651467385,1.0643636877618752
2712,-0.7129674643470946,0.3471627250172188,-0.07201837346601962
2713,-0.5473117011601671,0.08741372993524014,-0.3162926463055697
2714,0.3016740851728354,0.08741372993524014,0.010754871084577351
2716,-0.5266047307618013,-0.1723352651467385,-0.1213487572363956
2717,0.8607622859287152,-0.6918332553106957,-0.6833792608645127
2718,-0.3816559379732399,-0.6918332553106957,-0.5540168506402793
2719,-0.599079127156082,-0.43208426022871715,0.10958299720386708
2720,0.5605112151524093,-0.6918332553106957,-0.3105735997079513
2721,1.3473760902903142,-0.6918332553106957,-0.6851682663592269
2722,-0.4748373047658865,-0.6918332553106957,-0.3792771816904414
2723,-0.7750883755421922,0.866660715181176,0.5430821125149727
2724,-0.25741411558304433,0.6069117200991975,0.07952193390720258
2725,-0.83720928673729,0.08741372993524014,-0.09720872502868827
2726,1.7511620130584495,-0.6918332553106957,-0.5694484657785556
2727,2.83827795897266,-0.6918332553106957,-0.548228552217059
2728,-0.7647348903430093,0.3471627250172188,0.11530781478695226
2729,-0.7129674643470946,-0.43208426022871715,-0.27118662389690584
2730,-0.4748373047658865,-0.6918332553106957,-0.5746885205824279
2731,2.0410595986355724,-0.6918332553106957,-0.4257509276547416
2732,2.1342409654282193,-0.6918332553106957,-0.6923242883380835
2733,-0.9096836831315708,1.645907700427112,0.5266982847746713
2734,1.9996456578388406,-0.6918332553106957,-0.7172549455547452
2735,-0.7647348903430093,-0.1723352651467385,0.017276084662083743
2736,-0.09175835239611702,-0.43208426022871715,-0.6376384300544987
2737,-0.36094896757487394,0.3471627250172188,0.856896760229702
2738,0.10495786638835919,-0.43208426022871715,-0.0025645633728429242
2739,2.154947935826585,-0.6918332553106957,-0.5112423063602106
2740,-0.7026139791479116,0.3471627250172188,-0.19653315589812442
2741,-0.32988851197732505,0.3471627250172188,-0.11580861118824848
2742,0.664046067144239,-0.43208426022871715,-0.5811404823343326
2743,0.24990665917692062,-0.1723352651467385,-0.29097533306263107
2745,-0.8165023163389241,0.08741372993524014,-0.14071618446304296
2746,1.7925759538551815,-0.6918332553106957,-0.5779318144147807
2747,1.5440923090747904,-0.6918332553106957,-0.6561690643884572
2748,-0.029637441201019268,0.866660715181176,0.39448500772982886
2749,-0.4230698787699717,-0.1723352651467385,-0.3405827241354144
2750,-0.20564668958712956,-0.6918332553106957,-0.018100056249521837
2751,-0.5058977603634354,-0.1723352651467385,0.30013516633279136
2752,-0.8682697423348389,0.6069117200991975,0.06208201582647302
2753,-0.29882805637977616,-0.6918332553106957,-0.5884696338771938
2754,1.637273675867437,-0.6918332553106957,-0.568502024161997
2755,-0.25741411558304433,-0.6918332553106957,-0.7004152099625649
2756,-0.7543814051438263,0.866660715181176,1.086154928884587
2757,-0.06069789679856814,-0.6918332553106957,-0.276755624872387
2758,1.3266691198919482,-0.43208426022871715,-0.4098460917081861
2759,-0.4748373047658865,-0.1723352651467385,0.008896613764261348
2760,0.5398042447540434,0.08741372993524014,-0.6499998809244268
2761,0.9539436527213618,-0.6918332553106957,-0.6698289869884198
2762,0.8297018303311663,-0.6918332553106957,-0.684620022739879
2763,-0.83720928673729,1.1264097102631547,0.1996219124571902
2764,1.2541947234976676,-0.6918332553106957,-0.40932670301617236
2765,1.0264180491156425,-0.6918332553106957,-0.6289530969269349
2766,-0.857916257135656,-0.43208426022871715,-0.5186407097286737
2767,-0.32988851197732505,0.08741372993524014,-0.007458359048706026
2768,-0.350595482375691,-0.43208426022871715,-0.2625532296385434
2769,-0.18493971918876365,0.08741372993524014,-0.36798336313187496
2770,-0.40236290837160577,-0.6918332553106957,-0.5853417597541773
2771,2.3413106694118784,-0.6918332553106957,-0.6192636123281444
2772,2.8589849293710263,-0.6918332553106957,-0.5959776859695264
2773,-0.6404930679528138,0.08741372993524014,2.865701778418619
2774,-0.5369582159609843,-0.6918332553106957,-0.3842402291919065
2775,-0.7543814051438263,0.3471627250172188,0.3221110789904412
2776,-0.40236290837160577,0.6069117200991975,1.260657987430285
2778,-0.7129674643470946,-0.43208426022871715,-0.40626230973329097
2779,1.7822224686559984,-0.6918332553106957,-0.46428379761669764
2780,-0.3195350267781421,-0.1723352651467385,-0.3535789834066927
2781,-0.7440279199446435,-0.1723352651467385,-0.39626696290475905
2782,-0.25741411558304433,-0.43208426022871715,-0.34446082636911735
2783,-0.029637441201019268,-0.6918332553106957,-0.4049292120904556
2784,1.64762716106662,-0.6918332553106957,-0.4540172144712251
2785,-0.9096836831315708,0.6069117200991975,0.6364681993390514
2786,1.616566705469071,-0.6918332553106957,-0.6618534850732748
2787,-0.847562771936473,1.9056566955090908,1.4297190066807723
2788,0.6847530375426049,-0.1723352651467385,-0.3392957943763136
2789,0.4466228779613968,-0.6918332553106957,-0.5465491954462144
2790,2.123887480229036,-0.6918332553106957,-0.7189169893691894
2791,-0.8889767127332048,-0.43208426022871715,-0.6010734661367283
2792,-0.4955442751642524,0.3471627250172188,0.421833707857088
2793,1.8443433798510962,-0.6918332553106957,0.29257517537125727
2794,-0.4230698787699717,0.3471627250172188,0.2897993313617169
2795,-0.847562771936473,1.3861587053451334,1.0387635962310624
2796,-0.7750883755421922,-0.1723352651467385,-0.3839863058313664
2797,1.9789386874404746,-0.6918332553106957,-0.5620154364972916
2798,-0.26776760078222733,-0.43208426022871715,-0.17118121674238485
2799,-0.9200371683307537,3.98364865616492,2.4546864224862435
2801,1.4612644274813267,-0.43208426022871715,-0.268618535364171
2802,-0.7647348903430093,-0.1723352651467385,-0.2883091377769603
2803,-0.8268558015381071,6.061640616820749,1.4228573049607234
2804,-0.857916257135656,0.08741372993524014,0.2890721871928977
2805,-0.4127163935707887,0.6069117200991975,0.3248984649709152
2806,-0.32988851197732505,-0.6918332553106957,-0.7207175368348371
2807,0.042836955193261445,0.3471627250172188,-0.10494761653969359
2808,-0.7750883755421922,0.6069117200991975,0.05554926027803287
2809,0.36379499636793317,-0.1723352651467385,-0.18035131264916157
2810,0.03248346999407848,0.08741372993524014,-0.16416946940019883
2811,-0.4230698787699717,-0.6918332553106957,-0.5713932878808738
2812,0.48803681875812865,-0.6918332553106957,-0.6487533480635936
2813,-0.30918154157895916,-0.6918332553106957,-0.6384059711215858
2814,0.09460438118917623,1.1264097102631547,5.154711224963507
2815,-0.18493971918876365,-0.6918332553106957,-0.586634460498745
2816,-0.19529320438794662,0.08741372993524014,3.0560750469980715
2817,-0.2470606303838614,-0.6918332553106957,-0.5674921017053036
2818,-0.2781210859814103,0.6069117200991975,-0.09422512554234237
2819,-0.7647348903430093,-0.43208426022871715,-0.45743940885304935
2820,-0.7026139791479116,2.1654056905910695,1.5494381001899498
2821,-0.6094326123552649,2.9446526758370055,3.225620829027772
2822,-0.4748373047658865,0.08741372993524014,-0.19633117140678574
2823,-0.7750883755421922,-0.43208426022871715,-0.6386079556129245
2824,-0.5266047307618013,-0.6918332553106957,-0.6388387950315974
2825,-0.9096836831315708,2.425154685673048,2.2267094126049924
2826,1.5130318534772416,-0.6918332553106957,-0.5814925124478085
2827,-0.16423274879039773,-0.6918332553106957,-0.5317287276688744
2828,-0.8993301979323878,-0.43208426022871715,-0.13933691893647296
2829,-0.9096836831315708,0.08741372993524014,0.312444678333518
2830,2.7968640181759286,-0.6918332553106957,-0.5521643643054301
2831,-0.32988851197732505,0.08741372993524014,-0.4207994221242102
2832,-0.7026139791479116,-0.6918332553106957,-0.5288264990776107
2833,-0.6197860975544479,0.08741372993524014,-0.3235698589792295
2834,-0.3713024527740569,0.08741372993524014,-0.4530246049709321
2835,-0.6819070087495457,-0.6918332553106957,-0.5353650256115176
2836,-0.4748373047658865,-0.43208426022871715,-0.3796176698329838
2837,-0.01928395600183631,0.3471627250172188,0.5427935632416317
2839,-0.01928395600183631,-0.6918332553106957,-0.4472767034459796
2840,-0.7440279199446435,-0.43208426022871715,-0.3645669397355176
2841,-0.12281880799366589,-0.6918332553106957,-0.6712024815295229
2842,0.8297018303311663,-0.1723352651467385,-0.14964966996568008
2843,-0.10211183759529997,-0.6918332553106957,-0.6231013176635796
2844,1.8236364094527302,-0.6918332553106957,-0.23495637713621087
2845,1.4923248830788756,-0.43208426022871715,-0.5873789176239648
2846,-0.6301395827536309,0.866660715181176,1.0172031945270232
2847,-0.5576651863593501,-0.1723352651467385,-0.26385170136857783
2848,2.3516641546110613,-0.6918332553106957,-0.27432026900538903
2849,-0.350595482375691,0.08741372993524014,-0.015445402934784766
2850,-0.4748373047658865,0.3471627250172188,-0.1302764717535659
2851,1.161013356705021,-0.1723352651467385,-0.6157317692224507
2852,1.388790031087046,-0.6918332553106957,-0.5816252451135454
2853,-0.03999092640020223,-0.43208426022871715,-0.1797453591751455
2854,1.0264180491156425,-0.43208426022871715,-0.4501564251939227
2855,-0.4851907899650694,0.08741372993524014,-0.19112574251571424
2856,-0.20564668958712956,-0.1723352651467385,-0.45324390241867124
2857,-0.5162512455626184,0.3471627250172188,-0.262437809929207
2858,-0.13317229319284885,-0.6918332553106957,-0.513539158576005
2859,-0.350595482375691,-0.43208426022871715,-0.5239269324162806
2860,-0.6922604939487286,-0.43208426022871715,1.383152924949003
2861,-0.83720928673729,2.425154685673048,0.7420368364835866
2862,-0.857916257135656,0.866660715181176,1.3164461039380324
2863,-0.588725641956899,-0.43208426022871715,-0.5268701350043588
2864,1.2541947234976676,-0.43208426022871715,0.11581566150803248
2865,-0.6922604939487286,-0.1723352651467385,0.05285998105049491
2866,0.8193483451319833,-0.6918332553106957,-0.6968487409440703
2867,-0.29882805637977616,-0.6918332553106957,-0.6746996987224158
2868,-0.3920094231724228,0.3471627250172188,0.2758566304738802
2869,1.7615154982576327,-0.43208426022871715,-0.5382158924321265
2870,-0.2470606303838614,-0.43208426022871715,1.3629891017279345
2871,-0.7647348903430093,1.1264097102631547,0.7489851029856377
2872,1.8236364094527302,-0.6918332553106957,-0.32873489097203323
2874,-0.4748373047658865,0.3471627250172188,2.2399769081932113
2875,-0.4127163935707887,-0.6918332553106957,-0.1654044602900982
2876,-0.7647348903430093,0.08741372993524014,-0.33196664283345234
2877,-0.847562771936473,1.3861587053451334,2.3804946333248074
2878,-0.17458623398958067,0.866660715181176,-0.26556568405222336
2879,-0.20564668958712956,-0.43208426022871715,-0.3776613057597319
2880,2.7140361365824646,-0.6918332553106957,-0.10435320503661115
2881,-0.9096836831315708,0.3471627250172188,0.061851176407800176
2882,0.2706136295752865,-0.6918332553106957,-0.5253696787829856
2884,1.0988924455099232,-0.6918332553106957,-0.4398609871211161
2885,0.8918227415262641,-0.6918332553106957,-0.29516506851154223
2886,0.09460438118917623,-0.6918332553106957,-0.43610407558221637
2887,-0.7233209495462775,-0.1723352651467385,0.1082152736482307
2888,-0.19529320438794662,-0.6918332553106957,0.42705067871909314
2889,2.579440828993086,-0.6918332553106957,-0.6658354650453805
2890,-0.8786232275340219,0.3471627250172188,0.14355101766156858
2891,-0.6197860975544479,-0.43208426022871715,-0.28744926094240414
2892,0.8193483451319833,-0.6918332553106957,-0.6807246075497756
2893,0.32238105557120134,-0.6918332553106957,-0.5885331147173287
2894,-0.7129674643470946,1.645907700427112,0.5349277100503566
2895,-0.83720928673729,0.08741372993524014,0.0037431237423911955
2896,1.8443433798510962,-0.6918332553106957,-0.5887350992086674
2897,-0.7026139791479116,-0.1723352651467385,-0.41774079982679563
2898,0.3741484815671161,-0.6918332553106957,-0.6283702273947861
2899,-0.6715535235503627,-0.1723352651467385,2.3306506318478846
2900,0.4983903039573116,-0.6918332553106957,-0.5545016134194921
2901,1.2749016938960336,0.6069117200991975,-0.39807905234134044
2902,-0.5473117011601671,0.08741372993524014,0.7144111290539201
2903,0.156725292384274,-0.43208426022871715,-0.355200630322869
2904,-0.7543814051438263,-0.43208426022871715,-0.407318400073719
2905,-0.9096836831315708,-0.43208426022871715,-0.6047495838790924
2906,2.4862594622004397,-0.6918332553106957,-0.6323233524395577
2907,-0.2781210859814103,1.1264097102631547,0.9330795393771906
2908,0.3016740851728354,-0.1723352651467385,0.011303114703925261
2909,-0.578372156757716,-0.6918332553106957,-0.5735862623582654
2910,1.3163156346927654,-0.6918332553106957,-0.529582498173764
2911,0.8400553155303493,-0.43208426022871715,-0.16366739366458544
2912,-0.19529320438794662,0.3471627250172188,-0.547328278484235
2913,-0.9303906535299367,-0.43208426022871715,-0.5743942003236201
2914,1.0885389603107403,-0.6918332553106957,-0.6432132020154467
2915,0.38450196676629905,-0.1723352651467385,-0.5155705454603254
2916,-0.4541303343675206,-0.1723352651467385,-0.4200261100716563
2917,-0.8786232275340219,2.684903680755027,1.032369344333826
2918,-0.7957953459405582,0.6069117200991975,1.4555326246738574
2919,-0.7543814051438263,-0.1723352651467385,-0.6175842555572998
2920,-0.6508465531519968,0.866660715181176,0.15647225412177826
2922,-0.5576651863593501,-0.6918332553106957,-0.6757904149756447
2923,0.6847530375426049,-0.6918332553106957,-0.6390003826246683
2924,1.9996456578388406,-0.6918332553106957,-0.6995091652442742
2925,0.16707877758345693,-0.6918332553106957,-0.44609365142528146
2926,-0.6819070087495457,0.08741372993524014,0.37500216079384496
2927,-0.16423274879039773,0.08741372993524014,-0.5768988080162198
2928,-0.7750883755421922,-0.43208426022871715,-0.549157680877217
2929,0.6951065227417879,-0.6918332553106957,-0.7046164873824098
2930,-0.4851907899650694,-0.6918332553106957,-0.4308928757056781
2931,-0.8268558015381071,-0.43208426022871715,-0.25069962548969543
2932,-0.6094326123552649,0.866660715181176,0.08505630896988277
2934,-0.7233209495462775,0.08741372993524014,-0.11864793603792388
2935,2.5069664325988055,-0.6918332553106957,-0.674145684117601
2936,-0.7543814051438263,-0.43208426022871715,-0.47762054503051826
2937,-0.8993301979323878,5.022644636492834,3.0895813886184276
2938,-0.2884745711805932,-0.43208426022871715,-0.5345455456752292
2939,1.1092459307091063,-0.1723352651467385,-0.6407489912211146
2940,-0.599079127156082,-0.1723352651467385,-0.38272246001413285
2941,-0.9303906535299367,0.08741372993524014,0.4071061529457638
2942,-0.8682697423348389,1.3861587053451334,0.24749223690446076
2943,-0.8889767127332048,0.6069117200991975,1.2641148077249102
2944,-0.83720928673729,0.08741372993524014,-0.24549996758409076
2945,-0.6094326123552649,0.3471627250172188,-0.3389264513064371
2946,-0.3920094231724228,-0.6918332553106957,-0.6998496533868165
2947,-0.8165023163389241,-0.43208426022871715,-0.35492939400592854
2948,-0.7543814051438263,1.3861587053451334,0.12601299282790318
2949,-0.7440279199446435,-0.6918332553106957,-0.574076796122945
2950,-0.5576651863593501,-0.43208426022871715,-0.2986911406317692
2951,-0.9200371683307537,-0.43208426022871715,-0.4758950203759391
2952,-0.7543814051438263,-0.1723352651467385,0.13365377758597263
2953,-0.09175835239611702,0.08741372993524014,-0.0008678936455978603
2954,-0.599079127156082,-0.43208426022871715,-0.550629282171256
2955,-0.25741411558304433,-0.43208426022871715,-0.48997622491497955
2956,-0.847562771936473,-0.43208426022871715,-0.19335911389137353
2957,1.8236364094527302,-0.6918332553106957,-0.37272711318560087
2958,1.616566705469071,-0.1723352651467385,-0.5535032329337323
2959,-0.8993301979323878,0.08741372993524014,0.48207125415975355
2960,-0.30918154157895916,-0.6918332553106957,0.26461475078451513
2961,-0.16423274879039773,-0.43208426022871715,-0.37725156579158764
2962,-0.008930470802653351,-0.43208426022871715,-0.42564704991633884
2963,-0.3195350267781421,-0.1723352651467385,-0.4421578393369104
2964,-0.6404930679528138,-0.43208426022871715,-0.579905491444433
2965,2.403431580606976,-0.6918332553106957,-0.7085061315870465
2966,-0.3920094231724228,0.08741372993524014,0.03462943796081096
2967,1.854696865050279,-0.6918332553106957,-0.6353127229113703
2968,-0.9200371683307537,2.425154685673048,0.9950022134361675
2969,-0.350595482375691,0.3471627250172188,0.13462330314439827
2970,-0.30918154157895916,0.3471627250172188,0.0951266786094834
2971,0.653692581945056,-0.43208426022871715,0.2214535504781696
2972,-0.7440279199446435,-0.43208426022871715,-0.5271759972341002
2973,0.042836955193261445,-0.6918332553106957,-0.5875635891589029
2974,-0.9303906535299367,2.1654056905910695,1.6021733653857493
2975,1.8029294390543644,-0.43208426022871715,-0.590062425866036
2976,2.2895432434159635,-0.6918332553106957,-0.6605261584159062
2977,-0.21600017478631253,-0.6918332553106957,-0.5072776393445054
2978,2.1860083914241337,-0.43208426022871715,-0.6664414185193965
2979,-0.7440279199446435,-0.6918332553106957,-0.6688536904445272
2980,-0.8061488311397411,1.645907700427112,0.46448706144235336
2981,-0.5680186715585331,0.3471627250172188,0.40790254894018496
2982,-0.7440279199446435,-0.43208426022871715,-0.6390869474066705
2983,-0.3816559379732399,-0.6918332553106957,-0.6753402781092328
2984,-0.350595482375691,-0.6918332553106957,-0.6116459115119421
2985,-0.7129674643470946,-0.43208426022871715,-0.6901024589333579
2986,-0.4851907899650694,-0.6918332553106957,-0.6415684711574031
2987,-0.6612000383511797,-0.1723352651467385,-0.15619973847052054
2988,-0.4748373047658865,-0.1723352651467385,-0.37326381483401516
2989,0.2291996887785547,0.6069117200991975,-0.20188863041133323
2991,-0.6819070087495457,-0.6918332553106957,-0.5632158014743901
2992,1.0367715343148254,-0.6918332553106957,-0.6858838685571126
2993,2.1860083914241337,-0.6918332553106957,-0.5882734203713218
2994,-0.9200371683307537,1.645907700427112,0.3382871512539372
2995,1.7822224686559984,-0.43208426022871715,-0.6238457747887993
2996,0.156725292384274,-0.6918332553106957,-0.5987477589935999
2997,-0.350595482375691,-0.6918332553106957,-0.5893410526826836
2998,1.2645482086968505,-0.1723352651467385,-0.39199643365931236
2999,-0.2781210859814103,-0.6918332553106957,-0.5971030281355562
3000,-0.6508465531519968,-0.6918332553106957,-0.656624972240336
3001,-0.6404930679528138,0.866660715181176,0.11552711223469148
3002,-0.8786232275340219,0.3471627250172188,-0.3022345257083966
3003,-0.857916257135656,0.3471627250172188,1.3380642154967397
3004,-0.2470606303838614,-0.43208426022871715,-0.542971184456786
3005,-0.9200371683307537,-0.1723352651467385,-0.40701253784397756
3006,-0.46448381956670354,0.08741372993524014,-0.385152044895664
3007,-0.588725641956899,-0.6918332553106957,-0.6299341644562942
3009,0.46732984835976277,-0.6918332553106957,-0.6134868558758577
3010,1.1092459307091063,-0.6918332553106957,-0.6539530059691984
3011,1.1092459307091063,-0.43208426022871715,-0.3545542799505852
3012,0.6122786411483242,-0.6918332553106957,-0.5829525717709139
3013,-0.029637441201019268,-0.6918332553106957,-0.6088931514442691
3015,-0.2781210859814103,0.866660715181176,0.2995811517279766
3016,0.08425089598999327,0.3471627250172188,0.48263103975003496
3017,1.3163156346927654,-0.6918332553106957,-0.6427168972653001
3018,-0.9096836831315708,3.723899661082941,1.246923042019254
3019,-0.6508465531519968,-0.1723352651467385,-0.29278742249921247
3020,0.902176226725447,-0.6918332553106957,-0.6755768885133723
3021,-0.17458623398958067,-0.1723352651467385,-0.6844757481032085
3022,-0.7233209495462775,0.08741372993524014,0.057903822348495455
3023,-0.7336744347454605,-0.1723352651467385,-0.004261233100087857
3024,-0.588725641956899,0.866660715181176,0.1623932852107354
3025,-0.17458623398958067,-0.6918332553106957,-0.7197364693054777
3026,-0.6922604939487286,0.08741372993524014,-0.38759894273359563
3027,-0.40236290837160577,0.08741372993524014,-0.3229869894470807
3028,1.906464291046194,-0.6918332553106957,-0.6337199309225281
3029,0.7675809191360685,-0.1723352651467385,-0.5805345288603164
3030,-0.8682697423348389,0.866660715181176,0.31707877966337433
3031,-0.029637441201019268,0.08741372993524014,-0.44884641149295457
3032,-0.2781210859814103,0.866660715181176,0.6765880903043829
3033,-0.6819070087495457,-0.1723352651467385,-0.5719415315002218
3034,-0.83720928673729,-0.43208426022871715,-0.5893525946536172
3035,-0.15387926359121476,-0.6918332553106957,-0.31900500947497507
3036,-0.7750883755421922,-0.6918332553106957,-0.6356416690829791
3037,1.0471250195140085,-0.6918332553106957,-0.6825424679718239
3038,0.8607622859287152,-0.43208426022871715,-0.5296402080284324
3039,-0.14352577839203182,-0.6918332553106957,-0.5530992639510549
3040,-0.599079127156082,-0.1723352651467385,-0.47510439536698484
3041,-0.4541303343675206,-0.6918332553106957,-0.3408135635540872
3042,-0.11246532279448293,0.08741372993524014,0.01706255819981147
3043,2.1342409654282193,-0.6918332553106957,-0.2859718886628983
3044,-0.9096836831315708,-0.1723352651467385,-0.36798913411734185
3045,-0.847562771936473,-0.1723352651467385,0.16011951693680837
3046,-0.4230698787699717,0.6069117200991975,0.9485342384573342
3047,0.7261669783393367,-0.43208426022871715,-0.7046915101934784
3048,2.7865105329767457,-0.43208426022871715,-0.5520604865670273
3049,-0.8889767127332048,0.6069117200991975,-0.5316254270290183
3050,0.16707877758345693,0.08741372993524014,0.06340357149837474
3051,-0.6819070087495457,-0.6918332553106957,-0.48342615641013903
3052,-0.6094326123552649,-0.6918332553106957,-0.31420932055204776
3053,-0.7336744347454605,-0.43208426022871715,-0.7108491516865753
3054,2.1342409654282193,-0.6918332553106957,-0.5530704090237208
3056,-0.7129674643470946,-0.1723352651467385,-0.21456748548193644
3057,-0.8889767127332048,0.08741372993524014,-0.2582365325093621
3058,-0.40236290837160577,0.3471627250172188,0.176053207810698
3059,-0.6301395827536309,-0.6918332553106957,-0.7042702282544006
3060,1.92717126144456,-0.6918332553106957,-0.6690672169067996
3061,-0.30918154157895916,-0.43208426022871715,-0.48346078232294
3062,-0.6819070087495457,-0.43208426022871715,-0.6388387950315974
3063,0.9850041083189107,-0.1723352651467385,-0.1589871244509946
3064,-0.9200371683307537,4.503146646328877,4.672424198515906
3065,-0.9200371683307537,5.80189162173877,6.7551613115202525
3066,0.8400553155303493,-0.6918332553106957,-0.5953948164373775
3067,-0.10211183759529997,-0.6918332553106957,-0.6313480558956651
3068,-0.8993301979323878,-0.6918332553106957,-0.6219124946574146
3069,1.0264180491156425,-0.6918332553106957,-0.5002370370749852
3070,-0.7129674643470946,0.866660715181176,-0.044710070237028186
3071,-0.7543814051438263,-0.1723352651467385,3.131761521395414
3072,-0.7440279199446435,-0.1723352651467385,-0.13071506664904423
3073,-0.8889767127332048,-0.6918332553106957,-0.42030888835953045
3074,0.19813923318100582,-0.6918332553106957,-0.4461513612799497
3075,-0.9096836831315708,0.08741372993524014,0.038519082165447534
3076,-0.3816559379732399,-0.6918332553106957,-0.6939286222978595
3077,0.7675809191360685,-0.6918332553106957,-0.5671516135627612
3078,2.0721200542331215,-0.43208426022871715,-0.3086980294312348
3079,-0.83720928673729,1.645907700427112,1.6346755555348789
3080,0.18778574798182285,0.3471627250172188,0.5637710954135218
3081,0.0531904403924444,-0.1723352651467385,-0.23080703858556745
3082,1.5751527646723393,-0.43208426022871715,-0.5438195193204086
3083,0.7468739487377026,2.1654056905910695,2.537938658830586
3084,-0.5058977603634354,-0.1723352651467385,-0.2798719570244697
3085,-0.578372156757716,-0.43208426022871715,-0.5979744469410461
3086,-0.2470606303838614,0.866660715181176,1.1494222425573326
3087,-0.6922604939487286,-0.43208426022871715,-0.6003059250696413
3088,-0.9303906535299367,4.243397651246899,4.049169310070297
3089,-0.6612000383511797,-0.43208426022871715,-0.27738466228827036
3090,-0.8786232275340219,-0.43208426022871715,-0.4679945412718628
3091,-0.3816559379732399,-0.6918332553106957,-0.14099896275091714
3092,2.827924473773477,-0.6918332553106957,-0.6627191328932978
3093,-0.7854418607413752,0.3471627250172188,-0.4082417577484102
3094,1.0678319899123743,-0.43208426022871715,-0.2634246484440332
3095,-0.9096836831315708,-0.6918332553106957,-0.6912855109540559
3096,-0.7854418607413752,1.645907700427112,1.3944640564639699
3097,-0.6612000383511797,-0.1723352651467385,0.057494082380351225
3098,0.3741484815671161,-0.1723352651467385,-0.1803224577218275
3099,-0.06069789679856814,-0.43208426022871715,-0.3799927838883271
3100,-0.20564668958712956,-0.6918332553106957,-0.5024357825378436
3101,0.9539436527213618,-0.6918332553106957,-0.7018810402711372
3102,0.2291996887785547,-0.6918332553106957,-0.5819715042415545
3104,-0.11246532279448293,-0.43208426022871715,-0.22275074287388694
3105,1.637273675867437,-0.6918332553106957,-0.49521627971885196
3106,1.4612644274813267,-0.6918332553106957,-0.6330274126665096
3107,-0.20564668958712956,-0.1723352651467385,-0.4979344138737241
3108,-0.22635365998549548,-0.6918332553106957,-0.6397506107353548
3109,-0.8993301979323878,3.2044016709189838,1.611037599062785
3110,-0.4127163935707887,-0.1723352651467385,-0.5725013170905032
3111,-0.16423274879039773,-0.6918332553106957,-0.6584543746333179
3112,-0.30918154157895916,-0.6918332553106957,-0.555113337878975
3113,-0.7750883755421922,-0.43208426022871715,-0.61859994899946
3114,-0.8993301979323878,-0.6918332553106957,-0.7109991973087125
3115,2.0203526282372066,-0.6918332553106957,-0.6792530062557366
3116,-0.8993301979323878,0.6069117200991975,-0.2934799407552309
3117,-0.5162512455626184,-0.6918332553106957,-0.6216874262242087
3118,-0.5680186715585331,-0.6918332553106957,-0.45820694992013633
3119,-0.16423274879039773,-0.43208426022871715,-0.48452841463430163
3120,-0.7543814051438263,2.684903680755027,1.1689974252607855
3121,-0.7854418607413752,0.866660715181176,2.4073066318036522
3122,1.3266691198919482,-0.6918332553106957,-0.7192978744099994
3123,0.9850041083189107,-0.6918332553106957,-0.6882326596421082
3124,-0.599079127156082,0.08741372993524014,-0.07756429049963343
3125,-0.21600017478631253,-0.6918332553106957,-0.40597376045995
3126,0.9539436527213618,-0.6918332553106957,-0.47083963710700494
3127,-0.7854418607413752,-0.43208426022871715,-0.47416949572135997
3128,1.5026783682780587,-0.6918332553106957,-0.6753287361382991
3129,-0.6197860975544479,0.3471627250172188,0.7649591907577952
3130,1.7925759538551815,-0.6918332553106957,-0.6324156882070268
3131,-0.8993301979323878,-0.43208426022871715,-0.6596835945377505
3132,-0.40236290837160577,0.08741372993524014,-0.29350302469709816
3133,1.6062132202698882,-0.6918332553106957,-0.6882557435839755
3134,-0.10211183759529997,-0.43208426022871715,-0.2951823814679428
3135,1.906464291046194,-0.6918332553106957,-0.5707411665231232
3136,-0.9303906535299367,3.4641506660009624,1.7838324459103045
3137,-0.12281880799366589,-0.6918332553106957,-0.576673739583014
3138,-0.6301395827536309,0.3471627250172188,0.4997593246155564
3139,-0.17458623398958067,-0.43208426022871715,-0.5218897745464932
3140,-0.7647348903430093,0.6069117200991975,0.900871669486869
3141,1.3680830606886802,-0.43208426022871715,-0.637211377129954
3142,-0.6094326123552649,0.08741372993524014,-0.0967181912640085
3143,-0.7026139791479116,1.645907700427112,0.20697991892738546
3144,-0.6197860975544479,-0.1723352651467385,-0.03725395701389691
3145,0.156725292384274,-0.6918332553106957,-0.629593676313752
3146,-0.8889767127332048,-0.43208426022871715,-0.3657269078143484
3147,1.6062132202698882,-0.6918332553106957,-0.4816198379590244
3148,0.902176226725447,-0.43208426022871715,-0.2817879241994539
3149,0.8193483451319833,-0.43208426022871715,-0.6394274355492129
3150,-0.4955442751642524,-0.6918332553106957,-0.5952216868733731
3151,-0.19529320438794662,-0.6918332553106957,-0.46378172188108435
3152,-0.32988851197732505,0.866660715181176,3.1462870918153993
3153,-0.7750883755421922,-0.43208426022871715,-0.06313682683258383
3154,0.5190972743556775,0.08741372993524014,-0.41596910728848197
3155,-0.7543814051438263,0.6069117200991975,1.4268508269037627
3156,-0.7129674643470946,2.9446526758370055,4.214975493517497
3157,-0.83720928673729,0.08741372993524014,-0.22417040529872465
3158,2.869338414570209,-0.6918332553106957,-0.6918395255588706
3160,-0.7750883755421922,0.08741372993524014,-0.03140217775054167
3161,2.8072175033751114,-0.6918332553106957,-0.6848220072312177
3162,-0.7440279199446435,-0.6918332553106957,-0.6942979653677359
3163,-0.23670714518467845,-0.43208426022871715,-0.4339399560321589
3164,-0.7854418607413752,0.6069117200991975,-0.5859534842136602
3165,-0.6922604939487286,-0.1723352651467385,0.03047432842470078
3166,-0.7647348903430093,1.9056566955090908,1.6007767869027791
3167,-0.6508465531519968,-0.1723352651467385,0.21364540714156235
3168,-0.9200371683307537,4.243397651246899,3.931700900893179
3169,-0.3713024527740569,-0.43208426022871715,-0.5785146839469295
3170,-0.588725641956899,0.08741372993524014,0.15584898769136177
3171,-0.9096836831315708,2.1654056905910695,1.0318095587435443
3172,2.848631444171843,-0.6918332553106957,-0.688082614019971
3173,-0.4955442751642524,-0.6918332553106957,-0.6569481474264779
3174,-0.18493971918876365,0.6069117200991975,0.25869949068102477
3175,-0.8889767127332048,0.3471627250172188,-0.169703844462879
3177,-0.30918154157895916,-0.43208426022871715,-0.5758427176757919
3178,-0.4541303343675206,0.866660715181176,1.004593591282022
3179,-0.9303906535299367,0.08741372993524014,-0.035320676882512315
3180,-0.15387926359121476,-0.43208426022871715,-0.5190793046241521
3181,-0.19529320438794662,-0.43208426022871715,-0.6327792602914365
3182,1.7097480722617178,-0.43208426022871715,-0.026583404885747026
3183,-0.22635365998549548,-0.43208426022871715,-0.48479387996577533
3184,0.45697636316057977,0.08741372993524014,-0.38328801658988115
3185,1.5544457942739733,-0.6918332553106957,-0.6978932893135646
3186,1.409497001485412,-0.43208426022871715,0.39008174581864524
3187,-0.847562771936473,2.425154685673048,2.1667084767064666
3188,-0.847562771936473,2.425154685673048,2.352389934101395
3190,-0.5576651863593501,-0.1723352651467385,-0.45631983767248624
3191,-0.46448381956670354,-0.6918332553106957,-0.38402093174416735
3192,-0.06069789679856814,0.3471627250172188,0.9855724231833838
3193,-0.7440279199446435,1.645907700427112,0.6699976249012747
3194,-0.9096836831315708,0.3471627250172188,0.18984586307639734
3195,-0.847562771936473,1.9056566955090908,1.3408112045789458
3196,-0.7440279199446435,2.9446526758370055,3.232367111038484
3197,1.3266691198919482,-0.1723352651467385,-0.09264387552443372
3198,-0.13317229319284885,-0.6918332553106957,-0.5888389769470702
3199,1.8236364094527302,-0.43208426022871715,-0.24287994018215453
3200,-0.6922604939487286,0.6069117200991975,1.4637043400948744
3201,2.879691899769392,-0.6918332553106957,-0.40299593195907096
3202,-0.7854418607413752,0.866660715181176,0.27028762949839913
3203,-0.6715535235503627,-0.6918332553106957,-0.6733723720650472
3204,1.7718689834568155,-0.6918332553106957,-0.5941771385038785
3205,-0.7647348903430093,2.425154685673048,1.9671824251766377
3206,0.001423014396529608,-0.43208426022871715,-0.4229635416742676
3207,2.1860083914241337,0.866660715181176,-0.31223564352239536
3208,-0.6715535235503627,0.3471627250172188,0.034600583033476885
3209,2.827924473773477,-0.6918332553106957,-0.6055171249461796
3210,-0.46448381956670354,0.08741372993524014,-0.15431262622287045
3211,-0.5473117011601671,4.503146646328877,3.41518615964187
3212,-0.40236290837160577,-0.1723352651467385,-0.33411344942710935
3213,-0.6094326123552649,-0.6918332553106957,-0.41453790289271064
3214,-0.40236290837160577,-0.1723352651467385,-0.38755277484986106
3215,-0.12281880799366589,0.3471627250172188,0.5646886821027463
3216,-0.3920094231724228,-0.6918332553106957,-0.521964797357562
3218,0.8918227415262641,-0.6918332553106957,-0.5765583198736776
3219,-0.4541303343675206,-0.6918332553106957,-0.4946680360995041
3220,-0.6404930679528138,0.866660715181176,0.5286373358915228
3221,-0.8268558015381071,0.866660715181176,-0.009986050683173178
3222,-0.03999092640020223,3.4641506660009624,3.3888589239422378
3223,-0.8889767127332048,3.723899661082941,3.1022487017180973
3224,-0.5473117011601671,-0.43208426022871715,-0.280472139513019
3225,-0.7543814051438263,0.3471627250172188,0.11186253646326094
3226,-0.4748373047658865,0.3471627250172188,-0.4028920542206682
3227,-0.6197860975544479,-0.6918332553106957,0.2554561968486721
3229,-0.34024199717650805,-0.6918332553106957,-0.6337372438789285
3231,0.23955317397773765,-0.1723352651467385,0.1008572671780354
3232,1.2852551790952165,-0.6918332553106957,-0.6248037583762913
3233,2.362017639810244,-0.6918332553106957,-0.701309712709922
3234,-0.26776760078222733,-0.6918332553106957,-0.5498155732204344
3235,-0.857916257135656,-0.1723352651467385,-0.3071744892679944
3236,0.06354392559162736,-0.6918332553106957,-0.5802402086015086
3237,-0.7336744347454605,-0.1723352651467385,0.10348306556543854
3238,1.1195994159082892,-0.6918332553106957,-0.40986340466458654
3239,-0.8993301979323878,2.425154685673048,0.8524819563475847
3241,1.885757320647828,-0.43208426022871715,-0.10183705537307776
3242,-0.6197860975544479,1.9056566955090908,2.4575949991615205
3243,-0.4437768491683376,-0.1723352651467385,-0.48705610626876866
3244,1.7511620130584495,-0.6918332553106957,-0.5434386342795985
3245,-0.34024199717650805,0.3471627250172188,-0.3185375596521626
3246,-0.599079127156082,0.3471627250172188,0.5336696352185896
3247,-0.350595482375691,-0.6918332553106957,-0.6639368108267968
3248,-0.23670714518467845,0.08741372993524014,-0.38119891985089244
3249,-0.83720928673729,1.9056566955090908,0.21560177121481433
3250,-0.3195350267781421,-0.6918332553106957,-0.5388853267462776
3251,-0.11246532279448293,-0.43208426022871715,-0.6323348944104914
3252,-0.17458623398958067,-0.43208426022871715,-0.6210295338809912
3253,-0.9200371683307537,4.762895641410855,5.371434813184459
3254,0.09460438118917623,-0.43208426022871715,-0.5175846193882456
3256,-0.83720928673729,2.425154685673048,0.5527658261282965
3257,-0.7336744347454605,-0.6918332553106957,-0.7008653468289769
3258,0.3327345407703843,-0.43208426022871715,-0.41815631078040666
3259,-0.857916257135656,-0.6918332553106957,-0.716331587880054
3260,-0.8993301979323878,0.6069117200991975,0.12901390527064951
3261,-0.6404930679528138,0.866660715181176,0.2306755852541477
3262,1.9789386874404746,-0.43208426022871715,-0.699261012869201
3263,-0.350595482375691,-0.6918332553106957,-0.6222414408290234
3264,-0.9303906535299367,1.645907700427112,-0.057336986438429924
3265,2.83827795897266,-0.6918332553106957,-0.5235345054045369
3266,-0.01928395600183631,-0.6918332553106957,-0.5865882926150104
3267,-0.8268558015381071,-0.6918332553106957,-0.06958301759902163
3268,0.7468739487377026,0.08741372993524014,0.17178267856525128
3269,-0.26776760078222733,-0.6918332553106957,-0.5711913033895352
3270,-0.7026139791479116,-0.1723352651467385,-0.45306500186919985
3271,0.8607622859287152,-0.43208426022871715,-0.49715533083570346
3272,0.1256648367867251,0.08741372993524014,-0.30042243627181514
3273,0.5398042447540434,-0.1723352651467385,-0.11569319147891219
3274,0.08425089598999327,-0.43208426022871715,-0.5965143876179405
3275,-0.7026139791479116,0.3471627250172188,-0.23509488078741456
3276,1.0471250195140085,-0.6918332553106957,-0.5843260663120171
3277,-0.8889767127332048,-0.43208426022871715,-0.44724784851864546
3278,2.7968640181759286,-0.6918332553106957,-0.4863289620999494
3279,-0.857916257135656,1.645907700427112,0.21405514710970658
3280,-0.7957953459405582,4.503146646328877,2.9934309997557427
3281,0.1256648367867251,0.08741372993524014,-0.5222764305727702
3282,-0.9096836831315708,1.3861587053451334,0.16313774233595515
3283,-0.8268558015381071,1.9056566955090908,1.1700708285576142
3284,0.0531904403924444,-0.6918332553106957,-0.47579114263753636
3285,1.409497001485412,-0.6918332553106957,-0.556140573292069
3286,-0.7750883755421922,-0.43208426022871715,-0.49712647590836934
3287,-0.5369582159609843,-0.43208426022871715,-0.3156058990350181
3288,-0.4127163935707887,-0.6918332553106957,-0.5657665770507244
3289,0.022129984794895526,-0.43208426022871715,-0.6888039872033235
3290,0.6847530375426049,-0.6918332553106957,-0.6491457750753374
3291,-0.5369582159609843,-0.6918332553106957,-0.5748789631028329
3292,0.9642971379205447,-0.1723352651467385,-0.6480319748802412
3293,-0.9303906535299367,0.08741372993524014,-0.12438429559194283
3294,1.419850486684595,-0.6918332553106957,-0.5243539853408253
3295,0.38450196676629905,-0.43208426022871715,-0.6585928782845216
3296,-0.5266047307618013,-0.43208426022871715,-0.6176073394991671
3297,-0.6197860975544479,1.9056566955090908,1.0670067991056786
3298,1.0988924455099232,-0.43208426022871715,-0.42313667123827214
3300,-0.5576651863593501,0.6069117200991975,0.31610925410494856
3301,0.10495786638835919,-0.1723352651467385,-0.033398938722061226
3302,-0.4955442751642524,3.2044016709189838,5.121464577689157
3303,-0.4230698787699717,-0.6918332553106957,-0.6392773899270756
3304,-0.4955442751642524,-0.6918332553106957,-0.6513272075817954
3305,-0.3920094231724228,-0.6918332553106957,-0.6005540774447145
3306,0.9953575935180936,-0.6918332553106957,-0.6910719844917836
3307,2.5173199177979884,-0.6918332553106957,-0.5711278225494001
3308,-0.8993301979323878,-0.1723352651467385,-0.565333753140713
3309,-0.83720928673729,-0.43208426022871715,-0.6793338000522721
3310,-0.6922604939487286,-0.43208426022871715,-0.5734419877215948
3312,2.879691899769392,-0.6918332553106957,-0.5461509974490039
3313,0.5605112151524093,-0.43208426022871715,-0.3314010862577041
3314,-0.3195350267781421,-0.43208426022871715,-0.6626845069804969
3315,-0.6197860975544479,-0.43208426022871715,-0.47279600118025694
3316,0.5190972743556775,-0.1723352651467385,-0.643074698364243
3317,-0.7026139791479116,0.08741372993524014,-0.2866124680497153
3318,-0.7129674643470946,0.6069117200991975,0.860036176323652
3319,-0.14352577839203182,-0.1723352651467385,-0.3705225967372757
3320,-0.8889767127332048,0.6069117200991975,3.348069598662755
3321,-0.2470606303838614,0.3471627250172188,0.44636616707653926
3322,-0.8165023163389241,0.6069117200991975,-0.27028057917861514
3324,-0.6197860975544479,0.866660715181176,0.11369770984170954
3325,-0.2470606303838614,-0.6918332553106957,-0.5136545782853413
3326,-0.2470606303838614,-0.1723352651467385,-0.3560374232155579
3327,0.9953575935180936,-0.43208426022871715,-0.603260669628653
3328,-0.5473117011601671,-0.43208426022871715,-0.5149011111461744
3329,-0.7854418607413752,-0.1723352651467385,-0.4908534147059362
3330,-0.578372156757716,-0.6918332553106957,-0.6504961856745732
3331,1.0781854751115574,-0.1723352651467385,0.14808701223848905
3332,-0.9200371683307537,0.3471627250172188,-0.295684457203556
3333,-0.9303906535299367,0.3471627250172188,-0.4596727802287086
3334,2.8589849293710263,-0.6918332553106957,-0.6787451595346564
3335,-0.26776760078222733,-0.6918332553106957,-0.6364957749320684
3336,2.154947935826585,-0.43208426022871715,-0.5957295335944531
3337,-0.6715535235503627,-0.1723352651467385,-0.4693276389146982
3338,-0.857916257135656,0.6069117200991975,-0.023374736966195228
3339,-0.7647348903430093,-0.1723352651467385,-0.2510112587049037
3340,0.26026014437610356,-0.6918332553106957,0.22207681690858622
3341,-0.6404930679528138,-0.6918332553106957,-0.5475648888883747
3342,-0.8993301979323878,3.2044016709189838,1.4036226103998128
3343,-0.8889767127332048,0.866660715181176,1.0274466937306286
3344,-0.09175835239611702,0.08741372993524014,-0.4283767260421446
3345,-0.6404930679528138,0.3471627250172188,-0.19645236210158898
3346,-0.19529320438794662,-0.6918332553106957,-0.544160007462951
3347,-0.8993301979323878,1.1264097102631547,0.10849228095063806
3348,-0.6404930679528138,1.9056566955090908,0.7232869047018892
3349,2.061766569033938,-0.6918332553106957,-0.697495091316354
3350,-0.5680186715585331,-0.6918332553106957,-0.642659187410632
3351,-0.847562771936473,0.6069117200991975,-0.4041905259507026
3352,-0.6922604939487286,-0.43208426022871715,-0.43040234194099836
3353,1.92717126144456,-0.6918332553106957,-0.537015527455028
3354,-0.4230698787699717,0.6069117200991975,-0.14614668178732046
3355,0.6743995523434219,1.9056566955090908,0.7354463710804784
3356,-0.30918154157895916,-0.6918332553106957,-0.6649755882108244
3357,-0.8165023163389241,3.98364865616492,3.419624047465854
3358,-0.7233209495462775,-0.1723352651467385,-0.2743029560489886
3360,0.26026014437610356,-0.1723352651467385,-0.4495677846763071
3361,-0.11246532279448293,3.4641506660009624,0.8803846710796587
3362,-0.8993301979323878,0.866660715181176,-0.015393464065583303
3363,-0.6715535235503627,-0.1723352651467385,-0.5433462985121295
3364,-0.8889767127332048,4.503146646328877,1.8941275201521652
3365,-0.3920094231724228,-0.6918332553106957,-0.6695058118022779
3366,-0.9303906535299367,-0.43208426022871715,-0.4379219360042646
3367,-0.3713024527740569,-0.43208426022871715,-0.21418082945565947
3368,-0.6715535235503627,-0.6918332553106957,-0.6113689042095348
3369,-0.847562771936473,0.08741372993524014,0.8161997707176886
3370,-0.40236290837160577,-0.1723352651467385,0.9971201651024905
3371,-0.8061488311397411,1.3861587053451334,0.3454085473199929
3372,1.2541947234976676,-0.1723352651467385,-0.2916274544203817
3373,-0.7129674643470946,3.98364865616492,1.7448205841546023
3374,1.5026783682780587,-0.6918332553106957,-0.5283821331966656
3375,0.4983903039573116,-0.1723352651467385,-0.5119117406743617
3376,-0.8993301979323878,0.6069117200991975,-0.020656602811323064
3377,-0.350595482375691,-0.1723352651467385,-0.08281588727443956
3378,0.45697636316057977,-0.1723352651467385,-0.025573482429053555
3379,0.18778574798182285,-0.43208426022871715,-0.6662336630425909
3381,-0.9303906535299367,1.3861587053451334,0.44033548726371236
3382,0.9746506231197277,0.08741372993524014,-0.4636374472444138
3383,-0.7543814051438263,-0.6918332553106957,-0.5847877451493626
3384,1.5337388238756076,-0.43208426022871715,-0.5225188119623766
3385,-0.03999092640020223,-0.6918332553106957,-0.6952386359988276
3386,-0.5369582159609843,-0.1723352651467385,-0.4703433323568585
3387,0.26026014437610356,-0.6918332553106957,-0.6278219837754382
3388,0.9953575935180936,-0.6918332553106957,-0.6991629061162651
3389,1.409497001485412,-0.6918332553106957,-0.64685469384501
3390,-0.857916257135656,0.866660715181176,0.4806689046913161
3391,1.0160645639164596,-0.6918332553106957,-0.5788551720894719
3392,-0.8993301979323878,-0.43208426022871715,-0.5093667360834941
3393,-0.5369582159609843,-0.1723352651467385,-0.3876104847045293
3394,-0.5473117011601671,-0.6918332553106957,-0.5568157785916868
3395,1.8236364094527302,-0.6918332553106957,-0.6178093239905058
3396,-0.13317229319284885,-0.6918332553106957,-0.564248807872951
3397,-0.8993301979323878,0.6069117200991975,0.30582535800307564
3398,1.6993945870625349,-0.43208426022871715,-0.1402949025239651
3399,-0.30918154157895916,-0.6918332553106957,-0.5413206826132757
3400,-0.8061488311397411,0.866660715181176,0.3515604178276229
3401,-0.029637441201019268,-0.43208426022871715,1.82321942172135
3402,-0.7647348903430093,1.645907700427112,2.3903745604440028
3403,-0.6301395827536309,-0.43208426022871715,0.3180598471927337
3404,-0.9096836831315708,0.866660715181176,0.1748528428335994
3405,-0.8889767127332048,-0.6918332553106957,-0.6901774817444266
3406,-0.8682697423348389,0.6069117200991975,-0.10896422242460022
3407,1.3266691198919482,-0.6918332553106957,-0.6596605105958833
3408,-0.8268558015381071,0.3471627250172188,0.16865480444223488
3409,-0.6301395827536309,0.6069117200991975,0.07784834812182478
3410,2.0410595986355724,-0.1723352651467385,-0.3578379706812057
3411,0.6122786411483242,0.08741372993524014,-0.5927170791807731
3412,-0.7026139791479116,-0.43208426022871715,-0.483172233049599
3413,-0.9303906535299367,1.9056566955090908,1.5394138984340837
3414,-0.050344411599385186,-0.1723352651467385,0.09906826168332131
3415,-0.46448381956670354,-0.43208426022871715,0.05244447009688386
3416,-0.8889767127332048,0.08741372993524014,-0.3117970486269171
3417,-0.4127163935707887,0.6069117200991975,-0.24938384080326048
3418,-0.7543814051438263,-0.6918332553106957,-0.6502191783721659
3419,-0.6301395827536309,-0.6918332553106957,-0.6066251541558089
3420,-0.857916257135656,-0.1723352651467385,-0.42459095957591075
3421,-0.6404930679528138,-0.1723352651467385,0.30037754772239766
3422,-0.9096836831315708,4.243397651246899,4.254483660023346
3423,-0.5162512455626184,-0.43208426022871715,-0.23197277764986504
3424,-0.8268558015381071,0.08741372993524014,-0.02853976895899901
3425,-0.6197860975544479,-0.6918332553106957,-0.7219871536375375
3426,-0.4748373047658865,-0.1723352651467385,-0.7076462547524902
3427,-0.30918154157895916,-0.1723352651467385,-0.556492603405545
3428,0.9746506231197277,-0.43208426022871715,-0.6736089824691869
3429,-0.12281880799366589,0.6069117200991975,-0.24917608532645502
3430,0.2084927183801888,-0.43208426022871715,-0.34975859102765794
3431,-0.2781210859814103,-0.6918332553106957,-0.6782026869007755
3432,-0.8165023163389241,-0.43208426022871715,-0.5434617182214658
3433,-0.050344411599385186,-0.1723352651467385,-0.1684688535729795
3434,-0.7750883755421922,-0.1723352651467385,-0.3327226419296058
3435,1.6062132202698882,-0.43208426022871715,-0.512771617508918
3436,-0.029637441201019268,-0.6918332553106957,-0.031592620270946684
3437,-0.6301395827536309,-0.6918332553106957,-0.6980952738049033
3438,0.48803681875812865,-0.6918332553106957,-0.5034226210526698
3439,-0.6612000383511797,-0.1723352651467385,-0.13878867531712516
3440,-0.9096836831315708,0.3471627250172188,-0.16025097026822818
3441,-0.6094326123552649,0.08741372993524014,0.23840870577968631
3442,-0.6819070087495457,-0.6918332553106957,-0.21559472089503035
3443,0.2291996887785547,-0.1723352651467385,-0.5670708197662258
3444,0.6847530375426049,-0.6918332553106957,-0.3924523415111911
3445,-0.06069789679856814,-0.1723352651467385,-0.12763336040976234
3446,0.2809671147744695,-0.1723352651467385,-0.22894301027978461
3447,-0.9096836831315708,1.3861587053451334,2.5034050817971365
3448,0.0531904403924444,0.6069117200991975,1.1003977210166982
3449,1.0678319899123743,-0.6918332553106957,-0.6203370156249728
3450,-0.6508465531519968,-0.6918332553106957,-0.5241866267622876
3451,0.41556242236384794,-0.6918332553106957,-0.4752890669019231
3452,-0.6508465531519968,0.3471627250172188,0.01977492136921669
3453,-0.09175835239611702,-0.1723352651467385,-0.08204834620735244
3454,-0.6301395827536309,0.3471627250172188,1.0231819354706488
3455,1.8132829242535473,-0.6918332553106957,-0.6277815868771704
3456,-0.17458623398958067,1.9056566955090908,2.256551178453918
3457,2.3102502138143293,0.08741372993524014,-0.45226860587477874
3458,-0.7233209495462775,0.866660715181176,0.08026062004695551
3459,-0.32988851197732505,-0.1723352651467385,-0.26703151436079553
3460,-0.8165023163389241,4.503146646328877,1.8640722278409676
3461,-0.6508465531519968,1.3861587053451334,0.8008027814922133
3462,0.23955317397773765,-0.6918332553106957,-0.5828256100906439
3463,-0.6508465531519968,1.3861587053451334,0.6388285323949808
3464,-0.7543814051438263,0.08741372993524014,0.07157528691939155
3465,-0.7543814051438263,0.08741372993524014,-0.281591710693582
3466,-0.5680186715585331,-0.1723352651467385,-0.2775751048086755
3467,-0.5680186715585331,-0.43208426022871715,-0.5447024800968321
3468,-0.13317229319284885,-0.6918332553106957,-0.6944018431061387
3469,-0.7129674643470946,-0.43208426022871715,-0.5969760664552862
3470,-0.6819070087495457,-0.43208426022871715,-0.5955102361467138
3471,-0.599079127156082,-0.43208426022871715,0.39345777231673484
3472,0.18778574798182285,-0.1723352651467385,0.048312444502640814
3473,-0.578372156757716,-0.43208426022871715,0.9393352876232234
3474,0.3327345407703843,0.3471627250172188,0.14115028770737162
3475,-0.8682697423348389,0.6069117200991975,0.42013703812984293
3476,-0.6508465531519968,0.08741372993524014,0.3860478269773382
3477,-0.8993301979323878,0.866660715181176,0.41659942403868244
3478,-0.9096836831315708,1.3861587053451334,1.446033582595472
3479,-0.4230698787699717,0.08741372993524014,0.2629931038683388
3480,2.393078095407793,-0.6918332553106957,-0.5886773893539993
3481,-0.7026139791479116,-0.1723352651467385,0.00120966112245736
3482,-0.7854418607413752,0.08741372993524014,-0.17309141293190225
3483,-0.9200371683307537,1.1264097102631547,-0.2121667555277394
3484,-0.7543814051438263,-0.43208426022871715,-0.2021714086992074
3485,-0.83720928673729,0.08741372993524014,0.17293687565861524
3487,0.7054600079409707,-0.43208426022871715,-0.3787404800420272
3488,-0.599079127156082,0.6069117200991975,5.47860778428877
3489,-0.6404930679528138,0.6069117200991975,-0.25220585269653545
3490,0.7675809191360685,-0.6918332553106957,-0.6687209577787904
3491,-0.4541303343675206,-0.6918332553106957,-0.6194886807613502
3492,-0.8786232275340219,1.1264097102631547,-0.2963077236339726
3493,-0.857916257135656,-0.1723352651467385,-0.2796411176057969
3494,2.0410595986355724,-0.6918332553106957,-0.6959022993275118
3495,2.3516641546110613,-0.6918332553106957,-0.6723451366519533
3496,-0.9096836831315708,-0.43208426022871715,-0.41271427148519557
3497,1.4716179126805098,-0.6918332553106957,-0.5855264312891156
3498,0.29132059997365245,-0.6918332553106957,-0.6831368794749064
3499,0.7365204635385196,-0.6918332553106957,-0.5636890222826694
3500,0.9746506231197277,-0.6918332553106957,-0.5904721658341802
3501,-0.4230698787699717,-0.6918332553106957,-0.6132906423699859
3502,0.6329856115466901,0.3471627250172188,-0.18312138567323513
3503,2.5276734029971717,-0.6918332553106957,-0.6723047397536855
3504,-0.8889767127332048,0.3471627250172188,0.6585306767787037
3505,-0.7750883755421922,0.866660715181176,2.0603434435675103
3506,0.16707877758345693,-0.43208426022871715,-0.5176942681121153
3507,-0.7750883755421922,0.866660715181176,-0.10522462384210095
3508,1.9168177762453769,-0.6918332553106957,-0.5433751534394635
3509,-0.7750883755421922,2.1654056905910695,5.393797381868384
3510,1.616566705469071,-0.6918332553106957,-0.4944256547098977
3511,1.5337388238756076,-0.6918332553106957,-0.4288210919230897
3512,-0.9303906535299367,-0.43208426022871715,-0.19476723434527754
3513,0.156725292384274,-0.1723352651467385,-0.33026420212074054
3514,-0.7026139791479116,0.08741372993524014,0.22652624670350419
3515,-0.40236290837160577,-0.6918332553106957,-0.6908930839423122
3516,1.0781854751115574,-0.1723352651467385,0.21204684416725328
3517,-0.6922604939487286,-0.6918332553106957,-0.6395890231422838
3518,-0.16423274879039773,-0.6918332553106957,-0.5728995150877139
3519,-0.7543814051438263,-0.43208426022871715,-0.617705446252103
3520,-0.857916257135656,-0.43208426022871715,-0.5788667140604055
3521,-0.6094326123552649,-0.1723352651467385,-0.03179460476228532
3522,-0.7129674643470946,-0.1723352651467385,0.12512426106601293
3523,-0.6197860975544479,0.6069117200991975,1.2672888497316612
3524,-0.6404930679528138,1.645907700427112,0.22702832243911758
3525,-0.7129674643470946,-0.43208426022871715,-0.5938135664194689
3526,-0.599079127156082,0.866660715181176,0.6609429487038343
3527,1.9996456578388406,-0.6918332553106957,-0.6713871530644611
3528,-0.5369582159609843,-0.43208426022871715,-0.6438826363295979
3529,-0.34024199717650805,-0.43208426022871715,-0.28063372710608997
3530,2.0514130838347553,-0.6918332553106957,-0.6331659163177134
3531,-0.12281880799366589,-0.6918332553106957,-0.5795823162582912
3532,-0.8889767127332048,1.1264097102631547,1.4107382354804017
3533,1.3163156346927654,-0.6918332553106957,-0.7283929475057075
3534,-0.4851907899650694,0.08741372993524014,0.07019025040735487
3535,1.150659871505838,-0.6918332553106957,-0.5862939723562026
3536,0.902176226725447,-0.1723352651467385,-0.3521881759091891
3537,-0.36094896757487394,0.08741372993524014,-0.3035733943366988
3538,-0.350595482375691,-0.43208426022871715,-0.6245036671320168
3539,-0.857916257135656,0.6069117200991975,1.1687665858421128
3540,-0.4541303343675206,-0.43208426022871715,-0.6798589597297526
3541,1.409497001485412,-0.6918332553106957,-0.6452619018561677
3542,-0.8268558015381071,0.866660715181176,0.6649133867050064
3543,0.156725292384274,-0.43208426022871715,-0.5411244691074037
3544,-0.32988851197732505,-0.43208426022871715,-0.5063023428006128
3545,-0.6508465531519968,0.866660715181176,0.4461353276578664
3546,-0.5680186715585331,0.866660715181176,0.21770240992473683
3547,1.896110805847011,-0.43208426022871715,-0.6114035301223358
3548,-0.6301395827536309,-0.6918332553106957,-0.17835455167764194
3549,-0.6922604939487286,-0.1723352651467385,-0.36348199446775553
3550,-0.3816559379732399,-0.6918332553106957,-0.5652298754023103
3551,-0.5680186715585331,0.6069117200991975,1.2937315051406295
3552,0.8711157711278982,0.08741372993524014,0.13994415174480618
3553,-0.3816559379732399,-0.6918332553106957,-0.541309140642342
3554,-0.3920094231724228,-0.6918332553106957,-0.6450945432776299
3555,-0.6612000383511797,1.1264097102631547,0.5743031438904683
3556,1.6786876166641689,-0.6918332553106957,-0.6320463451371504
3557,-0.5266047307618013,0.866660715181176,0.8420826405363755
3558,-0.3195350267781421,0.6069117200991975,-0.14597355222331576
3559,1.4819713978796927,-0.6918332553106957,-0.6974604654035532
3560,-0.8993301979323878,1.645907700427112,0.3685675119983409
3561,-0.6094326123552649,-0.6918332553106957,-0.6970391834644754
3562,-0.6922604939487286,2.684903680755027,1.0827442764736963
3563,-0.8682697423348389,-0.43208426022871715,-0.5695581145024251
3564,-0.26776760078222733,-0.6918332553106957,-0.5585817001445338
3565,2.2688362730175977,-0.43208426022871715,-0.5166612617135545
3566,2.2584827878184144,-0.6918332553106957,-0.5358786433180646
3567,-0.7440279199446435,0.6069117200991975,-0.2208809435826373
3568,-0.7750883755421922,1.1264097102631547,0.33704061839310406
3569,0.0531904403924444,-0.43208426022871715,-0.5790052177116092
3570,1.7925759538551815,1.1264097102631547,1.3367599727812383
3571,-0.8165023163389241,1.645907700427112,1.0689343082515965
3572,-0.9096836831315708,-0.43208426022871715,-0.5197025710545685
3573,-0.578372156757716,-0.6918332553106957,-0.6528045798613012
3574,0.9539436527213618,-0.6918332553106957,-0.6764598492897957
3575,-0.6819070087495457,-0.43208426022871715,-0.44552232386406637
3576,-0.8061488311397411,0.6069117200991975,-0.23426385888019252
3577,-0.8268558015381071,-0.43208426022871715,-0.5813540087966048
3578,-0.9096836831315708,3.4641506660009624,1.3980709223807324
3579,2.2998967286151464,-0.6918332553106957,-0.5422209563460996
3580,0.1774322627826399,-0.43208426022871715,-0.10793121602603949
3581,-0.9303906535299367,5.80189162173877,4.244436374325613
3582,-0.3920094231724228,-0.6918332553106957,-0.21188974822533202
3583,1.181720327103387,-0.6918332553106957,-0.6640176046233321
3584,-0.7854418607413752,-0.6918332553106957,-0.6001097115637694
3585,0.3016740851728354,-0.6918332553106957,-0.5790686985517443
3586,-0.8993301979323878,-0.43208426022871715,-0.541055217281802
3587,2.8175709885742943,-0.6918332553106957,-0.599480674147886
3588,0.2706136295752865,-0.43208426022871715,-0.5587490587230716
3589,-0.7543814051438263,-0.6918332553106957,-0.660087563520428
3590,-0.8889767127332048,-0.43208426022871715,-0.6057364223939187
3591,-0.5162512455626184,-0.43208426022871715,-0.5907491731365875
3592,0.16707877758345693,-0.43208426022871715,-0.6244574992482822
3593,0.5915716707499582,-0.43208426022871715,-0.41475720034044977
3594,-0.40236290837160577,0.3471627250172188,-0.03964891598262706
3595,1.2127807827009358,-0.6918332553106957,-0.7263500186504532
3596,0.4983903039573116,-0.43208426022871715,-0.43811237852466967
3597,-0.9200371683307537,-0.1723352651467385,-0.5836912579106669
3598,0.3741484815671161,-0.43208426022871715,-0.5796631100548266
3599,0.1774322627826399,0.08741372993524014,-0.32226561626372824
3600,-0.5058977603634354,0.08741372993524014,0.47701009990535254
3601,-0.578372156757716,-0.6918332553106957,-0.6983376551945097
3602,1.419850486684595,-0.43208426022871715,-0.14814921374430684
3603,1.5544457942739733,-0.6918332553106957,-0.6209718240263231
3604,-0.34024199717650805,-0.6918332553106957,-0.6545647304286814
3605,0.405208937164665,-0.1723352651467385,0.2200742849515997
3606,-0.3195350267781421,0.6069117200991975,0.1907403658237544
3607,-0.7129674643470946,-0.6918332553106957,-0.6741341421466673
3608,-0.6715535235503627,0.866660715181176,-0.14886481594219264
3609,-0.847562771936473,0.866660715181176,0.05636296922885451
3610,-0.6094326123552649,-0.1723352651467385,-0.21794351198002604
3611,-0.8993301979323878,-0.43208426022871715,-0.45984590979271317
3612,2.2481293026192315,-0.6918332553106957,-0.4450952709395216
3613,-0.857916257135656,1.3861587053451334,0.3191621054168964
3614,-0.6404930679528138,-0.1723352651467385,-0.44154611487742745
3615,-0.7647348903430093,-0.6918332553106957,-0.6869111039702065
3616,0.10495786638835919,-0.43208426022871715,-0.4753236928147239
3617,-0.8165023163389241,0.08741372993524014,-0.37681874188157616
3618,-0.7233209495462775,-0.6918332553106957,-0.6489091646711979
3619,-0.7854418607413752,0.3471627250172188,-0.10759072788349702
3620,2.7968640181759286,-0.6918332553106957,-0.6186634298395951
3621,-0.8268558015381071,3.98364865616492,4.218155306509715
3622,0.042836955193261445,-0.6918332553106957,-0.7152062457140241
3623,-0.13317229319284885,-0.43208426022871715,0.036233771920586855
3624,0.4983903039573116,-0.1723352651467385,-0.39113655682475623
3625,-0.6197860975544479,-0.6918332553106957,0.5810090290029128
3626,-0.6819070087495457,1.1264097102631547,0.6958978076763621
3628,-0.46448381956670354,-0.1723352651467385,0.7376912844270714
3629,0.09460438118917623,-0.1723352651467385,-0.07008509333463489
3630,-0.857916257135656,-0.43208426022871715,-0.35849586302442316
3631,-0.7854418607413752,0.866660715181176,-0.2314129920595835
3632,-0.7543814051438263,0.08741372993524014,-0.19150085657105753
3633,1.9582317170421089,-0.6918332553106957,-0.7070980111331423
3634,-0.7957953459405582,-0.43208426022871715,-0.4610751296971458
3635,-0.7026139791479116,-0.43208426022871715,-0.5529549893143845
3636,0.3430880259695672,-0.6918332553106957,-0.6618534850732748
3637,-0.050344411599385186,-0.6918332553106957,-0.47773019375438786
3638,2.1860083914241337,-0.43208426022871715,-0.5857803546496557
3639,0.6226321263475071,0.08741372993524014,0.4073196794080362
3640,-0.7647348903430093,1.1264097102631547,3.0712411968048743
3641,0.03248346999407848,-0.43208426022871715,-0.6225184481314306
3642,-0.6301395827536309,1.9056566955090908,6.366104555289126
3643,0.6847530375426049,-0.1723352651467385,-0.31203943001652346
3644,2.734743106980831,-0.6918332553106957,-0.651211787872459
3645,-0.46448381956670354,-0.6918332553106957,-0.6702964368112322
3646,-0.7854418607413752,0.08741372993524014,-0.45263217795918836
3647,-0.8993301979323878,2.9446526758370055,0.7816777356551722
3648,-0.050344411599385186,-0.6918332553106957,-0.6308286672036513
3649,-0.7854418607413752,0.3471627250172188,-0.0938038436032645
3650,0.91252971192463,-0.6918332553106957,-0.6990474864069286
3651,-0.857916257135656,0.08741372993524014,-0.020772022520659485
3652,-0.5680186715585331,-0.1723352651467385,-0.4241177387676316
3653,0.39485545196548205,-0.43208426022871715,0.24119032077469346
3654,-0.4127163935707887,-0.6918332553106957,0.040971750988845965
3655,2.2895432434159635,-0.6918332553106957,-0.6601106474622952
3656,-0.6922604939487286,-0.43208426022871715,-0.5389661205428131
3657,2.1963618766233166,-0.43208426022871715,-0.5518296471483546
3658,-0.8268558015381071,-0.6918332553106957,-0.6891733302731999
3659,-0.7647348903430093,-0.1723352651467385,-0.4249025927911191
3660,-0.43342336396915465,-0.1723352651467385,-0.48122163996181383
3661,1.5337388238756076,-0.43208426022871715,-0.5827736712214425
3662,-0.9303906535299367,1.9056566955090908,1.823121314968414
3663,-0.8061488311397411,1.1264097102631547,2.008012147354388
3664,1.5233853386764244,-0.6918332553106957,-0.6657777551907123
3665,-0.7026139791479116,1.1264097102631547,0.34083792683027164
3666,-0.18493971918876365,0.08741372993524014,-0.5054713208933908
3667,-0.7647348903430093,-0.1723352651467385,-0.5183348474989322
3668,-0.5162512455626184,1.1264097102631547,0.011897526207007689
3669,-0.5266047307618013,0.08741372993524014,-0.38962455863244944
3670,1.3266691198919482,-0.43208426022871715,-0.4768530039634312
3671,1.1195994159082892,-0.1723352651467385,-0.5320640219244966
3672,-0.20564668958712956,-0.43208426022871715,-0.6456947257661793
3673,-0.6922604939487286,4.243397651246899,1.6036738216071227
3674,-0.8268558015381071,-0.6918332553106957,-0.5294324525516267
3676,-0.26776760078222733,-0.6918332553106957,-0.7252189054989565
3677,-0.8993301979323878,-0.6918332553106957,-0.6479511810837059
3678,-0.7440279199446435,-0.43208426022871715,-0.568825199348139
3679,-0.7854418607413752,-0.6918332553106957,-0.6122749489278255
3680,-0.857916257135656,0.6069117200991975,0.7873679273254566
3681,-0.7336744347454605,-0.43208426022871715,-0.310452409013148
3682,-0.13317229319284885,0.08741372993524014,-0.03607090499319887
3684,0.7572274339368856,-0.43208426022871715,-0.46933340990016503
3685,2.2377758174200486,-0.43208426022871715,-0.4987019549408111
3686,1.3266691198919482,-0.6918332553106957,-0.6453080697399024
3687,-0.5369582159609843,1.1264097102631547,3.4676328755643286
3688,-0.7129674643470946,-0.43208426022871715,-0.36106395155715804
3689,0.24990665917692062,-0.1723352651467385,-0.38589650202088377
3690,0.36379499636793317,0.3471627250172188,0.46623567003879984
3691,-0.8889767127332048,2.425154685673048,0.7570298567263846
3692,-0.5680186715585331,-0.6918332553106957,-0.6004386577353781
3694,-0.9303906535299367,-0.1723352651467385,-0.1677359384186934
3695,2.5069664325988055,-0.1723352651467385,0.5068980336380124
3697,0.9746506231197277,-0.43208426022871715,-0.3175276371954691
3698,-0.7750883755421922,0.3471627250172188,-0.061948003826418976
3699,-0.8165023163389241,-0.1723352651467385,-0.3134360084994939
3700,-0.9096836831315708,0.866660715181176,-0.03693655281322185
3701,-0.4851907899650694,-0.43208426022871715,-0.31397848113337495
3702,-0.11246532279448293,-0.6918332553106957,-0.4698874245049797
3703,-0.6301395827536309,0.866660715181176,3.2152215132165622
3704,-0.5058977603634354,-0.43208426022871715,-0.4954990580067261
3705,-0.8268558015381071,2.1654056905910695,1.6761862539977137
3706,-0.4230698787699717,-0.1723352651467385,-0.41737722774238595
3707,-0.7750883755421922,0.6069117200991975,0.37933039989395984
3708,-0.46448381956670354,-0.43208426022871715,-0.3599097544637941
3709,-0.7440279199446435,-0.43208426022871715,-0.32484524676739673
3710,-0.857916257135656,0.6069117200991975,2.1440342748073316
3711,-0.19529320438794662,-0.6918332553106957,-0.7047896169464144
3713,0.38450196676629905,-0.1723352651467385,-0.46003058132765134
3714,-0.599079127156082,-0.43208426022871715,-0.6095914406857543
3715,2.2998967286151464,-0.6918332553106957,-0.5302173065751143
3716,-0.7543814051438263,-0.43208426022871715,-0.551881586017556
3717,-0.029637441201019268,-0.6918332553106957,-0.5880079550398482
3718,-0.9200371683307537,0.866660715181176,0.6069669216326685
3719,-0.9200371683307537,-0.43208426022871715,-0.6381347348046452
3720,1.6890411018633518,-0.6918332553106957,-0.5387872199933417
3721,0.6847530375426049,-0.1723352651467385,-0.6553784393795029
3722,-0.5576651863593501,0.6069117200991975,0.5346795576752831
3723,1.3370226050911314,-0.6918332553106957,-0.45465202287257533
3724,0.5915716707499582,-0.1723352651467385,0.9337316607349413
3725,0.8918227415262641,-0.43208426022871715,-0.6931899361581064
3726,-0.5266047307618013,-0.43208426022871715,-0.45044497446726367
3727,-0.9200371683307537,0.866660715181176,0.6918234919367874
3729,-0.9303906535299367,0.866660715181176,0.23045628780640862
3730,-0.7543814051438263,-0.43208426022871715,-0.4820757458109032
3731,1.0471250195140085,0.08741372993524014,-0.4642953395876313
3732,1.1713668419042038,-0.6918332553106957,-0.6869572718539411
3733,2.83827795897266,-0.6918332553106957,-0.6187673075779978
3734,0.3741484815671161,0.3471627250172188,0.23986299411732492
3735,-0.7854418607413752,-0.6918332553106957,-0.5803094604271105
3736,-0.4955442751642524,-0.43208426022871715,-0.38363427571789044
3737,0.03248346999407848,0.6069117200991975,-0.4037577020406911
3738,-0.7026139791479116,-0.1723352651467385,-0.32583208528222285
3739,-0.3195350267781421,-0.43208426022871715,-0.3730214334444087
3740,-0.7750883755421922,0.3471627250172188,0.3314543044612226
3741,0.6951065227417879,-0.6918332553106957,-0.5956256558560503
3742,-0.83720928673729,-0.43208426022871715,-0.32247337174053375
3743,-0.83720928673729,-0.43208426022871715,-0.6838986495565266
3744,-0.7750883755421922,0.3471627250172188,0.3167729174336329
3745,-0.4748373047658865,0.3471627250172188,-0.11368488853645888
3746,1.0367715343148254,-0.1723352651467385,-0.35305382372921207
3747,-0.12281880799366589,-0.6918332553106957,-0.6507905059333812
3748,-0.13317229319284885,-0.6918332553106957,-0.46759057228918544
3749,-0.8993301979323878,0.08741372993524014,-0.038361986223526365
3750,-0.26776760078222733,-0.1723352651467385,-0.5240192681837498
3751,1.7615154982576327,-0.6918332553106957,-0.5339280502302794
3752,-0.32988851197732505,-0.43208426022871715,-0.545602753829656
3753,-0.9303906535299367,0.866660715181176,0.44451368074169006
3754,-0.9303906535299367,1.645907700427112,1.2908575543781533
3755,1.626920190668254,-0.6918332553106957,-0.5467973478212877
3756,-0.857916257135656,-0.43208426022871715,-0.47581999756487053
3757,2.7761570477775623,-0.6918332553106957,-0.6065385893738067
3758,-0.15387926359121476,-0.6918332553106957,-0.6058633840741887
3759,2.061766569033938,-0.6918332553106957,-0.4034980076946843
3760,-0.7647348903430093,-0.1723352651467385,-0.10622300432786079
3761,1.3473760902903142,-0.43208426022871715,-0.5964105098795379
3762,-0.847562771936473,0.08741372993524014,-0.3652825419334033
3763,-0.9096836831315708,-0.43208426022871715,-0.44038614679859667
3764,1.1920738123025698,1.3861587053451334,0.9666205069103474
3765,0.7365204635385196,-0.43208426022871715,-0.10169855172187409
3766,-0.15387926359121476,-0.6918332553106957,-0.5885619696446628
3767,1.7718689834568155,-0.43208426022871715,-0.41348181255228256
3768,1.9685852022412917,-0.6918332553106957,-0.5394451123365592
3769,-0.34024199717650805,1.1264097102631547,2.766077256304908
3770,-0.6819070087495457,-0.6918332553106957,-0.5849377907715
3772,-0.6404930679528138,1.645907700427112,0.9250463276073776
3773,-0.19529320438794662,-0.6918332553106957,-0.4667941762947642
3774,0.38450196676629905,-0.6918332553106957,-0.6425495386867623
3775,-0.6197860975544479,0.08741372993524014,-0.39418363715123705
3776,-0.7854418607413752,0.3471627250172188,-0.3197032987164602
3777,2.2584827878184144,-0.6918332553106957,-0.6741226001757337
3778,-0.7647348903430093,0.6069117200991975,0.3012201116005534
3779,-0.3816559379732399,-0.6918332553106957,-0.4473978941407828
3780,-0.6301395827536309,-0.1723352651467385,-0.3455977105060809
3781,-0.9200371683307537,0.3471627250172188,-0.14505596553409145
3782,-0.8268558015381071,0.08741372993524014,-0.38626584509076023
3783,2.7968640181759286,-0.6918332553106957,-0.6792818611830707
3784,2.7865105329767457,-0.6918332553106957,-0.5190215947694837
3785,-0.8889767127332048,0.08741372993524014,-0.072808998474974
3786,-0.3816559379732399,0.08741372993524014,-0.22085208865530323
3787,-0.9303906535299367,1.1264097102631547,1.3310409261836198
3788,-0.9303906535299367,1.645907700427112,0.613418883384573
3789,1.0264180491156425,-0.6918332553106957,-0.5917360116514138
3790,-0.3816559379732399,-0.6918332553106957,-0.6340604190650704
3791,1.9582317170421089,-0.6918332553106957,-0.6680861493774402
3792,0.8918227415262641,-0.6918332553106957,-0.7188131116307865
3793,-0.6301395827536309,-0.43208426022871715,-0.24494595297927604
3794,-0.6715535235503627,-0.6918332553106957,-0.7061631114875174
3795,-0.6819070087495457,-0.43208426022871715,-0.42887880177775795
3796,1.854696865050279,-0.6918332553106957,-0.6644215736060096
3797,-0.4955442751642524,-0.1723352651467385,-0.39017857323726407
3798,1.4819713978796927,-0.6918332553106957,-0.7033468705797095
3799,-0.6922604939487286,-0.43208426022871715,-0.6770542607928781
3800,1.0988924455099232,-0.1723352651467385,-0.6087835027203995
3801,2.7761570477775623,-0.6918332553106957,-0.5858842323880585
3802,-0.3195350267781421,0.08741372993524014,-0.2260228916335738
3803,0.405208937164665,-0.6918332553106957,0.09553064759216069
3804,-0.9303906535299367,0.3471627250172188,0.36379490701728096
3805,-0.7336744347454605,-0.43208426022871715,-0.48407250678242286
3806,1.1920738123025698,-0.6918332553106957,-0.671837289930873
3807,-0.7957953459405582,-0.1723352651467385,-0.45048537136553135
3808,0.042836955193261445,0.08741372993524014,-0.2695707479661963
3809,-0.7440279199446435,-0.6918332553106957,-0.6662278920571243
3810,-0.7957953459405582,0.866660715181176,-0.11523728362703331
3811,-0.6922604939487286,-0.1723352651467385,-0.5009526392728709
3812,-0.857916257135656,-0.43208426022871715,-0.2428741691966877
3813,-0.8682697423348389,1.1264097102631547,1.7367296625301205
3814,2.4966129473996226,-0.6918332553106957,-0.5643584565968205
3815,-0.4230698787699717,0.08741372993524014,0.10182679273646118
3816,-0.20564668958712956,0.08741372993524014,-0.6321040549918185
3817,-0.6404930679528138,-0.1723352651467385,-0.5433174435847953
3818,1.5751527646723393,-0.6918332553106957,-0.655822805260448
3819,-0.857916257135656,3.98364865616492,1.3276822126419305
3820,1.3163156346927654,-0.6918332553106957,-0.680170592944961
3821,-0.8889767127332048,-0.1723352651467385,-0.5039016128464158
3822,1.6786876166641689,-0.1723352651467385,-0.6384694519617208
3823,-0.9303906535299367,5.5421426266567915,5.611115381592421
3824,1.5026783682780587,-0.6918332553106957,-0.6618130881750071
3825,-0.8682697423348389,-0.43208426022871715,-0.0460316259089299
3826,0.18778574798182285,0.08741372993524014,-0.109068100163003
3827,0.09460438118917623,-0.1723352651467385,-0.04724353285696202
3828,-0.3195350267781421,0.08741372993524014,0.6244818625244667
3829,-0.9200371683307537,-0.1723352651467385,0.09069456177096573
3830,-0.18493971918876365,0.866660715181176,0.5216429015057372
3831,-0.8993301979323878,0.3471627250172188,1.503501055874064
3832,-0.06069789679856814,-0.43208426022871715,-0.1897984158583457
3833,-0.8165023163389241,-0.43208426022871715,-0.5385910064874699
3834,-0.7026139791479116,0.866660715181176,0.869033142666424
3835,1.2749016938960336,-0.6918332553106957,0.4168418054282889
3836,-0.7543814051438263,-0.6918332553106957,-0.669661628409882
3837,1.5337388238756076,-0.6918332553106957,-0.6960119480513814
3838,-0.9200371683307537,0.6069117200991975,2.1819554203098046
3839,-0.13317229319284885,-0.6918332553106957,-0.5351688121056457
3840,1.3059621494935825,-0.43208426022871715,-0.5844299440504198
3841,-0.599079127156082,-0.43208426022871715,-0.651338749552729
3842,-0.5162512455626184,0.3471627250172188,-0.12110060486132232
3843,-0.8682697423348389,2.9446526758370055,1.536326421209335
3844,-0.3920094231724228,0.6069117200991975,0.4191963674987512
3845,-0.7026139791479116,2.684903680755027,1.8681176886532083
3846,-0.350595482375691,-0.6918332553106957,-0.5378523203477169
3847,0.405208937164665,-0.1723352651467385,-0.5727494694655765
3848,0.8607622859287152,-0.1723352651467385,-0.43332246058720925
3849,-0.8786232275340219,-0.1723352651467385,-0.2022637444666765
3850,2.2895432434159635,-0.6918332553106957,-0.6368535760310112
3851,-0.3195350267781421,-0.6918332553106957,-0.7159622448101776
3852,-0.7233209495462775,-0.1723352651467385,0.03337713411451114
3853,-0.599079127156082,-0.6918332553106957,-0.45880136142321876
3854,-0.7854418607413752,-0.43208426022871715,-0.27619006829663867
3855,-0.7543814051438263,0.08741372993524014,0.4183595746060625
3856,-0.10211183759529997,-0.6918332553106957,-0.7192459355407981
3857,-0.8786232275340219,1.1264097102631547,0.28396486505476204
3858,0.8193483451319833,-0.43208426022871715,-0.47233432234291134
3859,-0.9200371683307537,-0.1723352651467385,-0.45806267528346584
3860,-0.6197860975544479,0.08741372993524014,0.0016020881342010144
3861,-0.5680186715585331,1.3861587053451334,0.600128303854487
3862,-0.7440279199446435,-0.6918332553106957,-0.5981648894614511
3863,-0.6197860975544479,-0.43208426022871715,-0.44725361950411224
3864,1.9168177762453769,-0.6918332553106957,-0.7003459581369631
3865,-0.03999092640020223,-0.6918332553106957,-0.4042020679216363
3866,0.3016740851728354,-0.43208426022871715,-0.3518996266358481
3868,-0.9303906535299367,1.9056566955090908,0.9081084852622611
3869,1.3266691198919482,-0.1723352651467385,-0.18102074696331272
3870,-0.26776760078222733,-0.6918332553106957,-0.6861724178304536
3871,-0.30918154157895916,0.08741372993524014,0.27437348720890753
3872,0.48803681875812865,-0.6918332553106957,-0.2617568336441222
3873,-0.7233209495462775,-0.6918332553106957,-0.6671166238190145
3874,-0.8165023163389241,1.645907700427112,1.5136926162084676
3875,-0.6819070087495457,2.1654056905910695,2.046192987202868
3876,-0.5576651863593501,0.08741372993524014,-0.06608002942066203
3877,1.92717126144456,-0.6918332553106957,-0.6951232162894911
3878,-0.8268558015381071,0.866660715181176,0.759967288328996
3879,-0.18493971918876365,0.3471627250172188,0.20350001469089313
3880,-0.6715535235503627,-0.43208426022871715,-0.41934513378657157
3881,-0.7647348903430093,2.1654056905910695,0.9680228563787848
3882,0.5190972743556775,-0.6918332553106957,-0.6498498353022896
3883,-0.6715535235503627,0.866660715181176,0.2774955903464571
3884,-0.7440279199446435,-0.43208426022871715,-0.4140242851861637
3885,-0.8993301979323878,-0.43208426022871715,-0.34274107270000503
3886,-0.25741411558304433,0.3471627250172188,0.4232706832383263
3887,-0.9303906535299367,-0.43208426022871715,-0.5622751308432985
3888,-0.4955442751642524,0.866660715181176,1.2030520105004896
3889,1.419850486684595,-0.6918332553106957,-0.6442519793994742
3890,-0.7750883755421922,0.08741372993524014,0.1446475049002644
3891,-0.4230698787699717,-0.43208426022871715,1.0711561376563221
3892,-0.9200371683307537,0.6069117200991975,0.17720163391859503
3893,-0.17458623398958067,-0.43208426022871715,-0.444956767288318
3895,-0.8993301979323878,0.6069117200991975,0.03786696080769696
3897,1.7925759538551815,-0.6918332553106957,-0.5909223027005921
3898,-0.3920094231724228,-0.43208426022871715,0.38668263537868847
3899,-0.6922604939487286,-0.6918332553106957,-0.6565441784438004
3900,-0.83720928673729,0.6069117200991975,0.6649710965596746
3901,-0.4851907899650694,-0.6918332553106957,-0.6247979873908246
3902,-0.7647348903430093,0.866660715181176,1.0788661742399934
3903,-0.8682697423348389,0.866660715181176,2.5492728742874204
3904,-0.6301395827536309,2.9446526758370055,1.9828448797335863
3905,2.7658035625783794,-0.43208426022871715,-0.5953717324955102
3906,0.3741484815671161,0.08741372993524014,-0.3353657532734093
3907,0.4776833335589457,-0.6918332553106957,-0.6472702047986211
3908,0.5294507595548605,-0.6918332553106957,-0.5995730099153551
3909,0.4259159075630309,-0.43208426022871715,-0.32128454873436885
3910,-0.5473117011601671,1.1264097102631547,0.5561187686845188
3911,1.5026783682780587,-0.6918332553106957,-0.5673535980540999
3912,1.7615154982576327,-0.6918332553106957,-0.673539730643585
3913,-0.7647348903430093,0.08741372993524014,0.699775909910065
3914,1.6786876166641689,-0.6918332553106957,-0.5217628128662232
3915,-0.6301395827536309,0.08741372993524014,0.28988012515825234
3916,-0.578372156757716,-0.1723352651467385,-0.30200945727519063
3917,0.8089948599328004,-0.43208426022871715,-0.2521192879145331
3918,-0.9096836831315708,1.3861587053451334,0.28938959139357273
3919,-0.8993301979323878,3.4641506660009624,5.299164762183473
3920,0.9746506231197277,-0.43208426022871715,-0.675011331937624
3921,1.0057110787172765,-0.43208426022871715,-0.6088296706041342
3922,0.8193483451319833,-0.6918332553106957,-0.6836389552105196
3923,-0.8268558015381071,-0.43208426022871715,-0.5407205001247264
3924,-0.4748373047658865,-0.6918332553106957,-0.4611905494064822
3925,2.38272461020861,-0.6918332553106957,-0.6746650728096149
3926,1.1403063863066552,-0.6918332553106957,-0.5745961848149589
3927,-0.7026139791479116,1.9056566955090908,2.501102458595875
3928,1.4612644274813267,-0.6918332553106957,-0.6825424679718239
3929,-0.5473117011601671,2.9446526758370055,2.3510856913858933
3930,-0.6715535235503627,0.08741372993524014,-0.07278591453310662
3931,0.0531904403924444,0.08741372993524014,0.6359488106470376
3932,0.3741484815671161,0.6069117200991975,1.1278445278968936
3933,-0.20564668958712956,-0.1723352651467385,-0.1668183517294691
3934,-0.7750883755421922,1.9056566955090908,1.2217269194711184
3935,-0.7854418607413752,-0.6918332553106957,-0.15109241633238502
3936,-0.8993301979323878,-0.1723352651467385,0.896780040790894
3937,-0.9096836831315708,2.425154685673048,2.2947839571715996
3938,-0.12281880799366589,0.08741372993524014,-0.04729547172616348
3940,-0.5369582159609843,-0.43208426022871715,-0.3634993074241559
3941,-0.3816559379732399,-0.1723352651467385,-0.35862859569016003
3943,-0.847562771936473,-0.1723352651467385,-0.5451410749923103
3944,-0.847562771936473,-0.43208426022871715,-0.6658700909581814
3945,-0.7440279199446435,0.08741372993524014,0.32143587369082327
3946,-0.8165023163389241,0.866660715181176,0.847922877828797
3947,0.2291996887785547,-0.43208426022871715,-0.558027685539719
3948,-0.8993301979323878,0.6069117200991975,0.5772925143622809
3949,1.5440923090747904,-0.6918332553106957,-0.6993360356802696
3950,0.2291996887785547,-0.6918332553106957,-0.7217563142188647
3951,0.902176226725447,-0.43208426022871715,-0.37369663874402664
3952,-0.8889767127332048,1.3861587053451334,0.2744138841071752
3953,2.7761570477775623,-0.6918332553106957,-0.716423923647523
3954,-0.9303906535299367,0.3471627250172188,0.25980751989065426
3955,-0.9303906535299367,6.840887602066685,2.4718435622790986
3956,-0.7440279199446435,1.1264097102631547,1.2318953958636552
3957,-0.7647348903430093,-0.1723352651467385,-0.2810896349579687
3958,-0.7129674643470946,-0.43208426022871715,-0.5969933794116866
3959,-0.599079127156082,-0.6918332553106957,-0.35161684834797396
3961,-0.4127163935707887,-0.43208426022871715,-0.29042131845781644
3962,0.7054600079409707,-0.1723352651467385,-0.5483497429118622
3963,-0.7854418607413752,-0.6918332553106957,-0.6064520245918044
3964,-0.857916257135656,-0.1723352651467385,0.5488877238945937
3965,-0.8061488311397411,1.645907700427112,1.544267297211679
3966,1.1195994159082892,0.3471627250172188,-0.10318169498684675
3967,-0.350595482375691,-0.43208426022871715,-0.6211045566920599
3968,-0.8268558015381071,-0.43208426022871715,-0.6574848490748921
3969,0.06354392559162736,0.08741372993524014,-0.055778820362388536
3970,1.6993945870625349,-0.6918332553106957,-0.7304127924190944
3971,-0.6819070087495457,-0.1723352651467385,-0.3786943121582926
3972,-0.7233209495462775,-0.1723352651467385,-0.38290136056360424
3973,0.7054600079409707,-0.43208426022871715,-0.6544550817048117
3974,-0.19529320438794662,-0.43208426022871715,-0.5993710254240163
3975,-0.3920094231724228,-0.6918332553106957,-0.6868187682027374
3976,-0.06069789679856814,-0.43208426022871715,-0.6021007015498222
3977,0.6433390967458731,0.08741372993524014,0.31343728783381103
3978,-0.17458623398958067,-0.43208426022871715,-0.11782268511616861
3979,1.9685852022412917,-0.6918332553106957,-0.6325945887564981
3980,-0.6612000383511797,2.684903680755027,0.3713548979788149
3981,-0.6301395827536309,-0.6918332553106957,-0.7017309946489999
3982,-0.6819070087495457,-0.6918332553106957,-0.5765352359318103
3983,0.922883197123813,-0.43208426022871715,-0.5607515906800581
3984,-0.5266047307618013,0.08741372993524014,-0.36020407472260185
3985,-0.7129674643470946,-0.1723352651467385,-0.31257613166493775
3986,-0.7129674643470946,1.645907700427112,1.0006116113099164
3987,-0.5576651863593501,1.3861587053451334,-0.07101422199479296
3988,-0.09175835239611702,-0.1723352651467385,-0.021366434023741915
3989,-0.17458623398958067,-0.6918332553106957,-0.4673077940013112
3990,-0.8268558015381071,-0.6918332553106957,-0.44784226002172794
3991,-0.7750883755421922,2.1654056905910695,2.3602442453217365
3993,-0.8061488311397411,0.08741372993524014,-0.34043267851327713
3994,-0.7957953459405582,0.3471627250172188,0.25901112389623304
3996,-0.8993301979323878,-0.1723352651467385,-0.5392315858742869
3997,-0.19529320438794662,0.866660715181176,1.3751139421937228
3998,-0.4127163935707887,-0.6918332553106957,-0.5907549441220544
3999,-0.8889767127332048,0.3471627250172188,0.3886159155100731
4000,-0.7026139791479116,0.08741372993524014,0.2874101433784535
4001,2.154947935826585,-0.6918332553106957,-0.24978203880047106
4002,-0.9200371683307537,-0.1723352651467385,-0.5328719598898514
4004,-0.4230698787699717,-0.6918332553106957,-0.6732973492539785
4005,-0.9096836831315708,-0.1723352651467385,-0.5606073160433875
4006,-0.4541303343675206,-0.6918332553106957,-0.6993591196221369
4007,-0.5058977603634354,1.1264097102631547,0.15657613186018104
4008,-0.6612000383511797,0.3471627250172188,0.8409688403412793
4009,-0.5058977603634354,-0.6918332553106957,-0.5674401628361022
4011,2.1963618766233166,-0.6918332553106957,-0.6443789410797442
4013,-0.06069789679856814,-0.6918332553106957,0.41033790480718285
4014,-0.10211183759529997,1.3861587053451334,-0.24287994018215459
4015,1.3163156346927654,0.08741372993524014,-0.4133548508720125
4017,-0.8165023163389241,-0.43208426022871715,-0.6969757026243404
4018,0.9746506231197277,-0.43208426022871715,-0.5833334568117241
4020,-0.9200371683307537,0.08741372993524014,0.05538190169949511
4022,-0.8786232275340219,2.1654056905910695,2.212362742734478
4023,2.217068847021683,-0.6918332553106957,-0.6774293748482215
4024,2.879691899769392,-0.6918332553106957,-0.6170706378507529
4025,-0.9096836831315708,1.1264097102631547,0.4494074764175533
4026,2.413785065806159,-0.6918332553106957,-0.5719992413548899
4027,-0.32988851197732505,0.6069117200991975,1.0606702570631104
4028,-0.8061488311397411,-0.1723352651467385,-0.41814476880947304
4029,-0.6197860975544479,4.243397651246899,5.311762823457541
4030,0.5398042447540434,-0.6918332553106957,-0.5727206145382424
4031,-0.6301395827536309,0.6069117200991975,-0.07211648021895546
4032,0.16707877758345693,0.3471627250172188,-0.5158590947336665
4033,-0.9200371683307537,2.1654056905910695,0.3302654814550576
4034,1.181720327103387,-0.6918332553106957,-0.6729914870242371
4035,-0.11246532279448293,0.3471627250172188,0.30995738359731867
4036,0.9746506231197277,0.6069117200991975,-0.36853737773668965
4037,0.8193483451319833,-0.6918332553106957,-0.6258367647748521
4038,-0.4851907899650694,-0.6918332553106957,-0.5439811069134796
4039,0.8607622859287152,-0.6918332553106957,-0.6599375178982906
4040,2.83827795897266,-0.6918332553106957,-0.4981190854086623
4041,2.2067153618225,-0.6918332553106957,-0.6860050592519159
4042,-0.9096836831315708,0.08741372993524014,-0.3752836597474021
4043,-0.8993301979323878,0.08741372993524014,-0.34892179813496904
4044,-0.8165023163389241,-0.6918332553106957,-0.6532027778585118
4045,-0.6094326123552649,-0.1723352651467385,-0.2437975268713789
4046,0.39485545196548205,-0.6918332553106957,-0.6987012272789195
4047,-0.7233209495462775,1.1264097102631547,-0.34395875063350406
4048,1.2541947234976676,-0.43208426022871715,-0.6453080697399024
4049,2.403431580606976,-0.43208426022871715,-0.4154958864802027
4050,0.7365204635385196,-0.6918332553106957,-0.6453138407253691
4051,-0.36094896757487394,-0.1723352651467385,-0.6220913952068862
4052,1.388790031087046,-0.6918332553106957,-0.6981818385869056
4053,-0.19529320438794662,1.1264097102631547,-0.11672042689200611
4054,-0.4851907899650694,-0.6918332553106957,-0.706405492877124
4055,-0.7026139791479116,-0.6918332553106957,-0.6150392509664323
4056,0.8504088007295322,-0.1723352651467385,-0.4359771139019463
4057,-0.06069789679856814,-0.43208426022871715,-0.6752075454434959
4058,0.7054600079409707,-0.6918332553106957,-0.6730491968789053
4059,1.0264180491156425,-0.43208426022871715,-0.6982106935142397
4060,-0.6404930679528138,-0.6918332553106957,-0.699261012869201
4061,-0.7233209495462775,-0.6918332553106957,-0.6523486720094225
4062,-0.20564668958712956,0.08741372993524014,-0.3011438094551676
4063,1.616566705469071,-0.6918332553106957,-0.7208906663988417
4065,-0.847562771936473,-0.6918332553106957,-0.5516103497006154
4066,2.2688362730175977,0.3471627250172188,-0.5834777314483945
4067,-0.32988851197732505,-0.43208426022871715,-0.5254273886376538
4068,-0.8993301979323878,-0.6918332553106957,-0.5688078863917385
4069,-0.4748373047658865,-0.1723352651467385,-0.566008958440331
4070,-0.029637441201019268,-0.6918332553106957,-0.010401561636784223
4071,-0.8993301979323878,3.4641506660009624,1.6632188496537699
4072,-0.2781210859814103,0.08741372993524014,-0.28597765964836513
4073,1.9789386874404746,-0.6918332553106957,-0.6432132020154467
4074,-0.8165023163389241,0.866660715181176,0.9466932940934186
4076,0.4362693927622139,-0.43208426022871715,-0.533685668840673
4077,-0.4748373047658865,-0.43208426022871715,-0.6403046253401695
4078,-0.8268558015381071,0.08741372993524014,-0.276467075599046
4079,-0.5680186715585331,0.3471627250172188,0.2414673280771008
4080,0.4466228779613968,-0.43208426022871715,-0.5272971879289035
4081,-0.6404930679528138,-0.1723352651467385,0.0054859613533707755
4082,-0.40236290837160577,-0.43208426022871715,-0.35653949895117126
4083,0.48803681875812865,-0.43208426022871715,-0.6788259533311919
4084,-0.8889767127332048,-0.6918332553106957,-0.5379850530134538
4085,-0.847562771936473,0.866660715181176,1.7192666605075242
4086,0.7158134931401537,-0.6918332553106957,-0.7057476005339064
4087,-0.43342336396915465,1.645907700427112,1.6068594055848076
4088,0.41556242236384794,-0.6918332553106957,-0.5872000170744934
4089,-0.857916257135656,-0.6918332553106957,-0.7182360130841046
4090,1.4716179126805098,-0.43208426022871715,-0.6766387498392672
4091,-0.5576651863593501,-0.6918332553106957,-0.6609993792241854
4092,0.5812181855507753,-0.6918332553106957,-0.5560366955536662
4094,-0.19529320438794662,-0.1723352651467385,-0.48468423124190574
4095,-0.5266047307618013,-0.1723352651467385,-0.18093418218131035
4096,-0.8889767127332048,2.1654056905910695,0.5832481713640387
4097,1.1195994159082892,0.08741372993524014,-0.4413441303860888
4099,-0.25741411558304433,-0.6918332553106957,-0.6985107847585144
4100,0.2706136295752865,-0.6918332553106957,-0.46952962340603693
4101,0.8297018303311663,-0.6918332553106957,-0.7203828196777616
4103,0.5294507595548605,-0.6918332553106957,-0.7036181068966499
4104,-0.6094326123552649,-0.43208426022871715,-0.49074376598206654
4105,-0.5473117011601671,2.684903680755027,0.750520185119812
4106,-0.5473117011601671,0.3471627250172188,-0.12905879382006685
4109,0.7779344043352515,-0.43208426022871715,-0.6312672620991296
4110,1.2438412382984847,-0.6918332553106957,-0.4267493081405014
4111,1.5647992794731564,-0.6918332553106957,-0.6844526641613413
4112,-0.40236290837160577,-0.6918332553106957,-0.5684558562782626
4113,-0.6819070087495457,-0.1723352651467385,-0.3354523180554116
4114,-0.7854418607413752,2.425154685673048,1.8275245768795976
4116,-0.6404930679528138,-0.6918332553106957,-0.5966759752110116
4117,2.83827795897266,-0.6918332553106957,-0.5893006557844158
4118,-0.5680186715585331,0.08741372993524014,-0.32568781064555236
4119,0.7779344043352515,-0.1723352651467385,-0.29467453474686256
4120,0.5605112151524093,-0.6918332553106957,-0.674849744344553
4121,-0.7129674643470946,-0.6918332553106957,-0.3965324282362327
4123,0.9746506231197277,-0.6918332553106957,-0.6483666920373169
4124,-0.8165023163389241,0.866660715181176,-0.6468950907432778
4125,1.5130318534772416,-0.1723352651467385,-0.39890430326309567
4126,1.388790031087046,-0.43208426022871715,-0.7090890011191952
4127,0.32238105557120134,0.08741372993524014,-0.37140555751369914
4128,1.9789386874404746,-0.6918332553106957,-0.7190439510494594
4129,-0.17458623398958067,1.1264097102631547,0.37430964253782656
4130,-0.5576651863593501,-0.43208426022871715,-0.5424748797066397
4131,-0.8165023163389241,-0.43208426022871715,-0.5221783238198342
4132,2.8072175033751114,-0.6918332553106957,-0.6651602597457625
4133,-0.8993301979323878,-0.43208426022871715,-0.6188481013745333
4134,-0.7026139791479116,-0.6918332553106957,-0.5063369687134137
4135,-0.21600017478631253,1.3861587053451334,0.45828902305098895
4136,1.4923248830788756,-0.6918332553106957,-0.6144506104488167
4137,1.7201015574609007,-0.6918332553106957,-0.6620843244919477
4139,0.664046067144239,-0.43208426022871715,-0.6548763636438896
4140,-0.6508465531519968,-0.6918332553106957,-0.6669204103131425
4141,-0.8993301979323878,-0.6918332553106957,-0.6936920118937199
4142,-0.6094326123552649,0.3471627250172188,0.09319916946356549
4143,-0.10211183759529997,-0.1723352651467385,-0.46113861053728084
4144,0.1774322627826399,-0.43208426022871715,-0.6924743339602207
4146,-0.5680186715585331,-0.6918332553106957,-0.37739584042825813
4147,0.6433390967458731,-0.43208426022871715,-0.5380196789262547
4148,0.08425089598999327,-0.6918332553106957,-0.6964159170340588
4149,-0.8993301979323878,-0.43208426022871715,-0.6298533706597588
4150,2.5173199177979884,-0.6918332553106957,-0.7205444072708326
4151,-0.26776760078222733,-0.6918332553106957,-0.7064228058335243
4152,-0.7129674643470946,-0.43208426022871715,-0.518917717031081
4153,-0.5680186715585331,-0.1723352651467385,-0.34144837195543737
4154,-0.6094326123552649,-0.1723352651467385,-0.5288784379468121
4155,0.653692581945056,0.6069117200991975,-0.7225527102132858
4156,-0.7440279199446435,-0.43208426022871715,-0.5568215495771537
4157,-0.8165023163389241,4.503146646328877,1.651267138751986
4158,-0.3816559379732399,-0.6918332553106957,-0.667711035322097
4159,-0.6819070087495457,-0.1723352651467385,-0.4400687425979216
4160,-0.8993301979323878,1.645907700427112,0.44236687414803294
4161,-0.4748373047658865,-0.6918332553106957,-0.6536586857103905
4162,1.161013356705021,-0.43208426022871715,-0.6635328418441194
4163,2.7761570477775623,-0.6918332553106957,-0.7200250185788187
4164,-0.20564668958712956,-0.6918332553106957,-0.5898200444764296
4165,-0.8682697423348389,1.645907700427112,3.1521850389624895
4166,2.0410595986355724,-0.6918332553106957,-0.5530992639510549
4167,-0.83720928673729,-0.6918332553106957,-0.6647620617485519
4168,-0.7026139791479116,-0.1723352651467385,-0.5861035298357976
4169,-0.7129674643470946,1.645907700427112,0.4601472803713048
4170,0.8504088007295322,-0.1723352651467385,-0.3471501055966554
4171,0.4362693927622139,-0.43208426022871715,-0.29320293345282356
4172,-0.8786232275340219,2.684903680755027,0.6179375650050929
4173,-0.16423274879039773,-0.6918332553106957,-0.5794438126070874
4174,-0.5266047307618013,-0.6918332553106957,-0.5342396834454878
4175,2.0514130838347553,-0.6918332553106957,-0.7042702282544006
4176,-0.6715535235503627,0.3471627250172188,0.4123981466188376
4177,1.7304550426600838,-0.43208426022871715,-0.5015355088050197
4178,0.9850041083189107,-0.6918332553106957,-0.6201638860609683
4179,0.23955317397773765,2.1654056905910695,1.4747500062783676
4181,-0.7026139791479116,1.645907700427112,0.7442759788447129
4182,-0.857916257135656,1.9056566955090908,0.7565450939471716
4183,1.3059621494935825,-0.43208426022871715,-0.5689810159557431
4184,-0.4748373047658865,0.08741372993524014,1.3445854290742458
4185,-0.7440279199446435,-0.43208426022871715,-0.0522642902130953
4186,-0.5680186715585331,-0.1723352651467385,-0.564756654594031
4187,-0.6715535235503627,-0.6918332553106957,-0.3570473456722514
4188,-0.7750883755421922,-0.6918332553106957,-0.7107452739481724
4189,2.475905977001257,-0.43208426022871715,-0.3647920081687236
4190,1.896110805847011,-0.6918332553106957,-0.7044779837312062
4191,0.07389741079081032,-0.43208426022871715,1.5775889672970966
4192,-0.30918154157895916,-0.6918332553106957,-0.6661990371297901
4193,-0.9200371683307537,1.9056566955090908,4.470318516482408
4194,0.022129984794895526,0.08741372993524014,0.45270848010457415
4195,-0.09175835239611702,0.866660715181176,0.9783182944515915
4196,2.2998967286151464,-0.43208426022871715,-0.4282151384490736
4197,-0.8165023163389241,-0.1723352651467385,-0.2371378096426688
4198,-0.857916257135656,0.6069117200991975,0.7939353087866976
4199,0.3741484815671161,-0.6918332553106957,-0.6658296940599137
4200,-0.8268558015381071,-0.43208426022871715,-0.6338930604865326
4202,-0.5576651863593501,-0.6918332553106957,-0.3274595031838661
4203,-0.5473117011601671,-0.6918332553106957,-0.6974720073744868
4204,2.475905977001257,-0.6918332553106957,-0.5144048063960279
4205,1.6890411018633518,-0.6918332553106957,-0.6065674443011407
4206,-0.9200371683307537,5.80189162173877,3.884396133021657
4207,-0.7336744347454605,-0.6918332553106957,-0.6265927638710056
4208,-0.8165023163389241,-0.43208426022871715,-0.5594242640226894
4209,2.879691899769392,-0.6918332553106957,-0.7189169893691894
4210,2.061766569033938,-0.6918332553106957,-0.6359417603272538
4211,-0.23670714518467845,1.1264097102631547,0.05538190169949511
4212,-0.6715535235503627,-0.6918332553106957,-0.5778741045601125
4213,-0.8268558015381071,5.80189162173877,2.4998501547495753
4214,2.869338414570209,-0.6918332553106957,-0.6584370616769175
4215,1.2749016938960336,-0.6918332553106957,-0.6988166469882557
4216,0.6019251559491412,-0.43208426022871715,-0.37451611868031504
4217,-0.857916257135656,0.6069117200991975,0.2909419864841473
4218,-0.6922604939487286,-0.43208426022871715,-0.42279618309572986
4219,-0.6301395827536309,0.08741372993524014,-0.10334328257991768
4220,-0.30918154157895916,-0.6918332553106957,-0.6435998580417237
4221,-0.7440279199446435,-0.1723352651467385,-0.5617095742675501
4222,1.5751527646723393,-0.6918332553106957,-0.6980087090229011
4223,-0.7854418607413752,-0.1723352651467385,-0.15158872108253146
4224,1.2541947234976676,-0.6918332553106957,-0.2253938542176905
4225,-0.6404930679528138,0.3471627250172188,-0.36943188048404674
4226,-0.2884745711805932,-0.1723352651467385,-0.310325447332878
4227,2.113533995029853,-0.6918332553106957,-0.6748670573009534
4228,-0.7543814051438263,0.6069117200991975,4.106792599956493
4229,0.6847530375426049,-0.43208426022871715,-0.17459764013874224
4230,0.2706136295752865,-0.43208426022871715,-0.18577026800250546
4231,-0.857916257135656,2.1654056905910695,0.9041322762756223
4232,-0.8061488311397411,0.08741372993524014,0.8884351958058725
4233,0.5190972743556775,-0.43208426022871715,-0.6704233984915023
4234,-0.46448381956670354,-0.43208426022871715,-0.6594642970900114
4235,-0.4127163935707887,-0.1723352651467385,-0.4097306719988497
4236,-0.6094326123552649,-0.1723352651467385,-0.43598865587287994
4237,0.45697636316057977,-0.43208426022871715,-0.3859138149772842
4238,-0.9096836831315708,-0.43208426022871715,-0.5325891816019772
4239,-0.16423274879039773,-0.1723352651467385,-0.5484997885339995
4240,-0.8061488311397411,-0.43208426022871715,-0.33882834455350114
4241,-0.847562771936473,-0.43208426022871715,-0.5013046693863469
4242,2.175654906224951,-0.6918332553106957,-0.45701235592850464
4243,-0.350595482375691,-0.43208426022871715,-0.39473765175605174
4244,-0.7854418607413752,0.3471627250172188,0.17118249607670202
4245,-0.5576651863593501,-0.6918332553106957,-0.5323237162705035
4246,0.8918227415262641,-0.6918332553106957,-0.5884119240225255
4247,-0.7026139791479116,-0.1723352651467385,0.0362395429060538
4248,0.8814692563270811,0.6069117200991975,-0.0877904767468382
4249,-0.30918154157895916,-0.6918332553106957,-0.6460121299668543
4250,-0.599079127156082,-0.1723352651467385,-0.19722567415414285
4251,-0.32988851197732505,0.3471627250172188,-0.05237393893696491
4252,-0.7854418607413752,4.243397651246899,3.600873388022265
4253,-0.03999092640020223,0.08741372993524014,0.4528931516395125
4254,-0.8682697423348389,-0.6918332553106957,-0.702942901597032
4255,2.7658035625783794,-0.6918332553106957,-0.48806025773999534
4256,-0.6197860975544479,0.6069117200991975,0.011170382038188395
4257,0.39485545196548205,0.08741372993524014,0.15509298859520826
4258,-0.847562771936473,0.6069117200991975,0.27187465050177456
4259,-0.8889767127332048,0.6069117200991975,0.3010642949929493
4260,-0.6922604939487286,-0.6918332553106957,-0.542047826782095
4261,1.409497001485412,-0.43208426022871715,-0.3981944720506768
4263,1.637273675867437,-0.6918332553106957,-0.5873789176239648
4264,-0.7854418607413752,-0.1723352651467385,0.39183612540055845
4265,-0.13317229319284885,-0.43208426022871715,-0.13378523091739233
4266,1.0471250195140085,-0.43208426022871715,-0.5987996978628012
4267,1.7718689834568155,-0.6918332553106957,-0.6430400724514421
4268,-0.19529320438794662,-0.6918332553106957,-0.2101180556870183
4269,0.7675809191360685,-0.6918332553106957,-0.622287608712758
4270,-0.09175835239611702,-0.6918332553106957,-0.2009595017511753
4271,0.042836955193261445,-0.43208426022871715,-0.36526522897700286
4272,-0.8993301979323878,3.4641506660009624,2.368121640483946
4273,0.156725292384274,-0.6918332553106957,-0.6684324085054494
4274,1.129952901107472,-0.1723352651467385,0.0432397482773062
4275,0.6847530375426049,-0.6918332553106957,-0.6703830015932345
4276,-0.20564668958712956,-0.1723352651467385,0.3876002220679128
4277,-0.5680186715585331,-0.43208426022871715,-0.4643934463405672
4278,-0.6404930679528138,-0.6918332553106957,-0.6826867426084945
4279,-0.9200371683307537,0.6069117200991975,0.7498334378492604
4280,-0.6715535235503627,0.3471627250172188,-0.4166616255445003
4281,2.434492036204525,-0.6918332553106957,-0.6195983294852199
4282,1.5130318534772416,-0.6918332553106957,-0.6287972803193307
4283,-0.01928395600183631,-0.6918332553106957,-0.5902124714881732
4284,-0.6197860975544479,-0.6918332553106957,-0.48494392558791266
4285,-0.6404930679528138,-0.43208426022871715,-0.4041501290524349
4286,1.2438412382984847,-0.43208426022871715,-0.3808757446647505
4287,-0.9096836831315708,1.645907700427112,0.4315001085140112
4288,1.409497001485412,-0.6918332553106957,-0.5867845061208823
4289,-0.7129674643470946,0.3471627250172188,-0.16184953324253726
4290,0.022129984794895526,-0.6918332553106957,-0.5073064942718395
4291,-0.8889767127332048,2.684903680755027,2.979257459449233
4292,1.7925759538551815,-0.6918332553106957,-0.671231336456857
4293,-0.9096836831315708,2.1654056905910695,2.4163439950446923
4294,-0.4851907899650694,1.9056566955090908,2.254138906528787
4295,1.3163156346927654,-0.6918332553106957,-0.7088581617005224
4296,-0.350595482375691,-0.43208426022871715,-0.3128819938946792
4297,-0.8165023163389241,4.243397651246899,3.43652726389817
4298,-0.847562771936473,0.866660715181176,0.8588011854337526
4299,1.0471250195140085,0.3471627250172188,0.439290938894218
4300,-0.09175835239611702,0.08741372993524014,-0.4207590252259424
4301,2.434492036204525,-0.6918332553106957,-0.5090377899118854
4302,-0.19529320438794662,-0.1723352651467385,0.2737848466912919
4303,-0.6301395827536309,0.6069117200991975,-0.25382172862724495
4304,-0.9096836831315708,0.3471627250172188,-0.19330717502217212
4305,1.3266691198919482,0.3471627250172188,0.13824171103209443
4306,-0.46448381956670354,-0.6918332553106957,-0.5190908465950856
4307,-0.83720928673729,3.4641506660009624,0.43341607568899554
4308,-0.19529320438794662,0.08741372993524014,0.5254055840301037
4309,-0.8682697423348389,0.866660715181176,0.718485444793495
4310,-0.6922604939487286,-0.43208426022871715,-0.41895270677482777
4311,0.3327345407703843,-0.43208426022871715,-0.29896237694870975
4312,-0.7647348903430093,-0.6918332553106957,-0.707940575011298
4313,2.2688362730175977,-0.6918332553106957,-0.5613979410523419
4314,-0.03999092640020223,-0.6918332553106957,1.727057490887731
4315,-0.4127163935707887,-0.43208426022871715,-0.45902065887095794
4316,-0.01928395600183631,-0.6918332553106957,-0.7033468705797095
4317,-0.5369582159609843,1.1264097102631547,0.5860817252282475
4318,-0.6819070087495457,-0.1723352651467385,0.5866415108185291
4319,0.8504088007295322,0.6069117200991975,0.7624257281378614
4320,-0.4955442751642524,-0.43208426022871715,-0.5758427176757919
4321,0.5087437891564945,-0.6918332553106957,-0.6766964596939354
4322,-0.6715535235503627,-0.1723352651467385,-0.06284827755924297
4323,-0.19529320438794662,-0.43208426022871715,-0.3004108943008815
4325,2.848631444171843,-0.6918332553106957,-0.6656623354813759
4326,-0.5473117011601671,-0.43208426022871715,-0.5995556969589546
4327,-0.9096836831315708,0.6069117200991975,1.0136828933922633
4328,-0.9200371683307537,-0.1723352651467385,-0.6452330469288337
4329,-0.6301395827536309,-0.6918332553106957,-0.6614379741196637
4330,-0.4851907899650694,-0.6918332553106957,-0.5691368325633472
4331,-0.34024199717650805,-0.6918332553106957,-0.699261012869201
4332,-0.17458623398958067,-0.6918332553106957,-0.6626037131839613
4333,1.9375247466437429,-0.6918332553106957,-0.6587371529211922
4334,0.9332366823229958,-0.6918332553106957,-0.7163200459091205
4335,-0.857916257135656,-0.43208426022871715,-0.6602087542152312
4336,-0.8993301979323878,3.2044016709189838,0.4459910530211959
4337,-0.4955442751642524,-0.1723352651467385,0.29733046739591684
