,CustomerID,recencia,frecuencia,monto,cluster,segmento
1,12347.0,2,7,4310.0,2,Clientes VIP
2,12348.0,75,4,1797.24,1,Clientes nuevos
3,12349.0,19,1,1757.55,1,Clientes nuevos
4,12350.0,310,1,334.4,0,Clientes dormidos
5,12352.0,36,8,2506.04,1,Clientes nuevos
6,12353.0,204,1,89.0,0,Clientes dormidos
7,12354.0,232,1,1079.4,0,Clientes dormidos
8,12355.0,214,1,459.4,0,Clientes dormidos
9,12356.0,23,3,2811.43,1,Clientes nuevos
10,12357.0,33,1,6207.67,2,Clientes VIP
11,12358.0,2,2,1168.06,1,Clientes nuevos
12,12359.0,58,4,6372.58,2,Clientes VIP
13,12360.0,52,3,2662.06,1,Clientes nuevos
14,12361.0,287,1,189.9,0,Clientes dormidos
15,12362.0,3,10,5226.23,2,Clientes VIP
16,12363.0,110,2,552.0,1,Clientes nuevos
17,12364.0,8,4,1313.1,1,Clientes nuevos
18,12365.0,291,2,641.38,0,Clientes dormidos
19,12367.0,4,1,168.9,1,Clientes nuevos
20,12370.0,51,4,3545.69,1,Clientes nuevos
21,12371.0,45,2,1887.96,1,Clientes nuevos
22,12372.0,72,3,1298.04,1,Clientes nuevos
23,12373.0,311,1,364.6,0,Clientes dormidos
24,12374.0,25,1,742.9300000000001,1,Clientes nuevos
25,12375.0,11,2,457.5,1,Clientes nuevos
26,12377.0,315,2,1628.12,0,Clientes dormidos
27,12378.0,130,1,4008.62,1,Clientes nuevos
28,12379.0,82,2,852.24,1,Clientes nuevos
29,12380.0,22,4,2724.81,1,Clientes nuevos
30,12381.0,5,5,1845.31,1,Clientes nuevos
31,12383.0,185,5,1850.56,0,Clientes dormidos
32,12384.0,29,2,585.27,1,Clientes nuevos
33,12386.0,338,2,401.9,0,Clientes dormidos
34,12388.0,16,6,2780.66,1,Clientes nuevos
35,12390.0,80,1,549.84,1,Clientes nuevos
36,12391.0,22,1,460.89,1,Clientes nuevos
37,12393.0,72,4,1582.6,1,Clientes nuevos
38,12394.0,64,2,1272.48,1,Clientes nuevos
39,12395.0,19,12,3018.63,2,Clientes VIP
40,12397.0,36,2,2409.9,1,Clientes nuevos
41,12398.0,46,1,1635.66,1,Clientes nuevos
42,12399.0,119,4,1108.65,1,Clientes nuevos
43,12401.0,303,1,84.3,0,Clientes dormidos
44,12402.0,323,1,225.6,0,Clientes dormidos
45,12403.0,50,1,427.7,1,Clientes nuevos
46,12405.0,149,1,1710.39,0,Clientes dormidos
47,12406.0,22,2,3415.3,1,Clientes nuevos
48,12407.0,50,5,1708.12,1,Clientes nuevos
49,12408.0,33,5,2888.55,1,Clientes nuevos
50,12409.0,79,3,11072.67,2,Clientes VIP
51,12410.0,309,2,693.3299999999999,0,Clientes dormidos
52,12412.0,75,3,1226.88,1,Clientes nuevos
53,12413.0,67,3,758.1,1,Clientes nuevos
54,12414.0,217,3,562.41,0,Clientes dormidos
56,12417.0,3,9,3649.1,2,Clientes VIP
57,12418.0,113,1,668.58,1,Clientes nuevos
58,12420.0,64,1,600.39,1,Clientes nuevos
59,12421.0,16,4,807.04,1,Clientes nuevos
60,12422.0,96,3,803.5600000000001,1,Clientes nuevos
61,12423.0,1,8,1859.31,1,Clientes nuevos
62,12424.0,163,2,1760.96,0,Clientes dormidos
63,12425.0,78,1,777.2,1,Clientes nuevos
64,12426.0,195,1,582.73,0,Clientes dormidos
65,12427.0,22,3,825.8,1,Clientes nuevos
66,12428.0,26,9,7956.46,2,Clientes VIP
67,12429.0,9,4,3750.4,1,Clientes nuevos
68,12430.0,43,1,256.4,1,Clientes nuevos
69,12431.0,36,15,6487.45,2,Clientes VIP
70,12432.0,43,5,5059.32,2,Clientes VIP
72,12434.0,85,2,806.14,1,Clientes nuevos
73,12435.0,80,2,7829.89,2,Clientes VIP
74,12436.0,100,1,509.01,1,Clientes nuevos
75,12437.0,2,18,4951.41,2,Clientes VIP
76,12438.0,14,2,2906.85,1,Clientes nuevos
77,12441.0,367,1,173.55,0,Clientes dormidos
78,12442.0,3,1,172.06,1,Clientes nuevos
79,12444.0,21,5,5005.46,2,Clientes VIP
80,12445.0,22,1,133.4,1,Clientes nuevos
81,12446.0,58,1,1002.31,1,Clientes nuevos
82,12447.0,243,1,476.49,0,Clientes dormidos
83,12448.0,44,1,449.45,1,Clientes nuevos
84,12449.0,22,4,4067.29,1,Clientes nuevos
85,12450.0,156,2,197.88,0,Clientes dormidos
86,12451.0,11,5,9035.52,2,Clientes VIP
87,12452.0,17,2,430.57,1,Clientes nuevos
88,12453.0,134,1,707.09,1,Clientes nuevos
89,12454.0,56,1,3528.34,1,Clientes nuevos
90,12455.0,73,6,2466.86,1,Clientes nuevos
91,12456.0,44,3,3181.04,1,Clientes nuevos
92,12457.0,66,7,2363.23,1,Clientes nuevos
93,12458.0,71,2,947.4,1,Clientes nuevos
94,12461.0,94,2,826.88,1,Clientes nuevos
95,12462.0,19,2,1189.59,1,Clientes nuevos
96,12463.0,53,4,1344.78,1,Clientes nuevos
97,12464.0,10,8,1212.05,1,Clientes nuevos
98,12465.0,17,2,742.1899999999999,1,Clientes nuevos
99,12468.0,188,2,729.5400000000001,0,Clientes dormidos
101,12472.0,32,7,6572.11,2,Clientes VIP
102,12473.0,29,5,3938.55,1,Clientes nuevos
103,12474.0,17,18,7375.79,2,Clientes VIP
104,12475.0,54,1,723.38,1,Clientes nuevos
105,12476.0,16,11,6816.42,2,Clientes VIP
107,12478.0,4,1,680.99,1,Clientes nuevos
108,12479.0,11,1,527.2,1,Clientes nuevos
109,12480.0,28,4,3281.63,1,Clientes nuevos
110,12481.0,23,10,5596.32,2,Clientes VIP
111,12483.0,17,8,2484.98,1,Clientes nuevos
112,12484.0,33,6,4541.72,2,Clientes VIP
113,12488.0,10,3,1298.66,1,Clientes nuevos
114,12489.0,336,1,334.93,0,Clientes dormidos
115,12490.0,5,10,5417.93,2,Clientes VIP
116,12491.0,39,1,460.4,1,Clientes nuevos
117,12492.0,63,2,263.21000000000004,1,Clientes nuevos
118,12493.0,166,2,433.74,0,Clientes dormidos
119,12494.0,16,7,1246.1,1,Clientes nuevos
120,12497.0,82,1,1043.1,1,Clientes nuevos
121,12498.0,21,3,403.7000000000001,1,Clientes nuevos
122,12500.0,23,11,4257.82,2,Clientes VIP
123,12501.0,337,1,2169.39,0,Clientes dormidos
124,12502.0,96,5,3723.87,1,Clientes nuevos
125,12504.0,18,2,482.0499999999999,1,Clientes nuevos
126,12506.0,233,1,73.5,0,Clientes dormidos
127,12507.0,134,3,1304.81,1,Clientes nuevos
128,12508.0,26,2,398.27,1,Clientes nuevos
129,12509.0,284,1,176.5,0,Clientes dormidos
130,12510.0,143,2,982.57,1,Clientes nuevos
131,12512.0,66,2,138.03,1,Clientes nuevos
132,12513.0,113,1,612.29,1,Clientes nuevos
133,12514.0,267,1,1017.68,0,Clientes dormidos
134,12515.0,353,1,383.7,0,Clientes dormidos
135,12516.0,78,2,1312.06,1,Clientes nuevos
136,12517.0,28,5,2502.84,1,Clientes nuevos
137,12518.0,1,5,2056.89,1,Clientes nuevos
138,12519.0,64,1,340.84,1,Clientes nuevos
139,12520.0,79,5,2634.26,1,Clientes nuevos
140,12521.0,143,1,599.68,0,Clientes dormidos
141,12522.0,39,2,192.72,1,Clientes nuevos
142,12523.0,19,11,1789.77,2,Clientes VIP
143,12524.0,9,8,4485.72,2,Clientes VIP
144,12526.0,1,3,1316.66,1,Clientes nuevos
145,12527.0,82,3,348.71000000000004,1,Clientes nuevos
146,12528.0,9,6,1933.48,1,Clientes nuevos
147,12530.0,60,4,1662.28,1,Clientes nuevos
148,12531.0,15,1,125.22,1,Clientes nuevos
149,12532.0,30,1,349.83000000000004,1,Clientes nuevos
150,12534.0,131,1,1089.18,1,Clientes nuevos
151,12535.0,92,2,716.35,1,Clientes nuevos
152,12536.0,43,3,12601.830000000002,2,Clientes VIP
153,12538.0,29,1,363.95,1,Clientes nuevos
154,12539.0,22,4,5568.35,2,Clientes VIP
156,12541.0,30,3,981.18,1,Clientes nuevos
157,12544.0,36,1,372.7,1,Clientes nuevos
158,12545.0,75,2,1000.39,1,Clientes nuevos
159,12546.0,47,2,1161.5,1,Clientes nuevos
160,12547.0,198,2,207.8,0,Clientes dormidos
161,12548.0,166,1,95.2,0,Clientes dormidos
162,12550.0,79,1,964.83,1,Clientes nuevos
163,12551.0,358,1,168.0,0,Clientes dormidos
164,12552.0,39,2,437.82,1,Clientes nuevos
165,12553.0,8,10,3692.28,2,Clientes VIP
166,12556.0,50,2,603.71,1,Clientes nuevos
167,12557.0,16,5,11990.96,2,Clientes VIP
168,12558.0,8,1,269.96,1,Clientes nuevos
169,12559.0,311,2,561.71,0,Clientes dormidos
170,12560.0,5,3,2134.01,1,Clientes nuevos
171,12561.0,303,1,238.85,0,Clientes dormidos
172,12562.0,8,7,3781.74,2,Clientes VIP
173,12564.0,261,1,456.9,0,Clientes dormidos
174,12565.0,289,1,145.92,0,Clientes dormidos
175,12566.0,86,1,351.65,1,Clientes nuevos
176,12567.0,23,10,9401.28,2,Clientes VIP
178,12571.0,40,2,519.61,1,Clientes nuevos
179,12572.0,9,2,1020.42,1,Clientes nuevos
180,12573.0,227,1,160.54000000000002,0,Clientes dormidos
181,12574.0,316,1,218.45,0,Clientes dormidos
182,12576.0,36,5,1315.83,1,Clientes nuevos
183,12577.0,35,3,657.8,1,Clientes nuevos
184,12578.0,21,2,2794.51,1,Clientes nuevos
185,12579.0,78,1,440.42,1,Clientes nuevos
186,12580.0,247,1,415.7,0,Clientes dormidos
187,12581.0,40,1,197.71,1,Clientes nuevos
188,12582.0,239,2,511.36,0,Clientes dormidos
189,12583.0,3,15,7281.38,2,Clientes VIP
190,12584.0,4,9,2338.15,1,Clientes nuevos
191,12585.0,234,2,2040.1,0,Clientes dormidos
192,12586.0,17,1,196.94000000000003,1,Clientes nuevos
193,12587.0,8,1,144.0,1,Clientes nuevos
194,12588.0,39,1,214.9,1,Clientes nuevos
195,12589.0,29,2,646.68,1,Clientes nuevos
196,12590.0,211,2,9864.26,2,Clientes VIP
197,12591.0,317,1,452.85,0,Clientes dormidos
198,12592.0,92,2,437.6,1,Clientes nuevos
199,12593.0,109,3,418.1,1,Clientes nuevos
200,12594.0,38,10,3338.2200000000003,2,Clientes VIP
201,12596.0,51,2,618.27,1,Clientes nuevos
202,12597.0,19,4,3811.22,1,Clientes nuevos
203,12598.0,10,8,3023.08,2,Clientes VIP
204,12599.0,29,7,1032.58,1,Clientes nuevos
205,12600.0,29,10,2599.04,2,Clientes VIP
206,12601.0,190,5,577.0600000000001,0,Clientes dormidos
207,12602.0,59,1,153.12,1,Clientes nuevos
208,12603.0,22,1,739.1999999999999,1,Clientes nuevos
209,12604.0,79,2,254.18,1,Clientes nuevos
210,12607.0,60,1,1579.51,1,Clientes nuevos
211,12609.0,78,3,1126.85,1,Clientes nuevos
212,12610.0,23,5,2099.54,1,Clientes nuevos
213,12611.0,52,1,1193.32,1,Clientes nuevos
214,12612.0,74,1,704.0400000000001,1,Clientes nuevos
215,12613.0,57,5,3344.38,1,Clientes nuevos
216,12614.0,278,1,315.6,0,Clientes dormidos
217,12615.0,2,4,2291.19,1,Clientes nuevos
218,12616.0,95,2,713.3,1,Clientes nuevos
219,12617.0,29,1,355.53,1,Clientes nuevos
220,12618.0,22,1,177.31,1,Clientes nuevos
221,12619.0,16,9,3641.24,2,Clientes VIP
222,12620.0,15,3,1339.41,1,Clientes nuevos
224,12622.0,232,1,180.1,0,Clientes dormidos
225,12623.0,276,1,305.1,0,Clientes dormidos
226,12624.0,106,2,641.13,1,Clientes nuevos
227,12625.0,212,2,2683.82,0,Clientes dormidos
228,12626.0,23,9,6620.48,2,Clientes VIP
229,12627.0,11,7,4478.53,2,Clientes VIP
230,12628.0,4,3,786.46,1,Clientes nuevos
231,12630.0,10,2,1270.88,1,Clientes nuevos
232,12631.0,57,1,640.5,1,Clientes nuevos
233,12633.0,59,4,2163.98,1,Clientes nuevos
234,12635.0,90,2,1689.18,1,Clientes nuevos
235,12637.0,67,8,6021.9,2,Clientes VIP
236,12638.0,33,1,671.69,1,Clientes nuevos
237,12639.0,239,1,486.1,0,Clientes dormidos
238,12640.0,24,3,1174.58,1,Clientes nuevos
239,12641.0,115,1,185.9,1,Clientes nuevos
240,12642.0,25,3,1013.26,1,Clientes nuevos
241,12643.0,128,6,3344.64,1,Clientes nuevos
242,12644.0,130,1,477.91,1,Clientes nuevos
243,12645.0,34,4,1775.18,1,Clientes nuevos
244,12646.0,5,2,1346.97,1,Clientes nuevos
245,12647.0,22,12,3722.82,2,Clientes VIP
246,12648.0,155,1,318.05,0,Clientes dormidos
247,12649.0,107,3,623.51,1,Clientes nuevos
248,12650.0,3,1,314.44,1,Clientes nuevos
249,12651.0,335,1,114.0,0,Clientes dormidos
250,12652.0,331,1,919.98,0,Clientes dormidos
251,12653.0,149,2,2209.85,1,Clientes nuevos
252,12654.0,11,5,601.98,1,Clientes nuevos
253,12656.0,17,5,4051.17,1,Clientes nuevos
254,12657.0,11,4,1643.18,1,Clientes nuevos
255,12658.0,19,1,686.05,1,Clientes nuevos
256,12659.0,30,1,91.68,1,Clientes nuevos
257,12660.0,11,1,245.1,1,Clientes nuevos
258,12662.0,1,11,3849.78,2,Clientes VIP
259,12664.0,8,9,4881.88,2,Clientes VIP
260,12665.0,325,1,63.0,0,Clientes dormidos
261,12667.0,58,1,620.13,1,Clientes nuevos
262,12668.0,12,4,3807.15,1,Clientes nuevos
263,12669.0,151,3,2744.0299999999997,1,Clientes nuevos
264,12670.0,10,5,2996.05,1,Clientes nuevos
265,12672.0,330,1,225.9,0,Clientes dormidos
266,12673.0,5,2,610.52,1,Clientes nuevos
267,12674.0,39,4,1970.6,1,Clientes nuevos
268,12676.0,25,6,1331.39,1,Clientes nuevos
270,12679.0,59,4,1113.02,1,Clientes nuevos
271,12680.0,1,4,862.81,1,Clientes nuevos
274,12683.0,4,15,8476.57,2,Clientes VIP
275,12684.0,8,7,2283.63,1,Clientes nuevos
276,12685.0,28,6,2863.08,1,Clientes nuevos
278,12688.0,114,1,4873.8099999999995,1,Clientes nuevos
279,12689.0,26,2,1247.61,1,Clientes nuevos
280,12690.0,206,1,389.01,0,Clientes dormidos
281,12691.0,28,6,1035.8,1,Clientes nuevos
282,12693.0,127,4,855.91,1,Clientes nuevos
283,12694.0,70,2,869.67,1,Clientes nuevos
284,12695.0,7,4,582.1,1,Clientes nuevos
285,12697.0,29,3,957.59,1,Clientes nuevos
286,12700.0,8,4,4939.99,2,Clientes VIP
287,12701.0,80,2,797.71,1,Clientes nuevos
288,12702.0,20,1,219.0,1,Clientes nuevos
289,12703.0,71,1,283.55,1,Clientes nuevos
290,12704.0,7,8,2340.84,1,Clientes nuevos
291,12705.0,15,9,6868.29,2,Clientes VIP
292,12707.0,292,1,603.42,0,Clientes dormidos
293,12708.0,30,10,2712.91,2,Clientes VIP
294,12709.0,15,15,9736.52,2,Clientes VIP
295,12710.0,97,3,1149.02,1,Clientes nuevos
296,12712.0,29,13,4396.13,2,Clientes VIP
297,12713.0,1,1,848.55,1,Clientes nuevos
298,12714.0,9,5,4708.86,2,Clientes VIP
299,12715.0,106,1,353.86,1,Clientes nuevos
300,12716.0,4,2,1053.49,1,Clientes nuevos
301,12717.0,151,2,1030.98,0,Clientes dormidos
302,12718.0,71,1,238.25,1,Clientes nuevos
303,12719.0,5,2,644.95,1,Clientes nuevos
304,12720.0,3,25,5781.73,2,Clientes VIP
305,12721.0,32,6,2656.13,1,Clientes nuevos
306,12722.0,85,4,997.63,1,Clientes nuevos
307,12723.0,4,5,725.07,1,Clientes nuevos
308,12724.0,5,4,1031.41,1,Clientes nuevos
310,12726.0,28,7,2609.1,1,Clientes nuevos
311,12727.0,11,7,3980.7,2,Clientes VIP
312,12728.0,71,4,836.33,1,Clientes nuevos
313,12729.0,114,1,453.01,1,Clientes nuevos
315,12732.0,180,1,236.26,0,Clientes dormidos
316,12733.0,234,1,383.95,0,Clientes dormidos
317,12734.0,353,1,110.4,0,Clientes dormidos
318,12735.0,315,2,779.5699999999999,0,Clientes dormidos
319,12736.0,333,1,234.0,0,Clientes dormidos
321,12739.0,78,2,1013.04,1,Clientes nuevos
322,12740.0,64,1,427.6,1,Clientes nuevos
323,12743.0,134,2,546.43,1,Clientes nuevos
325,12747.0,2,11,4196.01,2,Clientes VIP
327,12749.0,4,5,4090.88,1,Clientes nuevos
328,12750.0,129,1,275.88,1,Clientes nuevos
329,12752.0,81,1,4366.78,1,Clientes nuevos
331,12754.0,236,3,3010.74,0,Clientes dormidos
332,12755.0,281,2,3811.95,0,Clientes dormidos
333,12756.0,87,1,112.07999999999998,1,Clientes nuevos
334,12757.0,16,13,7857.1,2,Clientes VIP
335,12758.0,117,2,2791.59,1,Clientes nuevos
336,12759.0,52,3,1531.44,1,Clientes nuevos
337,12762.0,8,2,1898.52,1,Clientes nuevos
338,12763.0,138,2,494.08,1,Clientes nuevos
339,12764.0,317,1,1693.88,0,Clientes dormidos
340,12766.0,4,7,6989.63,2,Clientes VIP
341,12769.0,239,1,1143.6,0,Clientes dormidos
342,12770.0,211,1,1351.45,0,Clientes dormidos
343,12772.0,60,1,892.47,1,Clientes nuevos
344,12775.0,17,5,1386.04,1,Clientes nuevos
345,12778.0,20,6,822.23,1,Clientes nuevos
346,12779.0,38,8,3981.36,2,Clientes VIP
347,12781.0,64,2,826.74,1,Clientes nuevos
348,12782.0,5,5,2330.92,1,Clientes nuevos
349,12783.0,2,6,2225.91,1,Clientes nuevos
350,12784.0,9,2,574.42,1,Clientes nuevos
351,12785.0,364,1,311.95,0,Clientes dormidos
352,12787.0,10,3,463.66,1,Clientes nuevos
353,12789.0,65,1,91.85,1,Clientes nuevos
354,12790.0,192,1,324.92,0,Clientes dormidos
356,12792.0,257,1,400.54,0,Clientes dormidos
357,12793.0,335,2,545.48,0,Clientes dormidos
358,12794.0,53,2,860.41,1,Clientes nuevos
359,12795.0,19,1,430.48,1,Clientes nuevos
360,12797.0,366,1,254.03,0,Clientes dormidos
361,12798.0,10,3,6977.04,2,Clientes VIP
362,12802.0,187,1,427.58,0,Clientes dormidos
363,12808.0,37,3,483.65,1,Clientes nuevos
364,12809.0,178,1,489.31,0,Clientes dormidos
365,12811.0,261,3,514.85,0,Clientes dormidos
366,12812.0,45,1,229.64,1,Clientes nuevos
367,12814.0,102,1,125.92,1,Clientes nuevos
368,12815.0,148,2,1063.46,0,Clientes dormidos
369,12816.0,96,2,572.2,1,Clientes nuevos
370,12817.0,281,1,166.04,0,Clientes dormidos
371,12818.0,262,1,1542.08,0,Clientes dormidos
372,12820.0,3,4,942.34,1,Clientes nuevos
373,12821.0,214,1,92.72,0,Clientes dormidos
374,12822.0,71,2,948.88,1,Clientes nuevos
375,12823.0,75,5,1759.5,1,Clientes nuevos
376,12824.0,60,1,397.12,1,Clientes nuevos
377,12826.0,3,7,1474.72,1,Clientes nuevos
378,12827.0,6,3,430.15,1,Clientes nuevos
379,12828.0,3,6,1018.71,1,Clientes nuevos
380,12829.0,337,2,293.0,0,Clientes dormidos
381,12830.0,38,6,6814.64,2,Clientes VIP
382,12831.0,262,1,215.05,0,Clientes dormidos
383,12832.0,32,2,383.03,1,Clientes nuevos
384,12833.0,145,1,417.38,0,Clientes dormidos
385,12834.0,283,1,312.38,0,Clientes dormidos
386,12836.0,59,4,2612.86,1,Clientes nuevos
387,12837.0,173,1,134.1,0,Clientes dormidos
388,12838.0,34,2,683.13,1,Clientes nuevos
389,12839.0,3,14,5591.42,2,Clientes VIP
390,12840.0,144,4,2726.77,1,Clientes nuevos
391,12841.0,5,25,4022.35,2,Clientes VIP
392,12842.0,70,2,1118.99,1,Clientes nuevos
393,12843.0,66,8,1702.26,1,Clientes nuevos
394,12844.0,29,2,325.96000000000004,1,Clientes nuevos
395,12845.0,267,4,354.09,0,Clientes dormidos
396,12847.0,22,1,871.54,1,Clientes nuevos
397,12849.0,31,2,1050.89,1,Clientes nuevos
398,12851.0,97,1,135.18,1,Clientes nuevos
399,12852.0,295,1,311.55,0,Clientes dormidos
400,12853.0,135,6,1957.1,1,Clientes nuevos
401,12854.0,79,3,1324.5,1,Clientes nuevos
403,12856.0,8,6,2179.93,1,Clientes nuevos
404,12857.0,211,2,1106.4,0,Clientes dormidos
405,12863.0,52,1,521.2,1,Clientes nuevos
406,12864.0,138,1,147.12,0,Clientes dormidos
407,12865.0,26,2,1568.23,1,Clientes nuevos
408,12866.0,283,1,559.12,0,Clientes dormidos
409,12867.0,26,7,4036.82,2,Clientes VIP
410,12868.0,186,6,1607.0600000000002,0,Clientes dormidos
411,12871.0,84,2,380.64,1,Clientes nuevos
412,12872.0,327,2,599.97,0,Clientes dormidos
413,12873.0,282,1,374.0,0,Clientes dormidos
414,12875.0,143,2,343.2300000000001,0,Clientes dormidos
415,12876.0,58,2,2218.02,1,Clientes nuevos
416,12877.0,4,12,1535.77,2,Clientes VIP
417,12878.0,236,2,854.99,0,Clientes dormidos
418,12879.0,45,3,573.22,1,Clientes nuevos
419,12881.0,276,1,298.0,0,Clientes dormidos
420,12882.0,9,2,1463.04,1,Clientes nuevos
421,12883.0,25,4,703.47,1,Clientes nuevos
422,12884.0,88,1,309.05,1,Clientes nuevos
423,12885.0,63,3,1175.22,1,Clientes nuevos
424,12886.0,68,2,1378.4,1,Clientes nuevos
425,12888.0,214,2,354.12,0,Clientes dormidos
426,12890.0,24,1,380.47,1,Clientes nuevos
427,12891.0,186,3,331.0,0,Clientes dormidos
428,12893.0,31,1,188.14,1,Clientes nuevos
429,12895.0,42,2,372.8,1,Clientes nuevos
430,12897.0,205,2,216.5,0,Clientes dormidos
432,12902.0,265,1,138.68,0,Clientes dormidos
433,12904.0,18,2,509.58,1,Clientes nuevos
434,12906.0,12,5,2919.81,1,Clientes nuevos
435,12908.0,176,2,750.0,0,Clientes dormidos
436,12909.0,40,5,2178.67,1,Clientes nuevos
437,12910.0,23,8,3075.04,2,Clientes VIP
438,12912.0,3,5,1662.3,1,Clientes nuevos
439,12913.0,5,5,2483.63,1,Clientes nuevos
440,12915.0,149,2,363.65,0,Clientes dormidos
441,12916.0,139,4,3006.15,1,Clientes nuevos
442,12917.0,128,1,594.0,1,Clientes nuevos
443,12919.0,8,6,1335.19,1,Clientes nuevos
444,12920.0,17,1,164.23,1,Clientes nuevos
446,12922.0,161,1,405.38,0,Clientes dormidos
447,12923.0,64,1,176.97,1,Clientes nuevos
448,12924.0,88,4,933.7,1,Clientes nuevos
449,12925.0,5,2,694.05,1,Clientes nuevos
450,12928.0,35,5,2062.7000000000003,1,Clientes nuevos
451,12929.0,312,1,117.85,0,Clientes dormidos
452,12930.0,78,2,415.8,1,Clientes nuevos
454,12933.0,24,3,607.53,1,Clientes nuevos
455,12935.0,2,7,2160.7,1,Clientes nuevos
456,12936.0,17,4,1063.9,1,Clientes nuevos
457,12937.0,15,4,1504.27,1,Clientes nuevos
458,12938.0,26,1,114.14,1,Clientes nuevos
459,12939.0,64,8,11581.8,2,Clientes VIP
460,12940.0,55,2,913.54,1,Clientes nuevos
461,12942.0,131,3,683.9,1,Clientes nuevos
462,12944.0,36,2,604.51,1,Clientes nuevos
463,12945.0,288,1,462.95,0,Clientes dormidos
464,12947.0,144,6,1603.99,1,Clientes nuevos
465,12948.0,16,7,2064.95,1,Clientes nuevos
466,12949.0,31,8,4167.22,2,Clientes VIP
467,12950.0,2,3,1843.0,1,Clientes nuevos
468,12951.0,9,6,1064.07,1,Clientes nuevos
469,12952.0,6,4,1387.79,1,Clientes nuevos
470,12953.0,10,1,329.85,1,Clientes nuevos
471,12955.0,1,11,4757.16,2,Clientes VIP
472,12956.0,306,1,108.07,0,Clientes dormidos
473,12957.0,10,8,4017.54,2,Clientes VIP
474,12962.0,7,2,266.39,1,Clientes nuevos
475,12963.0,8,8,1856.63,1,Clientes nuevos
476,12965.0,89,1,771.91,1,Clientes nuevos
477,12966.0,10,1,160.18,1,Clientes nuevos
478,12967.0,358,2,1660.9,0,Clientes dormidos
479,12968.0,112,1,135.95,1,Clientes nuevos
480,12970.0,7,4,452.24,1,Clientes nuevos
482,12974.0,198,1,144.8,0,Clientes dormidos
483,12976.0,212,1,738.6,0,Clientes dormidos
485,12980.0,158,9,7374.900000000001,2,Clientes VIP
486,12981.0,30,2,372.22,1,Clientes nuevos
487,12982.0,243,1,390.54,0,Clientes dormidos
488,12984.0,19,1,97.5,1,Clientes nuevos
489,12985.0,1,2,1239.38,1,Clientes nuevos
490,12987.0,74,2,558.7,1,Clientes nuevos
491,12988.0,292,1,535.32,0,Clientes dormidos
492,12989.0,3,15,6924.110000000001,2,Clientes VIP
493,12990.0,31,3,409.5,1,Clientes nuevos
494,12991.0,23,2,503.76,1,Clientes nuevos
495,12993.0,23,4,414.76,1,Clientes nuevos
496,12994.0,4,3,974.42,1,Clientes nuevos
497,12995.0,85,1,211.32,1,Clientes nuevos
498,12997.0,22,4,1226.89,1,Clientes nuevos
499,12999.0,196,3,455.88,0,Clientes dormidos
500,13000.0,107,3,534.85,1,Clientes nuevos
501,13001.0,4,13,9818.82,2,Clientes VIP
502,13002.0,318,1,120.95,0,Clientes dormidos
503,13003.0,106,3,149.05,1,Clientes nuevos
504,13004.0,12,18,5655.91,2,Clientes VIP
505,13005.0,174,2,513.7,0,Clientes dormidos
506,13006.0,56,1,81.57,1,Clientes nuevos
507,13008.0,323,1,229.46999999999997,0,Clientes dormidos
509,13012.0,9,8,1661.84,1,Clientes nuevos
510,13013.0,1,13,4810.9400000000005,2,Clientes VIP
511,13014.0,11,10,3466.2799999999997,2,Clientes VIP
512,13015.0,53,5,3346.28,1,Clientes nuevos
513,13016.0,73,3,789.89,1,Clientes nuevos
514,13017.0,7,1,204.0,1,Clientes nuevos
515,13018.0,16,28,7277.7,2,Clientes VIP
516,13021.0,4,9,2616.38,2,Clientes VIP
517,13023.0,64,2,689.9,1,Clientes nuevos
518,13026.0,1,5,975.36,1,Clientes nuevos
519,13027.0,114,6,6912.0,2,Clientes VIP
520,13028.0,23,2,661.3199999999999,1,Clientes nuevos
521,13029.0,31,3,1247.5,1,Clientes nuevos
522,13030.0,11,2,799.48,1,Clientes nuevos
523,13032.0,52,2,1010.18,1,Clientes nuevos
524,13033.0,357,1,190.55,0,Clientes dormidos
525,13034.0,55,2,642.77,1,Clientes nuevos
526,13035.0,74,2,921.88,1,Clientes nuevos
527,13037.0,138,3,881.07,1,Clientes nuevos
528,13038.0,80,3,908.46,1,Clientes nuevos
529,13040.0,9,2,676.99,1,Clientes nuevos
530,13043.0,273,1,516.42,0,Clientes dormidos
531,13044.0,291,1,560.47,0,Clientes dormidos
532,13045.0,99,1,305.28000000000003,1,Clientes nuevos
533,13046.0,31,2,629.31,1,Clientes nuevos
534,13047.0,32,10,3237.54,2,Clientes VIP
535,13048.0,14,4,1835.91,1,Clientes nuevos
536,13049.0,64,2,656.6800000000001,1,Clientes nuevos
537,13050.0,15,17,5836.86,2,Clientes VIP
538,13052.0,212,1,348.15000000000003,0,Clientes dormidos
539,13055.0,78,3,1214.41,1,Clientes nuevos
540,13058.0,25,3,271.40000000000003,1,Clientes nuevos
541,13059.0,250,1,183.4,0,Clientes dormidos
542,13060.0,254,1,307.53,0,Clientes dormidos
543,13061.0,72,1,248.61,1,Clientes nuevos
544,13062.0,191,1,346.98,0,Clientes dormidos
545,13064.0,13,4,1119.49,1,Clientes nuevos
547,13066.0,24,2,470.8,1,Clientes nuevos
548,13067.0,82,1,115.46,1,Clientes nuevos
549,13068.0,10,2,344.0,1,Clientes nuevos
550,13069.0,1,24,4436.12,2,Clientes VIP
551,13070.0,192,1,228.8,0,Clientes dormidos
552,13072.0,267,1,177.15,0,Clientes dormidos
553,13075.0,130,1,919.61,1,Clientes nuevos
554,13077.0,1,4,729.27,1,Clientes nuevos
555,13078.0,3,26,12627.94,2,Clientes VIP
556,13079.0,4,5,220.1,1,Clientes nuevos
557,13080.0,179,1,58.08,0,Clientes dormidos
559,13082.0,126,9,3613.63,2,Clientes VIP
560,13083.0,4,2,303.75,1,Clientes nuevos
561,13085.0,158,2,416.08,0,Clientes dormidos
563,13090.0,9,14,8910.82,2,Clientes VIP
564,13091.0,28,1,345.82,1,Clientes nuevos
565,13092.0,71,5,477.83,1,Clientes nuevos
566,13093.0,276,8,7832.47,2,Clientes VIP
567,13094.0,21,12,1927.32,2,Clientes VIP
568,13095.0,71,1,74.39999999999999,1,Clientes nuevos
569,13097.0,33,10,6010.42,2,Clientes VIP
571,13099.0,99,1,207.36,1,Clientes nuevos
572,13101.0,234,1,101.19,0,Clientes dormidos
573,13102.0,1,24,6424.09,2,Clientes VIP
574,13103.0,40,1,243.94,1,Clientes nuevos
575,13104.0,3,6,1098.48,1,Clientes nuevos
576,13106.0,133,1,76.5,0,Clientes dormidos
577,13107.0,44,4,1531.62,1,Clientes nuevos
579,13109.0,60,2,786.54,1,Clientes nuevos
580,13110.0,31,7,1488.67,1,Clientes nuevos
581,13113.0,1,24,12245.96,2,Clientes VIP
582,13115.0,12,4,2294.78,1,Clientes nuevos
583,13116.0,138,1,501.14,0,Clientes dormidos
584,13117.0,22,8,984.91,1,Clientes nuevos
585,13118.0,20,5,1197.81,1,Clientes nuevos
587,13121.0,269,1,283.73,0,Clientes dormidos
588,13122.0,94,2,922.39,1,Clientes nuevos
589,13124.0,90,3,3866.33,1,Clientes nuevos
590,13126.0,5,8,2099.64,1,Clientes nuevos
591,13127.0,78,1,259.17,1,Clientes nuevos
592,13130.0,94,1,64.0,1,Clientes nuevos
593,13131.0,23,3,1073.3,1,Clientes nuevos
594,13132.0,262,1,77.3,0,Clientes dormidos
595,13133.0,274,2,109.8,0,Clientes dormidos
596,13134.0,86,4,1793.58,1,Clientes nuevos
597,13135.0,197,1,3096.0,0,Clientes dormidos
598,13136.0,56,5,2607.61,1,Clientes nuevos
599,13137.0,11,8,3650.41,2,Clientes VIP
600,13138.0,22,6,962.39,1,Clientes nuevos
601,13139.0,16,7,5064.94,2,Clientes VIP
602,13140.0,108,3,423.72,1,Clientes nuevos
603,13141.0,85,5,2388.75,1,Clientes nuevos
604,13142.0,19,1,307.09,1,Clientes nuevos
605,13144.0,333,1,110.95,0,Clientes dormidos
606,13145.0,40,4,618.52,1,Clientes nuevos
607,13146.0,26,1,228.91,1,Clientes nuevos
608,13147.0,10,4,712.8000000000001,1,Clientes nuevos
609,13148.0,29,12,3707.12,2,Clientes VIP
610,13149.0,14,4,1676.06,1,Clientes nuevos
611,13151.0,296,1,1257.87,0,Clientes dormidos
612,13153.0,6,1,486.22,1,Clientes nuevos
613,13155.0,33,4,971.76,1,Clientes nuevos
614,13157.0,49,4,1741.22,1,Clientes nuevos
615,13158.0,95,4,1201.06,1,Clientes nuevos
616,13159.0,9,4,1437.85,1,Clientes nuevos
617,13160.0,22,1,91.8,1,Clientes nuevos
618,13161.0,313,1,112.75,0,Clientes dormidos
619,13162.0,122,4,1688.29,1,Clientes nuevos
620,13165.0,46,2,1021.48,1,Clientes nuevos
621,13166.0,283,1,417.2,0,Clientes dormidos
622,13167.0,19,4,791.33,1,Clientes nuevos
623,13168.0,36,4,1319.19,1,Clientes nuevos
624,13169.0,64,2,712.88,1,Clientes nuevos
625,13170.0,27,1,116.01,1,Clientes nuevos
626,13171.0,22,3,468.41,1,Clientes nuevos
627,13173.0,4,2,353.65,1,Clientes nuevos
628,13174.0,16,3,2817.03,1,Clientes nuevos
629,13176.0,46,1,492.84,1,Clientes nuevos
630,13177.0,65,1,282.45,1,Clientes nuevos
631,13178.0,26,11,5725.47,2,Clientes VIP
632,13182.0,45,1,121.18,1,Clientes nuevos
633,13183.0,8,9,3957.78,2,Clientes VIP
634,13184.0,15,10,1701.29,1,Clientes nuevos
635,13185.0,268,1,71.4,0,Clientes dormidos
636,13186.0,40,3,1575.89,1,Clientes nuevos
637,13187.0,337,1,236.02,0,Clientes dormidos
638,13188.0,11,1,114.6,1,Clientes nuevos
639,13189.0,19,2,260.68,1,Clientes nuevos
640,13192.0,95,2,911.94,1,Clientes nuevos
641,13193.0,61,1,117.88,1,Clientes nuevos
642,13194.0,136,1,60.7,0,Clientes dormidos
643,13196.0,11,4,1797.78,1,Clientes nuevos
644,13198.0,10,6,3401.24,1,Clientes nuevos
646,13200.0,19,4,870.09,1,Clientes nuevos
647,13203.0,10,4,869.46,1,Clientes nuevos
648,13207.0,15,2,250.26,1,Clientes nuevos
649,13208.0,59,6,1223.9,1,Clientes nuevos
650,13209.0,30,8,5891.61,2,Clientes VIP
651,13210.0,94,1,353.48,1,Clientes nuevos
652,13211.0,10,3,1197.42,1,Clientes nuevos
653,13212.0,20,3,788.08,1,Clientes nuevos
654,13213.0,57,5,1520.58,1,Clientes nuevos
655,13216.0,268,1,333.74,0,Clientes dormidos
656,13217.0,122,3,533.98,1,Clientes nuevos
657,13218.0,127,1,62.63999999999999,1,Clientes nuevos
658,13220.0,78,4,819.2900000000001,1,Clientes nuevos
659,13221.0,240,2,847.41,0,Clientes dormidos
660,13223.0,200,2,163.20000000000002,0,Clientes dormidos
661,13224.0,60,2,2155.95,1,Clientes nuevos
662,13225.0,3,7,6463.84,2,Clientes VIP
663,13226.0,273,1,108.21,0,Clientes dormidos
664,13227.0,202,1,257.7,0,Clientes dormidos
665,13228.0,81,1,358.0,1,Clientes nuevos
666,13229.0,226,1,160.95,0,Clientes dormidos
667,13230.0,4,14,2806.97,2,Clientes VIP
668,13232.0,13,7,1357.6,1,Clientes nuevos
669,13233.0,74,2,605.12,1,Clientes nuevos
670,13235.0,212,1,1031.07,0,Clientes dormidos
671,13236.0,25,2,744.85,1,Clientes nuevos
672,13238.0,17,4,700.73,1,Clientes nuevos
673,13239.0,262,1,329.56,0,Clientes dormidos
674,13240.0,96,4,663.65,1,Clientes nuevos
675,13242.0,112,3,270.40000000000003,1,Clientes nuevos
676,13243.0,203,1,600.07,0,Clientes dormidos
677,13244.0,93,1,121.74,1,Clientes nuevos
678,13245.0,51,1,430.5,1,Clientes nuevos
679,13246.0,18,6,1987.3,1,Clientes nuevos
680,13247.0,18,4,501.12,1,Clientes nuevos
681,13248.0,125,2,465.68,1,Clientes nuevos
682,13249.0,92,3,711.41,1,Clientes nuevos
683,13253.0,157,2,1030.4,0,Clientes dormidos
684,13255.0,9,2,399.51,1,Clientes nuevos
685,13258.0,12,3,698.58,1,Clientes nuevos
686,13259.0,62,1,292.32,1,Clientes nuevos
687,13260.0,61,1,557.62,1,Clientes nuevos
688,13261.0,269,2,944.1,0,Clientes dormidos
689,13262.0,263,1,200.29,0,Clientes dormidos
691,13265.0,53,5,2107.66,1,Clientes nuevos
692,13266.0,11,12,3834.26,2,Clientes VIP
693,13267.0,3,19,4521.49,2,Clientes VIP
694,13268.0,18,11,3214.69,2,Clientes VIP
695,13269.0,1,15,5346.2300000000005,2,Clientes VIP
696,13270.0,366,1,590.0,0,Clientes dormidos
697,13271.0,37,1,217.38,1,Clientes nuevos
698,13272.0,31,2,276.56,1,Clientes nuevos
699,13273.0,113,1,138.98,1,Clientes nuevos
700,13276.0,64,2,590.9300000000001,1,Clientes nuevos
701,13277.0,16,4,258.4,1,Clientes nuevos
702,13278.0,41,1,542.73,1,Clientes nuevos
703,13279.0,78,1,137.75,1,Clientes nuevos
704,13280.0,122,3,814.86,1,Clientes nuevos
705,13282.0,18,3,1132.14,1,Clientes nuevos
706,13283.0,60,2,93.66,1,Clientes nuevos
707,13284.0,331,1,201.19,0,Clientes dormidos
708,13285.0,23,4,2709.12,1,Clientes nuevos
709,13291.0,156,1,361.11,0,Clientes dormidos
710,13292.0,39,2,578.9399999999999,1,Clientes nuevos
711,13294.0,190,2,873.74,0,Clientes dormidos
712,13295.0,360,1,201.2,0,Clientes dormidos
713,13296.0,137,1,87.4,0,Clientes dormidos
714,13297.0,8,4,2089.85,1,Clientes nuevos
715,13298.0,1,1,360.0,1,Clientes nuevos
716,13299.0,268,1,142.5,0,Clientes dormidos
717,13300.0,169,1,371.89,0,Clientes dormidos
718,13301.0,104,4,618.09,1,Clientes nuevos
719,13302.0,155,1,63.75,0,Clientes dormidos
720,13304.0,351,1,300.42,0,Clientes dormidos
721,13305.0,4,10,2000.86,2,Clientes VIP
723,13308.0,23,3,1385.51,1,Clientes nuevos
724,13309.0,7,5,1456.79,1,Clientes nuevos
725,13310.0,28,3,1132.03,1,Clientes nuevos
726,13311.0,4,2,598.57,1,Clientes nuevos
727,13313.0,22,5,1555.32,1,Clientes nuevos
728,13314.0,2,3,775.94,1,Clientes nuevos
729,13316.0,37,4,5977.7300000000005,2,Clientes VIP
730,13317.0,66,6,2273.68,1,Clientes nuevos
731,13318.0,1,3,640.76,1,Clientes nuevos
732,13319.0,5,26,10845.55,2,Clientes VIP
733,13320.0,78,4,1548.7,1,Clientes nuevos
734,13321.0,72,2,567.36,1,Clientes nuevos
735,13322.0,17,1,199.48,1,Clientes nuevos
736,13323.0,3,5,787.85,1,Clientes nuevos
737,13324.0,36,10,7121.95,2,Clientes VIP
738,13325.0,82,1,675.3,1,Clientes nuevos
739,13327.0,39,8,3627.77,2,Clientes VIP
740,13328.0,316,1,1308.48,0,Clientes dormidos
741,13329.0,32,2,789.0,1,Clientes nuevos
742,13330.0,93,3,1140.93,1,Clientes nuevos
743,13332.0,14,1,350.9,1,Clientes nuevos
744,13334.0,82,3,3536.82,1,Clientes nuevos
745,13336.0,77,1,795.12,1,Clientes nuevos
746,13338.0,158,1,487.02,0,Clientes dormidos
747,13339.0,201,1,860.12,0,Clientes dormidos
748,13340.0,45,7,10736.48,2,Clientes VIP
749,13341.0,261,1,775.85,0,Clientes dormidos
750,13343.0,178,1,353.43,0,Clientes dormidos
751,13344.0,68,3,2543.72,1,Clientes nuevos
752,13345.0,288,1,389.5,0,Clientes dormidos
753,13347.0,70,1,341.36,1,Clientes nuevos
754,13348.0,64,1,233.76,1,Clientes nuevos
755,13349.0,11,1,247.32,1,Clientes nuevos
756,13350.0,16,2,979.12,1,Clientes nuevos
757,13351.0,66,1,373.94,1,Clientes nuevos
758,13352.0,60,1,397.98,1,Clientes nuevos
759,13354.0,71,1,743.53,1,Clientes nuevos
760,13355.0,122,1,674.7,1,Clientes nuevos
761,13356.0,80,1,768.24,1,Clientes nuevos
762,13357.0,257,1,609.95,0,Clientes dormidos
763,13358.0,269,1,439.03,0,Clientes dormidos
764,13359.0,64,1,439.56,1,Clientes nuevos
765,13362.0,9,4,3090.74,1,Clientes nuevos
766,13363.0,18,2,992.5,1,Clientes nuevos
767,13364.0,71,1,134.95999999999998,1,Clientes nuevos
768,13365.0,34,2,2225.37,1,Clientes nuevos
770,13368.0,257,2,623.4,0,Clientes dormidos
771,13369.0,366,1,308.28000000000003,0,Clientes dormidos
773,13372.0,90,1,378.64,1,Clientes nuevos
774,13373.0,61,3,3312.25,1,Clientes nuevos
775,13375.0,89,1,778.65,1,Clientes nuevos
776,13376.0,99,3,1019.76,1,Clientes nuevos
777,13379.0,26,3,572.56,1,Clientes nuevos
778,13381.0,32,6,3639.31,1,Clientes nuevos
779,13382.0,281,1,222.99,0,Clientes dormidos
780,13384.0,31,7,4151.93,2,Clientes VIP
781,13385.0,330,1,534.57,0,Clientes dormidos
782,13388.0,131,2,677.1,1,Clientes nuevos
783,13389.0,11,3,797.96,1,Clientes nuevos
784,13390.0,75,1,544.08,1,Clientes nuevos
785,13391.0,204,1,59.8,0,Clientes dormidos
786,13394.0,2,8,2520.02,1,Clientes nuevos
787,13395.0,185,1,307.72,0,Clientes dormidos
788,13396.0,29,2,1360.99,1,Clientes nuevos
789,13397.0,73,5,1544.13,1,Clientes nuevos
790,13398.0,192,1,457.34,0,Clientes dormidos
791,13402.0,127,2,621.23,1,Clientes nuevos
792,13403.0,18,1,75.0,1,Clientes nuevos
793,13404.0,1,2,252.49,1,Clientes nuevos
794,13405.0,74,3,572.451,1,Clientes nuevos
796,13410.0,24,5,1003.06,1,Clientes nuevos
797,13411.0,107,1,213.55,1,Clientes nuevos
798,13414.0,134,3,1390.5,1,Clientes nuevos
799,13416.0,44,2,712.5,1,Clientes nuevos
800,13417.0,5,2,640.83,1,Clientes nuevos
801,13418.0,12,18,6127.43,2,Clientes VIP
802,13419.0,64,1,221.06,1,Clientes nuevos
803,13420.0,150,2,159.85,0,Clientes dormidos
804,13421.0,40,2,1851.08,1,Clientes nuevos
805,13422.0,64,1,2626.3,1,Clientes nuevos
806,13425.0,108,3,1624.21,1,Clientes nuevos
807,13426.0,1,10,3641.32,2,Clientes VIP
808,13427.0,19,3,582.6,1,Clientes nuevos
809,13428.0,10,1,218.47,1,Clientes nuevos
810,13429.0,11,4,1006.8,1,Clientes nuevos
811,13430.0,19,2,679.45,1,Clientes nuevos
812,13431.0,67,2,1269.1,1,Clientes nuevos
813,13434.0,74,2,534.24,1,Clientes nuevos
814,13435.0,5,7,3809.89,2,Clientes VIP
815,13436.0,2,1,196.89,1,Clientes nuevos
816,13437.0,14,7,3408.06,2,Clientes VIP
817,13439.0,255,1,283.71,0,Clientes dormidos
818,13441.0,92,1,296.64,1,Clientes nuevos
819,13447.0,23,3,1129.14,1,Clientes nuevos
820,13448.0,17,6,3539.37,1,Clientes nuevos
821,13449.0,24,1,291.88,1,Clientes nuevos
822,13450.0,27,6,2043.72,1,Clientes nuevos
823,13451.0,26,5,2976.15,1,Clientes nuevos
824,13452.0,259,2,590.0,0,Clientes dormidos
825,13453.0,166,2,356.97999999999996,0,Clientes dormidos
826,13455.0,25,2,1058.34,1,Clientes nuevos
827,13456.0,18,6,1766.72,1,Clientes nuevos
828,13458.0,7,14,9646.57,2,Clientes VIP
829,13460.0,29,2,183.44,1,Clientes nuevos
830,13461.0,39,3,1445.0,1,Clientes nuevos
831,13462.0,253,1,151.5,0,Clientes dormidos
832,13464.0,58,1,674.68,1,Clientes nuevos
833,13466.0,184,1,307.9,0,Clientes dormidos
834,13467.0,11,2,1083.71,1,Clientes nuevos
836,13470.0,99,2,165.0,1,Clientes nuevos
837,13471.0,1,4,2531.58,1,Clientes nuevos
838,13473.0,61,2,422.64,1,Clientes nuevos
839,13474.0,236,1,229.59,0,Clientes dormidos
840,13475.0,191,4,1431.78,0,Clientes dormidos
841,13476.0,179,2,1238.47,0,Clientes dormidos
842,13477.0,38,6,1454.58,1,Clientes nuevos
843,13479.0,201,2,300.95,0,Clientes dormidos
844,13481.0,46,5,1804.56,1,Clientes nuevos
845,13482.0,232,1,184.64,0,Clientes dormidos
846,13483.0,66,1,140.34,1,Clientes nuevos
847,13484.0,241,1,313.8,0,Clientes dormidos
848,13485.0,233,1,454.24,0,Clientes dormidos
849,13486.0,78,3,1122.41,1,Clientes nuevos
850,13487.0,58,3,575.4,1,Clientes nuevos
851,13488.0,17,13,8968.31,2,Clientes VIP
852,13489.0,105,4,449.52,1,Clientes nuevos
853,13491.0,52,10,1215.82,1,Clientes nuevos
854,13492.0,136,3,1269.84,1,Clientes nuevos
855,13493.0,275,2,618.63,0,Clientes dormidos
856,13494.0,312,1,316.26000000000005,0,Clientes dormidos
857,13495.0,8,5,2044.87,1,Clientes nuevos
858,13496.0,11,2,653.33,1,Clientes nuevos
859,13497.0,283,2,348.05,0,Clientes dormidos
860,13499.0,18,5,1159.11,1,Clientes nuevos
861,13500.0,23,3,1166.77,1,Clientes nuevos
862,13501.0,288,1,1340.32,0,Clientes dormidos
863,13502.0,17,3,292.0,1,Clientes nuevos
864,13503.0,71,1,216.85,1,Clientes nuevos
865,13504.0,64,1,295.93,1,Clientes nuevos
866,13505.0,73,4,4393.63,1,Clientes nuevos
867,13506.0,316,2,458.52,0,Clientes dormidos
868,13507.0,3,4,2479.16,1,Clientes nuevos
869,13508.0,244,1,110.97,0,Clientes dormidos
870,13509.0,9,7,979.72,1,Clientes nuevos
871,13510.0,1,4,1791.56,1,Clientes nuevos
872,13512.0,261,1,251.21,0,Clientes dormidos
873,13513.0,127,1,205.1,1,Clientes nuevos
874,13514.0,74,1,152.20000000000002,1,Clientes nuevos
875,13515.0,73,4,891.12,1,Clientes nuevos
876,13516.0,21,3,1389.41,1,Clientes nuevos
877,13517.0,60,3,2128.42,1,Clientes nuevos
878,13518.0,86,1,659.4399999999999,1,Clientes nuevos
879,13519.0,78,1,122.75,1,Clientes nuevos
880,13520.0,59,6,3624.35,1,Clientes nuevos
881,13521.0,1,3,1093.65,1,Clientes nuevos
882,13522.0,30,1,125.8,1,Clientes nuevos
883,13523.0,33,5,3964.88,1,Clientes nuevos
884,13524.0,41,5,680.1800000000001,1,Clientes nuevos
885,13525.0,15,2,628.78,1,Clientes nuevos
886,13527.0,34,7,2287.51,1,Clientes nuevos
887,13529.0,79,2,307.76,1,Clientes nuevos
888,13531.0,205,2,483.8,0,Clientes dormidos
889,13532.0,34,1,210.31,1,Clientes nuevos
890,13533.0,183,3,270.79,0,Clientes dormidos
891,13534.0,2,25,5870.08,2,Clientes VIP
892,13536.0,1,7,3448.29,2,Clientes VIP
893,13538.0,43,7,1280.85,1,Clientes nuevos
894,13539.0,86,3,631.34,1,Clientes nuevos
895,13544.0,40,2,291.41,1,Clientes nuevos
896,13546.0,12,3,626.99,1,Clientes nuevos
897,13548.0,96,2,682.41,1,Clientes nuevos
898,13549.0,26,7,918.2,1,Clientes nuevos
899,13551.0,319,1,91.8,0,Clientes dormidos
900,13552.0,66,12,3740.07,2,Clientes VIP
901,13555.0,74,4,4149.28,1,Clientes nuevos
902,13557.0,28,2,584.06,1,Clientes nuevos
903,13558.0,6,4,605.06,1,Clientes nuevos
904,13560.0,7,1,174.37,1,Clientes nuevos
905,13561.0,216,1,141.86,0,Clientes dormidos
906,13562.0,82,3,1799.33,1,Clientes nuevos
907,13563.0,84,2,777.53,1,Clientes nuevos
908,13564.0,144,3,1749.02,1,Clientes nuevos
909,13565.0,19,2,240.22,1,Clientes nuevos
910,13566.0,41,2,874.71,1,Clientes nuevos
911,13568.0,173,1,192.85,0,Clientes dormidos
912,13569.0,17,2,373.75,1,Clientes nuevos
913,13570.0,243,1,239.49,0,Clientes dormidos
914,13571.0,13,12,2092.32,2,Clientes VIP
915,13572.0,206,1,1384.25,0,Clientes dormidos
916,13573.0,50,2,294.4,1,Clientes nuevos
917,13575.0,23,5,732.0699999999999,1,Clientes nuevos
918,13576.0,10,18,6717.34,2,Clientes VIP
919,13577.0,25,4,1687.6,1,Clientes nuevos
920,13579.0,15,2,467.04,1,Clientes nuevos
921,13581.0,309,1,118.0,0,Clientes dormidos
922,13583.0,156,1,781.03,0,Clientes dormidos
923,13584.0,307,1,142.4,0,Clientes dormidos
924,13587.0,64,1,712.4,1,Clientes nuevos
925,13588.0,16,9,2478.95,2,Clientes VIP
926,13589.0,15,2,379.65,1,Clientes nuevos
927,13590.0,11,6,1981.92,1,Clientes nuevos
928,13591.0,65,3,1117.13,1,Clientes nuevos
929,13592.0,36,4,247.96,1,Clientes nuevos
930,13593.0,108,5,2037.08,1,Clientes nuevos
931,13594.0,53,1,396.97,1,Clientes nuevos
932,13596.0,6,2,697.04,1,Clientes nuevos
933,13598.0,47,1,180.17,1,Clientes nuevos
934,13599.0,1,21,5153.67,2,Clientes VIP
935,13600.0,312,1,219.52,0,Clientes dormidos
936,13601.0,45,2,693.32,1,Clientes nuevos
937,13602.0,65,1,428.89,1,Clientes nuevos
938,13603.0,26,1,164.34,1,Clientes nuevos
939,13606.0,29,3,280.53999999999996,1,Clientes nuevos
940,13607.0,40,1,678.01,1,Clientes nuevos
941,13610.0,12,7,1131.88,1,Clientes nuevos
942,13611.0,89,3,1171.8,1,Clientes nuevos
943,13614.0,24,4,1610.46,1,Clientes nuevos
944,13615.0,319,1,417.69,0,Clientes dormidos
945,13617.0,40,3,544.18,1,Clientes nuevos
946,13618.0,174,1,177.34,0,Clientes dormidos
947,13621.0,117,1,213.85,1,Clientes nuevos
948,13623.0,31,5,747.78,1,Clientes nuevos
949,13626.0,253,1,257.23,0,Clientes dormidos
950,13627.0,59,5,1638.47,1,Clientes nuevos
951,13629.0,23,11,7792.36,2,Clientes VIP
952,13630.0,5,7,2031.78,1,Clientes nuevos
953,13631.0,100,11,3070.42,2,Clientes VIP
954,13632.0,25,5,2121.27,1,Clientes nuevos
955,13634.0,33,5,1575.16,1,Clientes nuevos
956,13635.0,68,1,1071.03,1,Clientes nuevos
957,13636.0,37,5,949.12,1,Clientes nuevos
958,13637.0,52,3,810.5,1,Clientes nuevos
959,13638.0,16,1,122.64,1,Clientes nuevos
960,13639.0,74,1,1033.34,1,Clientes nuevos
961,13642.0,216,1,354.8,0,Clientes dormidos
962,13643.0,31,3,519.44,1,Clientes nuevos
963,13644.0,16,4,2624.26,1,Clientes nuevos
964,13645.0,120,1,252.1,1,Clientes nuevos
965,13647.0,10,4,1678.12,1,Clientes nuevos
966,13649.0,257,2,346.6,0,Clientes dormidos
967,13650.0,17,6,1836.34,1,Clientes nuevos
968,13651.0,35,2,94.2,1,Clientes nuevos
969,13652.0,46,3,1095.08,1,Clientes nuevos
970,13654.0,43,6,2707.33,1,Clientes nuevos
971,13655.0,114,2,932.97,1,Clientes nuevos
972,13656.0,165,2,379.65,0,Clientes dormidos
973,13657.0,11,2,382.14,1,Clientes nuevos
974,13658.0,10,5,2639.17,1,Clientes nuevos
975,13659.0,206,2,1573.2,0,Clientes dormidos
976,13662.0,86,3,897.76,1,Clientes nuevos
977,13663.0,179,1,189.47,0,Clientes dormidos
978,13666.0,60,3,84.65,1,Clientes nuevos
979,13667.0,149,1,305.02,0,Clientes dormidos
980,13668.0,3,21,6363.59,2,Clientes VIP
981,13669.0,51,2,218.55,1,Clientes nuevos
982,13670.0,75,1,349.7,1,Clientes nuevos
983,13672.0,301,2,186.39,0,Clientes dormidos
984,13673.0,19,2,396.92,1,Clientes nuevos
985,13675.0,151,2,486.8200000000001,0,Clientes dormidos
986,13678.0,152,1,232.6,0,Clientes dormidos
987,13680.0,1,4,3722.42,1,Clientes nuevos
988,13681.0,18,4,827.83,1,Clientes nuevos
989,13682.0,187,1,59.5,0,Clientes dormidos
990,13684.0,286,1,67.23,0,Clientes dormidos
991,13685.0,3,7,3119.44,1,Clientes nuevos
992,13686.0,183,1,72.0,0,Clientes dormidos
993,13689.0,63,1,910.0,1,Clientes nuevos
994,13690.0,59,1,172.25,1,Clientes nuevos
995,13692.0,25,3,1488.32,1,Clientes nuevos
997,13695.0,31,15,2504.13,2,Clientes VIP
998,13697.0,39,1,151.29999999999998,1,Clientes nuevos
999,13699.0,155,1,308.58000000000004,0,Clientes dormidos
1000,13700.0,26,10,2265.12,2,Clientes VIP
1001,13703.0,318,1,99.5,0,Clientes dormidos
1002,13704.0,5,9,2308.06,1,Clientes nuevos
1003,13705.0,8,3,711.86,1,Clientes nuevos
1004,13706.0,303,1,330.79,0,Clientes dormidos
1005,13707.0,267,2,806.41,0,Clientes dormidos
1006,13708.0,271,1,296.88,0,Clientes dormidos
1007,13709.0,4,13,6328.05,2,Clientes VIP
1008,13710.0,32,1,180.48,1,Clientes nuevos
1009,13711.0,219,2,252.06,0,Clientes dormidos
1010,13712.0,247,1,228.84,0,Clientes dormidos
1011,13715.0,281,5,1079.34,0,Clientes dormidos
1012,13716.0,269,1,138.28,0,Clientes dormidos
1013,13717.0,32,6,1445.01,1,Clientes nuevos
1014,13718.0,246,2,306.55,0,Clientes dormidos
1015,13719.0,15,5,1041.68,1,Clientes nuevos
1016,13720.0,117,4,799.9,1,Clientes nuevos
1017,13721.0,36,1,524.14,1,Clientes nuevos
1018,13722.0,132,3,2375.41,1,Clientes nuevos
1019,13723.0,217,1,199.85,0,Clientes dormidos
1020,13725.0,50,8,1980.56,1,Clientes nuevos
1021,13726.0,39,2,1079.66,1,Clientes nuevos
1022,13727.0,29,2,333.48,1,Clientes nuevos
1023,13728.0,37,6,1016.14,1,Clientes nuevos
1024,13730.0,136,2,752.6,1,Clientes nuevos
1025,13731.0,219,2,610.59,0,Clientes dormidos
1026,13732.0,28,1,491.86,1,Clientes nuevos
1027,13735.0,25,4,2885.24,1,Clientes nuevos
1028,13736.0,5,2,731.9,1,Clientes nuevos
1029,13737.0,200,1,339.59999999999997,0,Clientes dormidos
1030,13739.0,18,1,216.9,1,Clientes nuevos
1031,13740.0,241,1,350.75,0,Clientes dormidos
1032,13741.0,72,3,668.4300000000001,1,Clientes nuevos
1033,13742.0,17,12,3131.02,2,Clientes VIP
1034,13743.0,3,7,1341.6,1,Clientes nuevos
1035,13744.0,95,2,1156.36,1,Clientes nuevos
1036,13745.0,162,1,300.04,0,Clientes dormidos
1038,13748.0,96,5,948.25,1,Clientes nuevos
1039,13750.0,54,5,1647.26,1,Clientes nuevos
1040,13751.0,288,1,296.25,0,Clientes dormidos
1041,13752.0,124,6,1186.28,1,Clientes nuevos
1042,13753.0,288,1,741.26,0,Clientes dormidos
1043,13754.0,152,2,282.59999999999997,0,Clientes dormidos
1044,13755.0,4,9,2161.35,1,Clientes nuevos
1045,13756.0,2,14,5189.52,2,Clientes VIP
1046,13758.0,12,7,3190.55,1,Clientes nuevos
1047,13759.0,33,2,659.4100000000001,1,Clientes nuevos
1048,13760.0,54,2,286.79,1,Clientes nuevos
1049,13761.0,50,2,1070.65,1,Clientes nuevos
1050,13762.0,219,1,306.72,0,Clientes dormidos
1051,13763.0,63,1,1714.96,1,Clientes nuevos
1052,13764.0,71,3,1521.76,1,Clientes nuevos
1054,13769.0,2,10,2796.51,2,Clientes VIP
1055,13771.0,64,4,2634.45,1,Clientes nuevos
1056,13772.0,34,3,1132.13,1,Clientes nuevos
1057,13774.0,82,1,345.0,1,Clientes nuevos
1059,13778.0,103,1,178.7,1,Clientes nuevos
1060,13780.0,7,2,360.01,1,Clientes nuevos
1061,13781.0,251,1,127.84,0,Clientes dormidos
1062,13782.0,13,6,912.0,1,Clientes nuevos
1063,13784.0,10,11,2462.79,2,Clientes VIP
1064,13786.0,367,1,230.4,0,Clientes dormidos
1065,13787.0,76,2,309.04,1,Clientes nuevos
1066,13790.0,4,1,348.8,1,Clientes nuevos
1067,13791.0,128,2,1516.0,1,Clientes nuevos
1068,13792.0,66,2,195.55,1,Clientes nuevos
1070,13799.0,117,2,688.86,1,Clientes nuevos
1071,13800.0,310,1,558.32,0,Clientes dormidos
1072,13801.0,67,1,324.8,1,Clientes nuevos
1073,13802.0,139,3,4599.42,1,Clientes nuevos
1074,13803.0,255,1,277.07,0,Clientes dormidos
1075,13804.0,31,7,2635.79,1,Clientes nuevos
1076,13805.0,52,2,924.6,1,Clientes nuevos
1077,13806.0,64,1,256.38,1,Clientes nuevos
1078,13807.0,367,1,112.6,0,Clientes dormidos
1079,13808.0,6,5,1747.66,1,Clientes nuevos
1080,13809.0,305,1,155.05,0,Clientes dormidos
1081,13810.0,29,3,1499.01,1,Clientes nuevos
1082,13811.0,184,3,814.5,0,Clientes dormidos
1083,13812.0,42,3,539.0,1,Clientes nuevos
1084,13813.0,40,4,1366.86,1,Clientes nuevos
1085,13814.0,92,2,1579.12,1,Clientes nuevos
1086,13815.0,22,4,4027.36,1,Clientes nuevos
1087,13816.0,24,2,571.6700000000001,1,Clientes nuevos
1088,13817.0,29,2,382.98,1,Clientes nuevos
1089,13819.0,302,3,1140.35,0,Clientes dormidos
1090,13821.0,145,2,385.64,0,Clientes dormidos
1091,13822.0,6,2,632.0,1,Clientes nuevos
1092,13823.0,19,2,957.66,1,Clientes nuevos
1093,13824.0,33,5,1698.94,1,Clientes nuevos
1094,13826.0,176,1,189.5,0,Clientes dormidos
1095,13827.0,58,3,412.05,1,Clientes nuevos
1096,13828.0,22,1,209.49,1,Clientes nuevos
1097,13831.0,16,6,2202.99,1,Clientes nuevos
1099,13833.0,159,1,384.8,0,Clientes dormidos
1100,13835.0,25,4,834.57,1,Clientes nuevos
1101,13837.0,212,2,271.24,0,Clientes dormidos
1102,13838.0,6,4,691.73,1,Clientes nuevos
1103,13841.0,253,1,85.0,0,Clientes dormidos
1104,13842.0,59,9,3385.62,2,Clientes VIP
1105,13844.0,11,1,361.62,1,Clientes nuevos
1106,13845.0,65,1,312.98,1,Clientes nuevos
1107,13846.0,25,3,865.0600000000001,1,Clientes nuevos
1108,13848.0,92,3,1255.0,1,Clientes nuevos
1109,13849.0,52,2,1537.95,1,Clientes nuevos
1110,13850.0,129,1,1595.48,1,Clientes nuevos
1111,13851.0,96,3,2651.46,1,Clientes nuevos
1112,13853.0,57,1,1090.14,1,Clientes nuevos
1113,13854.0,9,25,8109.52,2,Clientes VIP
1114,13856.0,169,3,388.5,0,Clientes dormidos
1115,13858.0,57,1,216.17,1,Clientes nuevos
1116,13859.0,326,1,201.16,0,Clientes dormidos
1117,13860.0,1,5,1245.9,1,Clientes nuevos
1118,13862.0,18,8,2209.36,1,Clientes nuevos
1119,13863.0,248,1,305.78,0,Clientes dormidos
1120,13865.0,58,4,501.56,1,Clientes nuevos
1121,13866.0,74,1,145.67000000000002,1,Clientes nuevos
1122,13867.0,31,3,1015.29,1,Clientes nuevos
1123,13868.0,7,2,3192.54,1,Clientes nuevos
1124,13869.0,123,4,3104.95,1,Clientes nuevos
1125,13870.0,2,8,2770.94,1,Clientes nuevos
1126,13871.0,23,13,6403.25,2,Clientes VIP
1127,13873.0,120,3,389.6,1,Clientes nuevos
1128,13874.0,358,1,540.45,0,Clientes dormidos
1129,13875.0,54,5,1786.79,1,Clientes nuevos
1130,13876.0,64,1,122.7,1,Clientes nuevos
1131,13877.0,86,1,117.24,1,Clientes nuevos
1132,13878.0,55,1,1281.53,1,Clientes nuevos
1133,13880.0,21,13,3219.77,2,Clientes VIP
1135,13882.0,3,5,1191.13,1,Clientes nuevos
1136,13883.0,11,5,2674.48,1,Clientes nuevos
1137,13884.0,7,5,787.6,1,Clientes nuevos
1138,13885.0,189,2,506.8,0,Clientes dormidos
1139,13886.0,71,1,243.56,1,Clientes nuevos
1140,13887.0,204,1,349.55,0,Clientes dormidos
1141,13888.0,120,2,605.63,1,Clientes nuevos
1142,13889.0,93,1,416.9,1,Clientes nuevos
1143,13890.0,1,10,1883.81,1,Clientes nuevos
1144,13892.0,27,4,632.97,1,Clientes nuevos
1145,13893.0,298,1,821.1,0,Clientes dormidos
1146,13894.0,24,3,564.62,1,Clientes nuevos
1147,13895.0,28,4,2593.07,1,Clientes nuevos
1148,13897.0,50,1,311.16,1,Clientes nuevos
1149,13898.0,326,1,155.93,0,Clientes dormidos
1150,13899.0,16,2,388.52,1,Clientes nuevos
1151,13900.0,183,3,740.95,0,Clientes dormidos
1152,13901.0,72,5,2867.2,1,Clientes nuevos
1153,13904.0,37,2,332.64,1,Clientes nuevos
1154,13908.0,80,4,2369.55,1,Clientes nuevos
1155,13911.0,57,9,2580.91,2,Clientes VIP
1156,13914.0,12,2,626.45,1,Clientes nuevos
1157,13917.0,50,2,272.04,1,Clientes nuevos
1158,13918.0,50,2,1212.84,1,Clientes nuevos
1159,13919.0,59,2,384.81,1,Clientes nuevos
1160,13922.0,352,1,172.25,0,Clientes dormidos
1161,13923.0,54,1,351.13,1,Clientes nuevos
1162,13924.0,2,6,1838.85,1,Clientes nuevos
1163,13925.0,93,4,678.25,1,Clientes nuevos
1164,13926.0,23,1,223.85,1,Clientes nuevos
1165,13927.0,75,1,348.99,1,Clientes nuevos
1166,13928.0,11,4,464.57,1,Clientes nuevos
1167,13929.0,169,2,842.65,0,Clientes dormidos
1168,13930.0,58,2,337.34,1,Clientes nuevos
1169,13931.0,96,2,1237.53,1,Clientes nuevos
1170,13932.0,295,1,307.4,0,Clientes dormidos
1171,13933.0,109,2,608.7900000000001,1,Clientes nuevos
1172,13934.0,264,1,922.1,0,Clientes dormidos
1173,13936.0,180,1,376.58,0,Clientes dormidos
1174,13937.0,169,1,158.85,0,Clientes dormidos
1175,13938.0,35,1,71.66,1,Clientes nuevos
1176,13939.0,23,3,568.55,1,Clientes nuevos
1177,13940.0,17,4,839.14,1,Clientes nuevos
1178,13941.0,22,5,5112.96,2,Clientes VIP
1179,13946.0,79,3,561.5699999999999,1,Clientes nuevos
1180,13947.0,65,1,90.6,1,Clientes nuevos
1181,13948.0,361,1,102.0,0,Clientes dormidos
1182,13949.0,3,6,2427.32,1,Clientes nuevos
1183,13950.0,11,4,745.06,1,Clientes nuevos
1184,13951.0,176,3,674.45,0,Clientes dormidos
1185,13952.0,218,2,3251.071,0,Clientes dormidos
1186,13953.0,7,7,3515.68,2,Clientes VIP
1187,13954.0,2,2,439.92,1,Clientes nuevos
1188,13955.0,154,2,322.96,0,Clientes dormidos
1189,13956.0,5,5,1026.42,1,Clientes nuevos
1190,13959.0,79,3,598.2,1,Clientes nuevos
1191,13960.0,21,2,230.22,1,Clientes nuevos
1192,13962.0,22,2,169.55,1,Clientes nuevos
1193,13963.0,308,4,664.54,0,Clientes dormidos
1194,13967.0,146,1,80.7,0,Clientes dormidos
1195,13969.0,7,18,9053.94,2,Clientes VIP
1196,13971.0,19,8,2758.26,1,Clientes nuevos
1197,13972.0,71,2,190.25,1,Clientes nuevos
1198,13973.0,287,1,264.7,0,Clientes dormidos
1199,13974.0,49,1,413.59,1,Clientes nuevos
1200,13975.0,31,6,2526.28,1,Clientes nuevos
1201,13976.0,207,1,357.98,0,Clientes dormidos
1202,13978.0,15,2,196.79,1,Clientes nuevos
1203,13979.0,73,1,869.87,1,Clientes nuevos
1204,13980.0,60,1,200.14,1,Clientes nuevos
1205,13982.0,39,4,1871.81,1,Clientes nuevos
1206,13983.0,30,12,2603.43,2,Clientes VIP
1207,13984.0,27,5,920.51,1,Clientes nuevos
1208,13985.0,4,15,7060.13,2,Clientes VIP
1209,13986.0,17,1,320.46,1,Clientes nuevos
1210,13988.0,20,6,4147.96,2,Clientes VIP
1211,13989.0,66,2,1266.08,1,Clientes nuevos
1212,13990.0,213,1,311.3,0,Clientes dormidos
1213,13991.0,12,6,855.97,1,Clientes nuevos
1214,13992.0,30,1,76.8,1,Clientes nuevos
1215,13993.0,43,9,3466.36,2,Clientes VIP
1216,13994.0,4,6,2313.14,1,Clientes nuevos
1217,13995.0,15,5,1393.69,1,Clientes nuevos
1218,13999.0,10,12,3901.81,2,Clientes VIP
1219,14000.0,211,1,635.66,0,Clientes dormidos
1220,14001.0,46,3,2043.08,1,Clientes nuevos
1221,14002.0,134,2,529.73,1,Clientes nuevos
1222,14004.0,43,7,4582.64,2,Clientes VIP
1223,14005.0,10,5,2874.72,1,Clientes nuevos
1224,14006.0,116,3,962.19,1,Clientes nuevos
1225,14009.0,198,2,695.61,0,Clientes dormidos
1226,14012.0,278,1,328.8,0,Clientes dormidos
1227,14013.0,110,3,473.02,1,Clientes nuevos
1228,14014.0,77,1,505.18,1,Clientes nuevos
1229,14015.0,53,1,917.34,1,Clientes nuevos
1230,14016.0,162,4,4341.21,1,Clientes nuevos
1231,14019.0,47,3,1421.61,1,Clientes nuevos
1232,14020.0,17,2,642.8,1,Clientes nuevos
1233,14021.0,155,3,631.9,0,Clientes dormidos
1234,14022.0,225,1,440.0,0,Clientes dormidos
1235,14023.0,7,2,584.07,1,Clientes nuevos
1236,14024.0,122,2,327.7,1,Clientes nuevos
1237,14027.0,61,1,104.82,1,Clientes nuevos
1238,14029.0,63,2,467.66,1,Clientes nuevos
1239,14030.0,18,8,2360.09,1,Clientes nuevos
1241,14032.0,2,11,2975.59,2,Clientes VIP
1242,14034.0,22,3,651.8199999999999,1,Clientes nuevos
1243,14035.0,29,5,1428.02,1,Clientes nuevos
1244,14036.0,285,1,626.65,0,Clientes dormidos
1245,14037.0,176,2,147.20000000000002,0,Clientes dormidos
1246,14038.0,78,3,1560.38,1,Clientes nuevos
1247,14039.0,33,1,152.2,1,Clientes nuevos
1248,14040.0,41,12,3614.92,2,Clientes VIP
1249,14041.0,266,1,141.41,0,Clientes dormidos
1250,14044.0,27,4,652.82,1,Clientes nuevos
1251,14045.0,109,4,1659.75,1,Clientes nuevos
1252,14046.0,284,1,154.99,0,Clientes dormidos
1253,14047.0,9,5,1308.61,1,Clientes nuevos
1254,14048.0,305,1,409.93,0,Clientes dormidos
1255,14049.0,17,4,5681.72,2,Clientes VIP
1256,14050.0,32,2,746.36,1,Clientes nuevos
1258,14052.0,20,1,225.36,1,Clientes nuevos
1259,14053.0,124,2,260.25,1,Clientes nuevos
1260,14054.0,65,1,92.46,1,Clientes nuevos
1261,14055.0,106,1,725.6400000000001,1,Clientes nuevos
1262,14056.0,1,23,8214.65,2,Clientes VIP
1263,14057.0,24,17,6217.96,2,Clientes VIP
1264,14059.0,267,1,183.6,0,Clientes dormidos
1265,14060.0,5,19,6140.42,2,Clientes VIP
1266,14062.0,10,12,10464.85,2,Clientes VIP
1267,14064.0,29,5,1353.74,1,Clientes nuevos
1268,14066.0,267,1,152.55,0,Clientes dormidos
1269,14067.0,64,2,374.7,1,Clientes nuevos
1270,14068.0,320,1,265.85,0,Clientes dormidos
1271,14071.0,4,8,1438.82,1,Clientes nuevos
1272,14073.0,32,1,151.04,1,Clientes nuevos
1273,14075.0,5,3,942.26,1,Clientes nuevos
1274,14076.0,129,1,122.47,1,Clientes nuevos
1275,14077.0,41,5,499.42,1,Clientes nuevos
1276,14078.0,102,6,1049.37,1,Clientes nuevos
1277,14079.0,125,1,375.1,1,Clientes nuevos
1279,14081.0,302,2,934.52,0,Clientes dormidos
1280,14082.0,365,1,182.25,0,Clientes dormidos
1281,14083.0,4,9,1018.43,1,Clientes nuevos
1282,14085.0,2,18,4448.54,2,Clientes VIP
1283,14087.0,3,1,194.42,1,Clientes nuevos
1285,14089.0,57,1,161.0,1,Clientes nuevos
1286,14090.0,325,1,76.32000000000001,0,Clientes dormidos
1287,14092.0,8,14,4076.91,2,Clientes VIP
1288,14093.0,12,1,442.85,1,Clientes nuevos
1290,14098.0,37,1,147.35,1,Clientes nuevos
1291,14099.0,16,11,3104.17,2,Clientes VIP
1292,14100.0,138,1,194.9,0,Clientes dormidos
1293,14101.0,74,6,5976.79,2,Clientes VIP
1294,14102.0,5,5,1360.28,1,Clientes nuevos
1295,14104.0,155,2,216.21,0,Clientes dormidos
1296,14105.0,239,1,1266.23,0,Clientes dormidos
1297,14107.0,52,7,2703.23,1,Clientes nuevos
1298,14108.0,31,2,597.91,1,Clientes nuevos
1299,14109.0,73,1,144.2,1,Clientes nuevos
1300,14110.0,4,12,5683.15,2,Clientes VIP
1301,14111.0,14,4,692.85,1,Clientes nuevos
1302,14112.0,23,7,2915.15,1,Clientes nuevos
1303,14113.0,4,4,1840.42,1,Clientes nuevos
1304,14114.0,274,2,386.53,0,Clientes dormidos
1305,14116.0,20,5,1382.74,1,Clientes nuevos
1306,14117.0,144,1,90.0,0,Clientes dormidos
1307,14121.0,4,4,2780.15,1,Clientes nuevos
1308,14124.0,84,1,419.58,1,Clientes nuevos
1309,14125.0,11,3,2740.43,1,Clientes nuevos
1310,14126.0,8,3,706.1300000000001,1,Clientes nuevos
1311,14127.0,123,3,709.71,1,Clientes nuevos
1312,14128.0,61,2,637.5,1,Clientes nuevos
1313,14129.0,2,5,1123.86,1,Clientes nuevos
1314,14130.0,319,1,483.86,0,Clientes dormidos
1315,14132.0,2,11,3586.0299999999997,2,Clientes VIP
1316,14133.0,130,3,605.64,1,Clientes nuevos
1317,14135.0,2,15,4690.31,2,Clientes VIP
1318,14138.0,2,2,982.38,1,Clientes nuevos
1319,14139.0,46,1,415.82,1,Clientes nuevos
1320,14140.0,4,2,935.05,1,Clientes nuevos
1321,14141.0,3,4,915.13,1,Clientes nuevos
1323,14143.0,134,1,115.8,0,Clientes dormidos
1324,14145.0,47,4,3742.2,1,Clientes nuevos
1325,14146.0,9,5,4191.0,1,Clientes nuevos
1326,14147.0,78,2,483.4,1,Clientes nuevos
1327,14148.0,234,1,157.2,0,Clientes dormidos
1328,14149.0,221,1,446.62,0,Clientes dormidos
1329,14150.0,36,2,658.64,1,Clientes nuevos
1330,14152.0,75,2,621.29,1,Clientes nuevos
1331,14154.0,239,2,1345.62,0,Clientes dormidos
1332,14155.0,266,1,118.75,0,Clientes dormidos
1334,14157.0,20,2,432.88,1,Clientes nuevos
1335,14158.0,40,1,507.66,1,Clientes nuevos
1336,14159.0,20,11,4693.01,2,Clientes VIP
1337,14161.0,216,3,1110.52,0,Clientes dormidos
1338,14162.0,174,2,289.36,0,Clientes dormidos
1339,14163.0,87,4,2445.91,1,Clientes nuevos
1340,14164.0,71,2,1631.77,1,Clientes nuevos
1341,14165.0,276,1,122.54,0,Clientes dormidos
1342,14167.0,39,4,574.84,1,Clientes nuevos
1343,14171.0,98,1,363.79,1,Clientes nuevos
1344,14173.0,11,4,450.84,1,Clientes nuevos
1345,14174.0,33,1,134.46,1,Clientes nuevos
1346,14175.0,60,3,3222.3,1,Clientes nuevos
1347,14176.0,297,4,576.9000000000001,0,Clientes dormidos
1348,14177.0,86,4,559.41,1,Clientes nuevos
1349,14178.0,9,7,1620.93,1,Clientes nuevos
1350,14179.0,41,2,719.78,1,Clientes nuevos
1351,14180.0,11,25,4748.52,2,Clientes VIP
1352,14184.0,67,1,452.89,1,Clientes nuevos
1353,14185.0,331,1,197.65,0,Clientes dormidos
1354,14188.0,31,6,2054.36,1,Clientes nuevos
1355,14189.0,2,15,4654.08,2,Clientes VIP
1356,14191.0,2,13,4684.76,2,Clientes VIP
1357,14193.0,68,2,853.39,1,Clientes nuevos
1358,14194.0,5,21,11349.52,2,Clientes VIP
1359,14195.0,202,2,1012.0,0,Clientes dormidos
1360,14196.0,107,1,335.52,1,Clientes nuevos
1361,14198.0,18,4,701.4,1,Clientes nuevos
1362,14199.0,218,1,185.4,0,Clientes dormidos
1363,14201.0,60,7,747.44,1,Clientes nuevos
1364,14204.0,2,1,161.03,1,Clientes nuevos
1365,14205.0,17,2,466.7,1,Clientes nuevos
1366,14206.0,239,1,328.15999999999997,0,Clientes dormidos
1367,14208.0,95,1,151.74,1,Clientes nuevos
1368,14209.0,11,6,2073.43,1,Clientes nuevos
1369,14210.0,106,6,1905.84,1,Clientes nuevos
1370,14211.0,53,9,2241.1,1,Clientes nuevos
1371,14212.0,90,1,1070.48,1,Clientes nuevos
1372,14214.0,31,5,1004.38,1,Clientes nuevos
1373,14215.0,12,6,1789.72,1,Clientes nuevos
1374,14216.0,3,4,1839.3,1,Clientes nuevos
1375,14217.0,2,17,2004.98,2,Clientes VIP
1376,14218.0,43,1,169.48000000000002,1,Clientes nuevos
1377,14219.0,4,1,89.94,1,Clientes nuevos
1378,14220.0,247,2,632.4,0,Clientes dormidos
1379,14221.0,42,9,3432.8,2,Clientes VIP
1380,14222.0,177,1,683.17,0,Clientes dormidos
1381,14223.0,92,3,991.13,1,Clientes nuevos
1382,14224.0,110,4,1050.12,1,Clientes nuevos
1383,14226.0,29,5,2232.19,1,Clientes nuevos
1384,14227.0,26,10,3350.96,2,Clientes VIP
1385,14229.0,52,3,1547.2,1,Clientes nuevos
1386,14231.0,184,3,925.71,0,Clientes dormidos
1387,14232.0,43,5,2048.07,1,Clientes nuevos
1388,14233.0,49,4,1462.72,1,Clientes nuevos
1389,14234.0,22,4,775.46,1,Clientes nuevos
1390,14235.0,75,5,3144.86,1,Clientes nuevos
1391,14236.0,81,2,490.86,1,Clientes nuevos
1393,14238.0,326,1,146.85,0,Clientes dormidos
1394,14239.0,43,11,2380.85,2,Clientes VIP
1395,14240.0,30,2,890.34,1,Clientes nuevos
1396,14241.0,184,1,213.7,0,Clientes dormidos
1397,14242.0,235,2,280.55,0,Clientes dormidos
1398,14243.0,9,10,2588.77,2,Clientes VIP
1399,14245.0,220,2,1693.45,0,Clientes dormidos
1400,14246.0,111,3,1474.06,1,Clientes nuevos
1401,14247.0,278,1,136.76999999999998,0,Clientes dormidos
1402,14248.0,318,1,302.58,0,Clientes dormidos
1403,14250.0,7,3,1904.05,1,Clientes nuevos
1404,14251.0,2,5,2879.7000000000003,1,Clientes nuevos
1405,14256.0,260,2,969.06,0,Clientes dormidos
1406,14257.0,64,5,3099.7200000000003,1,Clientes nuevos
1407,14258.0,9,9,12669.98,2,Clientes VIP
1408,14259.0,142,1,120.0,0,Clientes dormidos
1409,14261.0,51,2,1163.45,1,Clientes nuevos
1410,14262.0,8,8,2618.23,1,Clientes nuevos
1411,14264.0,155,2,333.97,0,Clientes dormidos
1412,14265.0,109,2,530.18,1,Clientes nuevos
1413,14267.0,163,3,1516.24,0,Clientes dormidos
1414,14270.0,332,1,492.65,0,Clientes dormidos
1415,14271.0,226,1,112.32,0,Clientes dormidos
1416,14272.0,74,2,437.96,1,Clientes nuevos
1417,14273.0,51,4,559.97,1,Clientes nuevos
1418,14276.0,99,3,1119.74,1,Clientes nuevos
1419,14277.0,15,3,4216.2,1,Clientes nuevos
1420,14280.0,197,1,134.04,0,Clientes dormidos
1421,14282.0,3,15,3729.34,2,Clientes VIP
1422,14284.0,31,2,595.25,1,Clientes nuevos
1423,14285.0,21,4,1910.01,1,Clientes nuevos
1424,14286.0,24,3,4628.75,1,Clientes nuevos
1425,14287.0,8,3,176.63,1,Clientes nuevos
1426,14288.0,213,1,426.6,0,Clientes dormidos
1427,14289.0,9,6,911.26,1,Clientes nuevos
1428,14290.0,11,5,2314.65,1,Clientes nuevos
1429,14291.0,2,11,3883.25,2,Clientes VIP
1430,14292.0,8,9,4871.93,2,Clientes VIP
1431,14293.0,3,4,1046.56,1,Clientes nuevos
1432,14295.0,40,1,166.20000000000002,1,Clientes nuevos
1433,14297.0,18,4,1305.33,1,Clientes nuevos
1435,14299.0,8,9,3965.62,2,Clientes VIP
1437,14301.0,117,1,640.14,1,Clientes nuevos
1438,14304.0,223,1,383.45,0,Clientes dormidos
1439,14305.0,71,3,1858.96,1,Clientes nuevos
1440,14306.0,51,2,2093.32,1,Clientes nuevos
1441,14307.0,89,6,2995.72,1,Clientes nuevos
1442,14309.0,8,9,2352.53,1,Clientes nuevos
1443,14311.0,243,1,310.26,0,Clientes dormidos
1444,14312.0,47,6,1611.59,1,Clientes nuevos
1445,14314.0,107,1,120.0,1,Clientes nuevos
1446,14315.0,45,6,2481.13,1,Clientes nuevos
1447,14317.0,65,1,508.58,1,Clientes nuevos
1448,14320.0,207,2,477.79,0,Clientes dormidos
1449,14321.0,11,5,1530.75,1,Clientes nuevos
1450,14323.0,115,2,605.0600000000001,1,Clientes nuevos
1451,14326.0,242,1,183.85,0,Clientes dormidos
1452,14327.0,163,1,311.65,0,Clientes dormidos
1453,14329.0,17,7,5014.84,2,Clientes VIP
1454,14331.0,124,2,462.66,1,Clientes nuevos
1455,14332.0,23,3,866.31,1,Clientes nuevos
1456,14333.0,68,1,415.2,1,Clientes nuevos
1457,14334.0,17,8,2552.21,1,Clientes nuevos
1458,14335.0,16,2,468.26,1,Clientes nuevos
1459,14336.0,17,4,1614.91,1,Clientes nuevos
1460,14338.0,161,2,588.22,0,Clientes dormidos
1461,14339.0,243,1,309.52,0,Clientes dormidos
1462,14340.0,219,1,134.7,0,Clientes dormidos
1463,14341.0,45,8,2182.28,1,Clientes nuevos
1464,14342.0,21,4,668.5600000000001,1,Clientes nuevos
1465,14344.0,127,8,889.9300000000001,1,Clientes nuevos
1466,14345.0,39,1,108.98,1,Clientes nuevos
1467,14346.0,121,2,1021.58,1,Clientes nuevos
1468,14348.0,260,1,409.57,0,Clientes dormidos
1469,14349.0,10,1,133.5,1,Clientes nuevos
1470,14350.0,274,1,282.93,0,Clientes dormidos
1472,14352.0,157,4,1078.96,0,Clientes dormidos
1473,14353.0,215,1,90.6,0,Clientes dormidos
1474,14354.0,6,2,163.62,1,Clientes nuevos
1475,14355.0,366,1,174.4,0,Clientes dormidos
1476,14356.0,80,2,701.23,1,Clientes nuevos
1477,14357.0,43,1,225.77,1,Clientes nuevos
1478,14359.0,19,3,912.18,1,Clientes nuevos
1479,14360.0,32,4,2128.23,1,Clientes nuevos
1480,14362.0,22,1,161.2,1,Clientes nuevos
1481,14364.0,109,8,3717.35,2,Clientes VIP
1482,14367.0,8,16,9261.52,2,Clientes VIP
1483,14368.0,320,1,155.0,0,Clientes dormidos
1484,14371.0,295,1,100.5,0,Clientes dormidos
1485,14373.0,358,1,76.55,0,Clientes dormidos
1486,14375.0,185,1,257.68,0,Clientes dormidos
1487,14377.0,191,2,617.05,0,Clientes dormidos
1488,14379.0,44,2,348.1,1,Clientes nuevos
1489,14381.0,52,1,202.68,1,Clientes nuevos
1490,14382.0,26,1,626.0699999999999,1,Clientes nuevos
1491,14383.0,38,3,1247.69,1,Clientes nuevos
1492,14385.0,9,3,202.11,1,Clientes nuevos
1493,14386.0,297,1,142.4,0,Clientes dormidos
1494,14387.0,33,3,1770.56,1,Clientes nuevos
1495,14388.0,10,8,3212.84,2,Clientes VIP
1496,14389.0,65,2,1043.46,1,Clientes nuevos
1497,14390.0,10,9,4652.82,2,Clientes VIP
1498,14393.0,218,1,67.95,0,Clientes dormidos
1499,14395.0,2,9,3507.71,2,Clientes VIP
1500,14396.0,65,2,487.99,1,Clientes nuevos
1501,14397.0,3,19,2612.96,2,Clientes VIP
1502,14400.0,149,1,574.7,0,Clientes dormidos
1503,14401.0,4,13,4051.48,2,Clientes VIP
1504,14403.0,130,4,1475.81,1,Clientes nuevos
1505,14404.0,34,6,1474.32,1,Clientes nuevos
1506,14406.0,119,1,156.75,1,Clientes nuevos
1507,14407.0,107,6,2157.73,1,Clientes nuevos
1508,14408.0,11,7,2606.53,1,Clientes nuevos
1509,14409.0,71,6,2059.4500000000003,1,Clientes nuevos
1510,14410.0,92,9,1105.07,1,Clientes nuevos
1511,14411.0,311,1,1063.0,0,Clientes dormidos
1512,14412.0,43,2,770.03,1,Clientes nuevos
1513,14413.0,362,1,122.7,0,Clientes dormidos
1514,14414.0,92,7,1496.98,1,Clientes nuevos
1515,14415.0,1,13,5900.28,2,Clientes VIP
1516,14416.0,22,2,490.22,1,Clientes nuevos
1517,14418.0,4,3,1937.25,1,Clientes nuevos
1518,14419.0,11,6,1058.06,1,Clientes nuevos
1519,14420.0,99,1,387.52,1,Clientes nuevos
1520,14421.0,57,2,813.11,1,Clientes nuevos
1521,14422.0,1,6,4263.64,2,Clientes VIP
1522,14423.0,218,1,265.2,0,Clientes dormidos
1523,14424.0,18,1,322.08,1,Clientes nuevos
1524,14426.0,24,10,4481.67,2,Clientes VIP
1525,14427.0,50,2,363.34,1,Clientes nuevos
1526,14428.0,7,5,1244.83,1,Clientes nuevos
1527,14431.0,303,1,470.36,0,Clientes dormidos
1528,14432.0,10,6,2255.51,1,Clientes nuevos
1529,14434.0,22,6,1372.8,1,Clientes nuevos
1530,14436.0,99,1,89.06,1,Clientes nuevos
1531,14437.0,366,1,63.0,0,Clientes dormidos
1532,14438.0,306,1,131.9,0,Clientes dormidos
1533,14439.0,320,1,2661.24,0,Clientes dormidos
1534,14440.0,8,5,2357.6800000000003,1,Clientes nuevos
1535,14441.0,1,4,1712.89,1,Clientes nuevos
1536,14442.0,205,2,1589.82,0,Clientes dormidos
1537,14443.0,54,4,1420.2,1,Clientes nuevos
1538,14446.0,1,4,1039.58,1,Clientes nuevos
1539,14447.0,19,5,1163.23,1,Clientes nuevos
1540,14448.0,9,2,375.35,1,Clientes nuevos
1541,14449.0,19,4,907.1,1,Clientes nuevos
1542,14450.0,181,3,483.25,0,Clientes dormidos
1543,14451.0,60,2,662.59,1,Clientes nuevos
1544,14452.0,11,2,264.44,1,Clientes nuevos
1545,14453.0,190,1,119.93,0,Clientes dormidos
1546,14456.0,5,9,3062.4,2,Clientes VIP
1547,14457.0,311,1,113.64,0,Clientes dormidos
1548,14459.0,155,1,1837.92,0,Clientes dormidos
1549,14460.0,110,3,434.34,1,Clientes nuevos
1550,14461.0,148,3,2103.06,1,Clientes nuevos
1551,14462.0,66,11,2004.02,2,Clientes VIP
1552,14463.0,98,3,529.62,1,Clientes nuevos
1553,14465.0,247,3,1058.62,0,Clientes dormidos
1554,14466.0,29,7,2272.4,1,Clientes nuevos
1555,14467.0,18,4,598.76,1,Clientes nuevos
1556,14470.0,12,2,461.19,1,Clientes nuevos
1557,14472.0,104,8,1936.84,1,Clientes nuevos
1558,14473.0,74,2,234.34000000000003,1,Clientes nuevos
1559,14474.0,46,1,547.66,1,Clientes nuevos
1560,14475.0,72,3,925.85,1,Clientes nuevos
1561,14476.0,257,1,215.7,0,Clientes dormidos
1562,14477.0,20,4,1309.6,1,Clientes nuevos
1563,14479.0,254,2,316.25,0,Clientes dormidos
1564,14480.0,11,1,279.05,1,Clientes nuevos
1565,14481.0,165,2,636.51,0,Clientes dormidos
1566,14482.0,18,6,2068.15,1,Clientes nuevos
1567,14483.0,282,1,137.1,0,Clientes dormidos
1568,14484.0,50,1,321.92,1,Clientes nuevos
1569,14485.0,39,1,165.75,1,Clientes nuevos
1570,14487.0,27,6,1196.33,1,Clientes nuevos
1571,14488.0,68,1,1064.28,1,Clientes nuevos
1572,14489.0,207,1,463.38,0,Clientes dormidos
1573,14491.0,175,2,340.93,0,Clientes dormidos
1574,14493.0,7,5,2383.24,1,Clientes nuevos
1575,14494.0,26,1,139.56,1,Clientes nuevos
1576,14495.0,51,2,123.8,1,Clientes nuevos
1577,14496.0,312,2,538.8100000000001,0,Clientes dormidos
1578,14497.0,309,1,475.37,0,Clientes dormidos
1579,14498.0,43,5,1957.32,1,Clientes nuevos
1580,14499.0,26,3,815.32,1,Clientes nuevos
1581,14500.0,88,3,356.85,1,Clientes nuevos
1582,14501.0,184,2,251.21,0,Clientes dormidos
1583,14502.0,20,11,2470.67,2,Clientes VIP
1584,14503.0,3,6,3543.26,1,Clientes nuevos
1585,14504.0,47,4,673.26,1,Clientes nuevos
1586,14505.0,17,8,5905.64,2,Clientes VIP
1587,14506.0,17,5,2012.17,1,Clientes nuevos
1588,14507.0,24,6,1383.18,1,Clientes nuevos
1589,14508.0,22,2,276.42,1,Clientes nuevos
1590,14511.0,11,5,1314.81,1,Clientes nuevos
1591,14512.0,188,2,275.28,0,Clientes dormidos
1592,14513.0,101,3,455.59,1,Clientes nuevos
1593,14514.0,61,3,1055.35,1,Clientes nuevos
1594,14515.0,18,6,2102.09,1,Clientes nuevos
1595,14517.0,33,2,330.45,1,Clientes nuevos
1596,14518.0,64,1,174.37,1,Clientes nuevos
1597,14520.0,2,2,270.6,1,Clientes nuevos
1598,14522.0,24,4,974.54,1,Clientes nuevos
1599,14523.0,108,1,241.09,1,Clientes nuevos
1600,14524.0,32,9,1867.68,1,Clientes nuevos
1601,14525.0,20,9,4332.2,2,Clientes VIP
1603,14528.0,37,1,364.22,1,Clientes nuevos
1604,14529.0,60,3,620.04,1,Clientes nuevos
1605,14530.0,26,6,2925.91,1,Clientes nuevos
1606,14532.0,236,4,932.85,0,Clientes dormidos
1607,14533.0,25,7,1949.72,1,Clientes nuevos
1608,14534.0,3,18,4447.05,2,Clientes VIP
1609,14535.0,60,3,2864.19,1,Clientes nuevos
1610,14536.0,260,1,171.8,0,Clientes dormidos
1611,14537.0,58,1,355.56,1,Clientes nuevos
1612,14538.0,65,2,388.25,1,Clientes nuevos
1613,14539.0,16,2,537.48,1,Clientes nuevos
1614,14540.0,10,3,996.26,1,Clientes nuevos
1615,14541.0,59,8,1461.65,1,Clientes nuevos
1616,14542.0,186,1,103.25,0,Clientes dormidos
1617,14543.0,29,16,3630.33,2,Clientes VIP
1618,14544.0,24,2,2024.45,1,Clientes nuevos
1619,14546.0,5,5,2578.09,1,Clientes nuevos
1620,14547.0,4,8,4007.54,2,Clientes VIP
1621,14548.0,151,2,652.8,0,Clientes dormidos
1622,14549.0,311,1,289.24,0,Clientes dormidos
1623,14550.0,11,2,765.62,1,Clientes nuevos
1624,14551.0,18,2,186.23,1,Clientes nuevos
1625,14552.0,152,1,165.07,0,Clientes dormidos
1626,14553.0,19,5,859.27,1,Clientes nuevos
1627,14554.0,10,4,2381.04,1,Clientes nuevos
1628,14555.0,57,2,324.14,1,Clientes nuevos
1629,14557.0,85,1,788.38,1,Clientes nuevos
1630,14560.0,7,22,2237.77,2,Clientes VIP
1631,14561.0,76,3,1080.76,1,Clientes nuevos
1632,14562.0,4,18,5074.77,2,Clientes VIP
1633,14565.0,96,4,3099.12,1,Clientes nuevos
1634,14566.0,111,1,1432.0,1,Clientes nuevos
1635,14567.0,57,2,1530.36,1,Clientes nuevos
1636,14569.0,1,1,227.39,1,Clientes nuevos
1637,14570.0,281,2,218.06,0,Clientes dormidos
1638,14572.0,3,7,2832.84,1,Clientes nuevos
1639,14573.0,180,9,1653.42,1,Clientes nuevos
1641,14577.0,13,4,859.71,1,Clientes nuevos
1642,14578.0,3,1,168.63,1,Clientes nuevos
1643,14581.0,17,1,138.6,1,Clientes nuevos
1644,14582.0,41,1,114.11,1,Clientes nuevos
1645,14583.0,6,5,1052.55,1,Clientes nuevos
1646,14584.0,169,4,1042.26,0,Clientes dormidos
1647,14585.0,50,1,157.05,1,Clientes nuevos
1648,14586.0,277,1,237.36,0,Clientes dormidos
1649,14587.0,19,9,1601.14,1,Clientes nuevos
1651,14591.0,15,4,1447.14,1,Clientes nuevos
1652,14592.0,35,3,570.46,1,Clientes nuevos
1653,14593.0,22,3,617.99,1,Clientes nuevos
1654,14594.0,7,2,379.83,1,Clientes nuevos
1655,14595.0,20,6,1740.6,1,Clientes nuevos
1656,14597.0,11,2,883.15,1,Clientes nuevos
1657,14598.0,44,1,221.97,1,Clientes nuevos
1658,14600.0,306,1,393.33,0,Clientes dormidos
1659,14601.0,11,1,213.96,1,Clientes nuevos
1660,14603.0,275,1,660.0,0,Clientes dormidos
1663,14608.0,4,4,1785.15,1,Clientes nuevos
1664,14609.0,72,4,601.56,1,Clientes nuevos
1665,14616.0,243,3,406.08,0,Clientes dormidos
1666,14618.0,9,3,553.44,1,Clientes nuevos
1667,14619.0,246,1,394.44,0,Clientes dormidos
1668,14620.0,206,2,412.78,0,Clientes dormidos
1669,14621.0,1,5,1788.36,1,Clientes nuevos
1670,14622.0,185,1,320.58000000000004,0,Clientes dormidos
1671,14623.0,32,5,889.25,1,Clientes nuevos
1672,14624.0,57,2,225.85,1,Clientes nuevos
1673,14625.0,196,2,899.63,0,Clientes dormidos
1674,14626.0,24,4,2791.27,1,Clientes nuevos
1675,14628.0,91,2,671.96,1,Clientes nuevos
1676,14629.0,4,2,959.01,1,Clientes nuevos
1677,14631.0,51,3,1006.98,1,Clientes nuevos
1678,14632.0,263,1,114.56,0,Clientes dormidos
1679,14633.0,266,1,344.90000000000003,0,Clientes dormidos
1680,14636.0,36,2,609.85,1,Clientes nuevos
1681,14638.0,51,1,443.6,1,Clientes nuevos
1682,14639.0,52,6,2984.49,1,Clientes nuevos
1683,14640.0,24,6,2125.08,1,Clientes nuevos
1684,14641.0,22,1,110.46,1,Clientes nuevos
1685,14642.0,59,1,96.12,1,Clientes nuevos
1686,14643.0,170,2,693.8100000000001,0,Clientes dormidos
1687,14644.0,68,2,830.76,1,Clientes nuevos
1688,14645.0,157,2,597.09,0,Clientes dormidos
1690,14647.0,201,1,243.22,0,Clientes dormidos
1691,14649.0,5,4,1417.29,1,Clientes nuevos
1692,14651.0,67,2,654.6,1,Clientes nuevos
1693,14652.0,77,1,114.18,1,Clientes nuevos
1694,14653.0,1,7,1947.55,1,Clientes nuevos
1695,14655.0,8,4,1932.23,1,Clientes nuevos
1696,14656.0,169,2,291.05,0,Clientes dormidos
1697,14657.0,18,4,848.22,1,Clientes nuevos
1698,14658.0,5,2,247.15,1,Clientes nuevos
1699,14659.0,9,9,2529.93,2,Clientes VIP
1700,14660.0,87,2,285.74,1,Clientes nuevos
1701,14661.0,27,1,107.95,1,Clientes nuevos
1702,14662.0,29,4,771.17,1,Clientes nuevos
1703,14664.0,20,2,637.89,1,Clientes nuevos
1704,14665.0,61,5,1835.7,1,Clientes nuevos
1705,14666.0,24,1,195.25,1,Clientes nuevos
1706,14667.0,11,25,9241.2,2,Clientes VIP
1707,14669.0,242,3,1269.99,0,Clientes dormidos
1708,14670.0,280,2,411.53,0,Clientes dormidos
1709,14672.0,235,2,765.55,0,Clientes dormidos
1710,14673.0,3,5,1736.4,1,Clientes nuevos
1711,14675.0,16,1,604.75,1,Clientes nuevos
1712,14676.0,31,6,2548.24,1,Clientes nuevos
1714,14681.0,71,3,498.95,1,Clientes nuevos
1716,14684.0,26,5,1236.28,1,Clientes nuevos
1717,14687.0,107,1,628.38,1,Clientes nuevos
1718,14688.0,8,21,5630.87,2,Clientes VIP
1719,14689.0,209,1,112.8,0,Clientes dormidos
1720,14690.0,44,2,371.7,1,Clientes nuevos
1721,14691.0,31,5,2114.33,1,Clientes nuevos
1722,14692.0,137,4,591.55,1,Clientes nuevos
1723,14693.0,265,1,172.9,0,Clientes dormidos
1724,14696.0,4,7,2078.95,1,Clientes nuevos
1725,14697.0,218,2,188.61,0,Clientes dormidos
1726,14698.0,2,5,1250.76,1,Clientes nuevos
1727,14699.0,214,1,109.13,0,Clientes dormidos
1728,14700.0,32,3,2235.3,1,Clientes nuevos
1729,14701.0,11,9,2549.37,2,Clientes VIP
1730,14702.0,1,17,3292.14,2,Clientes VIP
1731,14703.0,15,1,318.17,1,Clientes nuevos
1732,14704.0,11,9,1546.91,1,Clientes nuevos
1733,14705.0,199,1,179.0,0,Clientes dormidos
1734,14708.0,3,3,1126.37,1,Clientes nuevos
1735,14709.0,15,13,4921.04,2,Clientes VIP
1736,14710.0,14,4,606.13,1,Clientes nuevos
1737,14711.0,10,11,2868.8,2,Clientes VIP
1738,14712.0,29,3,917.07,1,Clientes nuevos
1739,14713.0,9,11,2666.36,2,Clientes VIP
1740,14714.0,24,1,160.19,1,Clientes nuevos
1741,14715.0,25,4,867.38,1,Clientes nuevos
1742,14716.0,43,2,329.68,1,Clientes nuevos
1743,14719.0,2,5,1602.13,1,Clientes nuevos
1744,14720.0,6,3,663.81,1,Clientes nuevos
1745,14722.0,147,1,187.92,0,Clientes dormidos
1746,14723.0,10,6,1158.3,1,Clientes nuevos
1747,14725.0,25,1,718.08,1,Clientes nuevos
1748,14727.0,274,1,268.58,0,Clientes dormidos
1750,14730.0,1,8,2005.06,1,Clientes nuevos
1751,14731.0,47,3,380.02,1,Clientes nuevos
1752,14732.0,8,8,2702.49,1,Clientes nuevos
1753,14733.0,16,12,9585.91,2,Clientes VIP
1755,14737.0,4,3,1164.55,1,Clientes nuevos
1756,14738.0,43,7,1314.45,1,Clientes nuevos
1757,14739.0,4,7,3902.28,2,Clientes VIP
1758,14740.0,197,3,1448.21,0,Clientes dormidos
1759,14741.0,12,6,1400.34,1,Clientes nuevos
1760,14744.0,16,7,1099.98,1,Clientes nuevos
1761,14745.0,113,5,1220.26,1,Clientes nuevos
1762,14747.0,249,1,328.2,0,Clientes dormidos
1763,14748.0,29,5,1415.75,1,Clientes nuevos
1764,14752.0,44,1,389.64,1,Clientes nuevos
1765,14753.0,87,1,563.15,1,Clientes nuevos
1766,14754.0,45,2,638.05,1,Clientes nuevos
1767,14755.0,10,11,5010.28,2,Clientes VIP
1768,14756.0,15,1,738.96,1,Clientes nuevos
1769,14757.0,75,1,420.5,1,Clientes nuevos
1770,14758.0,145,4,1484.06,1,Clientes nuevos
1771,14759.0,5,3,1625.97,1,Clientes nuevos
1772,14760.0,297,1,89.2,0,Clientes dormidos
1773,14761.0,59,2,255.9,1,Clientes nuevos
1774,14762.0,264,1,300.52,0,Clientes dormidos
1775,14764.0,47,1,278.3,1,Clientes nuevos
1776,14765.0,29,3,254.11,1,Clientes nuevos
1777,14766.0,8,6,2473.37,1,Clientes nuevos
1778,14768.0,17,2,192.6,1,Clientes nuevos
1779,14769.0,3,8,10674.75,2,Clientes VIP
1780,14770.0,232,2,876.42,0,Clientes dormidos
1781,14772.0,112,1,139.26,1,Clientes nuevos
1782,14775.0,58,3,1011.9,1,Clientes nuevos
1783,14776.0,51,11,2538.3,2,Clientes VIP
1784,14778.0,127,2,730.86,1,Clientes nuevos
1785,14779.0,281,3,386.15,0,Clientes dormidos
1786,14780.0,55,2,447.68,1,Clientes nuevos
1787,14782.0,320,1,200.1,0,Clientes dormidos
1788,14784.0,26,2,289.99,1,Clientes nuevos
1789,14785.0,10,2,77.4,1,Clientes nuevos
1790,14788.0,7,2,679.4399999999999,1,Clientes nuevos
1791,14789.0,29,1,197.64,1,Clientes nuevos
1792,14790.0,17,4,745.06,1,Clientes nuevos
1794,14793.0,21,1,228.99,1,Clientes nuevos
1795,14794.0,3,7,1319.91,1,Clientes nuevos
1796,14795.0,166,1,131.45000000000002,0,Clientes dormidos
1797,14796.0,1,17,8022.49,2,Clientes VIP
1798,14798.0,53,3,173.74,1,Clientes nuevos
1799,14799.0,51,1,157.7,1,Clientes nuevos
1800,14800.0,48,12,4339.74,2,Clientes VIP
1801,14801.0,61,1,193.14,1,Clientes nuevos
1802,14803.0,162,3,845.55,0,Clientes dormidos
1803,14804.0,9,1,353.27,1,Clientes nuevos
1804,14805.0,15,4,554.65,1,Clientes nuevos
1805,14806.0,75,1,193.39,1,Clientes nuevos
1806,14808.0,40,8,2741.17,1,Clientes nuevos
1807,14810.0,41,11,2087.88,2,Clientes VIP
1809,14815.0,37,2,778.5,1,Clientes nuevos
1810,14816.0,197,1,271.85,0,Clientes dormidos
1811,14817.0,200,2,1110.34,0,Clientes dormidos
1812,14818.0,74,3,657.8,1,Clientes nuevos
1813,14819.0,64,2,272.07,1,Clientes nuevos
1814,14820.0,21,4,507.29,1,Clientes nuevos
1816,14823.0,180,3,321.43,0,Clientes dormidos
1817,14824.0,10,4,1127.71,1,Clientes nuevos
1818,14825.0,4,12,2226.91,2,Clientes VIP
1819,14828.0,197,3,2139.76,0,Clientes dormidos
1820,14829.0,29,4,697.55,1,Clientes nuevos
1821,14830.0,53,1,197.13,1,Clientes nuevos
1822,14834.0,18,6,1720.3,1,Clientes nuevos
1823,14836.0,10,3,102.45,1,Clientes nuevos
1824,14837.0,90,4,1649.5,1,Clientes nuevos
1825,14840.0,268,1,62.85,0,Clientes dormidos
1826,14841.0,53,6,3295.76,1,Clientes nuevos
1827,14842.0,44,4,2824.69,1,Clientes nuevos
1828,14844.0,64,4,3189.81,1,Clientes nuevos
1829,14847.0,149,1,309.4,0,Clientes dormidos
1830,14849.0,22,25,7930.54,2,Clientes VIP
1831,14850.0,312,1,325.75,0,Clientes dormidos
1832,14851.0,23,2,511.35,1,Clientes nuevos
1833,14852.0,58,6,2836.69,1,Clientes nuevos
1834,14853.0,24,2,475.8,1,Clientes nuevos
1835,14854.0,78,7,2759.83,1,Clientes nuevos
1836,14855.0,119,2,645.65,1,Clientes nuevos
1837,14856.0,36,3,1311.38,1,Clientes nuevos
1838,14857.0,60,2,1173.12,1,Clientes nuevos
1839,14859.0,13,4,1353.74,1,Clientes nuevos
1840,14860.0,19,1,170.32,1,Clientes nuevos
1841,14861.0,52,1,125.79,1,Clientes nuevos
1842,14862.0,26,2,841.1999999999999,1,Clientes nuevos
1843,14863.0,29,1,266.76,1,Clientes nuevos
1846,14867.0,186,3,710.28,0,Clientes dormidos
1847,14868.0,3,8,2953.59,2,Clientes VIP
1848,14869.0,9,2,725.7,1,Clientes nuevos
1849,14870.0,262,1,327.25,0,Clientes dormidos
1850,14871.0,3,4,522.38,1,Clientes nuevos
1851,14873.0,210,1,519.68,0,Clientes dormidos
1852,14875.0,108,2,1465.3200000000002,1,Clientes nuevos
1853,14878.0,13,9,1485.54,1,Clientes nuevos
1854,14880.0,77,3,706.19,1,Clientes nuevos
1855,14881.0,20,1,255.4,1,Clientes nuevos
1856,14882.0,27,2,589.7,1,Clientes nuevos
1857,14883.0,19,6,761.59,1,Clientes nuevos
1858,14885.0,132,1,765.3199999999999,1,Clientes nuevos
1859,14886.0,253,1,364.8,0,Clientes dormidos
1860,14887.0,79,1,1862.0,1,Clientes nuevos
1861,14888.0,207,1,369.2,0,Clientes dormidos
1862,14889.0,336,1,135.9,0,Clientes dormidos
1863,14890.0,254,1,125.65,0,Clientes dormidos
1864,14891.0,148,2,554.38,0,Clientes dormidos
1865,14893.0,10,2,1237.85,1,Clientes nuevos
1866,14894.0,85,1,655.75,1,Clientes nuevos
1867,14895.0,8,20,11138.71,2,Clientes VIP
1868,14896.0,205,2,468.77,0,Clientes dormidos
1869,14897.0,8,4,1366.38,1,Clientes nuevos
1870,14898.0,23,6,1303.52,1,Clientes nuevos
1871,14901.0,11,9,1421.29,1,Clientes nuevos
1872,14902.0,26,1,332.66,1,Clientes nuevos
1873,14903.0,21,5,2810.63,1,Clientes nuevos
1874,14904.0,2,2,1025.44,1,Clientes nuevos
1875,14905.0,158,2,616.15,0,Clientes dormidos
1876,14907.0,3,7,3501.1,2,Clientes VIP
1877,14908.0,74,1,277.8,1,Clientes nuevos
1878,14910.0,3,4,434.35,1,Clientes nuevos
1880,14912.0,17,2,867.85,1,Clientes nuevos
1881,14913.0,36,4,1227.43,1,Clientes nuevos
1882,14915.0,91,2,307.48,1,Clientes nuevos
1883,14916.0,71,4,1268.98,1,Clientes nuevos
1884,14918.0,116,2,1610.15,1,Clientes nuevos
1885,14920.0,213,2,977.77,0,Clientes dormidos
1886,14921.0,30,2,1316.07,1,Clientes nuevos
1887,14923.0,51,1,749.1,1,Clientes nuevos
1888,14924.0,246,1,310.05,0,Clientes dormidos
1889,14929.0,32,1,223.88,1,Clientes nuevos
1890,14930.0,109,3,2372.86,1,Clientes nuevos
1891,14931.0,5,5,1257.68,1,Clientes nuevos
1892,14932.0,366,1,363.53,0,Clientes dormidos
1893,14934.0,82,2,1890.94,1,Clientes nuevos
1894,14935.0,297,1,1784.71,0,Clientes dormidos
1895,14936.0,34,8,8137.02,2,Clientes VIP
1896,14937.0,57,3,1621.88,1,Clientes nuevos
1897,14944.0,30,12,5900.25,2,Clientes VIP
1898,14946.0,14,1,100.9,1,Clientes nuevos
1899,14947.0,72,2,290.82,1,Clientes nuevos
1900,14948.0,23,6,1101.97,1,Clientes nuevos
1901,14950.0,19,1,371.2,1,Clientes nuevos
1902,14951.0,79,1,311.69,1,Clientes nuevos
1903,14952.0,60,11,8099.49,2,Clientes VIP
1904,14953.0,25,1,289.82,1,Clientes nuevos
1905,14954.0,12,1,336.17,1,Clientes nuevos
1906,14957.0,253,1,58.49,0,Clientes dormidos
1907,14958.0,147,3,499.68,0,Clientes dormidos
1908,14959.0,64,4,695.42,1,Clientes nuevos
1909,14960.0,8,2,221.27,1,Clientes nuevos
1910,14961.0,11,9,7044.68,2,Clientes VIP
1911,14962.0,271,1,126.7,0,Clientes dormidos
1912,14963.0,10,5,1487.8,1,Clientes nuevos
1913,14964.0,247,1,206.21,0,Clientes dormidos
1914,14965.0,96,2,599.0,1,Clientes nuevos
1915,14966.0,15,1,191.32,1,Clientes nuevos
1916,14967.0,50,1,463.8,1,Clientes nuevos
1917,14968.0,30,1,147.59,1,Clientes nuevos
1918,14970.0,68,4,1592.06,1,Clientes nuevos
1919,14971.0,35,3,1116.57,1,Clientes nuevos
1920,14972.0,128,1,114.77,1,Clientes nuevos
1921,14973.0,107,3,1314.45,1,Clientes nuevos
1922,14974.0,37,1,114.39,1,Clientes nuevos
1923,14975.0,57,1,279.94,1,Clientes nuevos
1924,14976.0,57,7,790.86,1,Clientes nuevos
1925,14978.0,72,5,1931.42,1,Clientes nuevos
1926,14981.0,246,1,102.12,0,Clientes dormidos
1927,14984.0,19,2,213.27,1,Clientes nuevos
1928,14985.0,198,2,296.75,0,Clientes dormidos
1929,14987.0,16,2,326.4,1,Clientes nuevos
1930,14988.0,212,1,334.54,0,Clientes dormidos
1931,14995.0,39,2,233.23,1,Clientes nuevos
1932,14997.0,46,3,546.1999999999999,1,Clientes nuevos
1933,14998.0,170,2,429.87,0,Clientes dormidos
1934,15000.0,48,1,490.52,1,Clientes nuevos
1935,15002.0,116,4,1641.76,1,Clientes nuevos
1936,15004.0,147,1,1246.32,0,Clientes dormidos
1937,15005.0,16,28,6316.57,2,Clientes VIP
1938,15006.0,51,1,502.09,1,Clientes nuevos
1939,15007.0,159,1,156.91,0,Clientes dormidos
1940,15009.0,12,3,1261.78,1,Clientes nuevos
1941,15010.0,36,1,308.94,1,Clientes nuevos
1942,15012.0,54,2,423.04,1,Clientes nuevos
1943,15014.0,43,2,260.17,1,Clientes nuevos
1944,15016.0,173,1,170.04,0,Clientes dormidos
1945,15017.0,34,1,125.58,1,Clientes nuevos
1946,15018.0,39,3,496.21,1,Clientes nuevos
1947,15019.0,267,1,266.0,0,Clientes dormidos
1948,15021.0,9,9,1914.82,1,Clientes nuevos
1949,15022.0,12,4,905.04,1,Clientes nuevos
1950,15023.0,3,11,6802.76,2,Clientes VIP
1951,15024.0,10,10,1661.33,1,Clientes nuevos
1952,15025.0,33,1,377.01,1,Clientes nuevos
1953,15026.0,80,3,469.0,1,Clientes nuevos
1954,15027.0,31,4,1066.15,1,Clientes nuevos
1955,15028.0,8,4,627.13,1,Clientes nuevos
1956,15030.0,72,2,518.28,1,Clientes nuevos
1957,15031.0,4,4,668.14,1,Clientes nuevos
1958,15032.0,256,3,4959.1,0,Clientes dormidos
1959,15033.0,5,10,2586.67,2,Clientes VIP
1960,15034.0,16,8,4308.61,2,Clientes VIP
1961,15035.0,90,1,252.73,1,Clientes nuevos
1962,15036.0,72,3,465.55,1,Clientes nuevos
1963,15038.0,59,6,705.49,1,Clientes nuevos
1965,15041.0,170,1,180.35,0,Clientes dormidos
1966,15042.0,199,1,135.93,0,Clientes dormidos
1967,15043.0,31,1,537.0,1,Clientes nuevos
1968,15044.0,19,17,7700.23,2,Clientes VIP
1969,15045.0,152,2,735.66,0,Clientes dormidos
1970,15046.0,9,15,5213.7699999999995,2,Clientes VIP
1971,15047.0,270,1,343.62,0,Clientes dormidos
1972,15048.0,65,4,384.05,1,Clientes nuevos
1973,15049.0,274,1,121.17000000000002,0,Clientes dormidos
1974,15050.0,25,3,1782.09,1,Clientes nuevos
1975,15051.0,23,3,1391.61,1,Clientes nuevos
1976,15052.0,319,1,215.78,0,Clientes dormidos
1977,15053.0,5,3,697.79,1,Clientes nuevos
1978,15054.0,12,2,302.1,1,Clientes nuevos
1979,15057.0,275,2,1489.5,0,Clientes dormidos
1980,15058.0,25,11,2124.99,2,Clientes VIP
1981,15059.0,41,9,1337.72,1,Clientes nuevos
1982,15060.0,8,4,303.09,1,Clientes nuevos
1984,15062.0,71,4,987.86,1,Clientes nuevos
1985,15063.0,213,1,370.7999999999999,0,Clientes dormidos
1986,15065.0,38,4,3158.13,1,Clientes nuevos
1987,15066.0,53,1,893.59,1,Clientes nuevos
1988,15067.0,78,3,1744.76,1,Clientes nuevos
1989,15068.0,46,2,553.36,1,Clientes nuevos
1990,15069.0,179,1,1109.53,0,Clientes dormidos
1992,15071.0,94,2,982.07,1,Clientes nuevos
1993,15073.0,10,3,1043.41,1,Clientes nuevos
1994,15074.0,105,1,748.87,1,Clientes nuevos
1995,15075.0,78,1,773.03,1,Clientes nuevos
1996,15076.0,173,1,880.85,0,Clientes dormidos
1998,15079.0,213,4,895.61,0,Clientes dormidos
1999,15081.0,22,5,504.8,1,Clientes nuevos
2000,15083.0,257,1,88.2,0,Clientes dormidos
2001,15087.0,282,1,306.94,0,Clientes dormidos
2002,15088.0,21,2,1160.07,1,Clientes nuevos
2003,15089.0,10,6,2420.84,1,Clientes nuevos
2004,15090.0,308,1,381.32,0,Clientes dormidos
2005,15091.0,68,1,480.71,1,Clientes nuevos
2006,15092.0,215,2,457.81,0,Clientes dormidos
2007,15093.0,18,6,4597.02,2,Clientes VIP
2008,15095.0,104,4,1370.6,1,Clientes nuevos
2009,15096.0,43,1,219.39,1,Clientes nuevos
2010,15097.0,4,1,248.08,1,Clientes nuevos
2012,15099.0,84,1,410.48,1,Clientes nuevos
2013,15100.0,334,3,876.0,0,Clientes dormidos
2014,15101.0,9,2,317.53,1,Clientes nuevos
2015,15103.0,31,2,703.36,1,Clientes nuevos
2016,15104.0,197,2,1027.44,0,Clientes dormidos
2017,15105.0,18,7,2298.93,1,Clientes nuevos
2018,15106.0,18,5,1422.52,1,Clientes nuevos
2019,15107.0,311,6,319.5,0,Clientes dormidos
2020,15108.0,142,4,1300.25,1,Clientes nuevos
2021,15109.0,246,1,484.95,0,Clientes dormidos
2022,15110.0,24,4,996.1,1,Clientes nuevos
2023,15111.0,29,3,1567.48,1,Clientes nuevos
2024,15113.0,10,3,3609.33,1,Clientes nuevos
2025,15114.0,30,10,2760.56,2,Clientes VIP
2026,15115.0,18,1,340.11,1,Clientes nuevos
2027,15116.0,18,4,1352.75,1,Clientes nuevos
2028,15117.0,15,5,1551.78,1,Clientes nuevos
2029,15118.0,134,1,244.8,0,Clientes dormidos
2030,15119.0,246,1,266.4,0,Clientes dormidos
2031,15120.0,134,1,358.82,0,Clientes dormidos
2032,15121.0,50,2,457.72,1,Clientes nuevos
2033,15122.0,114,3,1633.78,1,Clientes nuevos
2034,15123.0,7,2,2199.31,1,Clientes nuevos
2035,15124.0,23,2,184.19,1,Clientes nuevos
2036,15125.0,25,15,11528.48,2,Clientes VIP
2037,15127.0,66,1,406.53,1,Clientes nuevos
2038,15128.0,60,4,1471.0,1,Clientes nuevos
2039,15129.0,50,11,3447.4,2,Clientes VIP
2040,15130.0,170,1,330.11,0,Clientes dormidos
2041,15132.0,18,5,977.93,1,Clientes nuevos
2042,15133.0,128,3,982.42,1,Clientes nuevos
2043,15134.0,15,8,1387.99,1,Clientes nuevos
2044,15135.0,239,1,139.05,0,Clientes dormidos
2045,15136.0,3,4,1286.7,1,Clientes nuevos
2046,15139.0,240,2,178.96,0,Clientes dormidos
2047,15140.0,52,7,2354.25,1,Clientes nuevos
2048,15142.0,46,1,498.74,1,Clientes nuevos
2049,15143.0,226,1,259.45,0,Clientes dormidos
2050,15144.0,8,17,6580.44,2,Clientes VIP
2051,15145.0,4,4,1194.73,1,Clientes nuevos
2052,15146.0,165,2,1327.16,0,Clientes dormidos
2053,15147.0,240,1,623.5,0,Clientes dormidos
2054,15148.0,11,1,301.29,1,Clientes nuevos
2055,15149.0,134,1,520.8000000000001,1,Clientes nuevos
2056,15150.0,17,10,5314.47,2,Clientes VIP
2057,15152.0,10,13,4745.69,2,Clientes VIP
2058,15153.0,31,1,329.25,1,Clientes nuevos
2059,15154.0,75,1,296.42,1,Clientes nuevos
2060,15156.0,1,3,961.49,1,Clientes nuevos
2061,15157.0,4,3,1936.07,1,Clientes nuevos
2062,15158.0,45,1,401.4,1,Clientes nuevos
2064,15160.0,357,1,158.16,0,Clientes dormidos
2065,15163.0,18,2,304.47,1,Clientes nuevos
2066,15164.0,69,3,843.05,1,Clientes nuevos
2068,15167.0,321,1,163.0,0,Clientes dormidos
2069,15168.0,26,1,106.56,1,Clientes nuevos
2070,15171.0,331,1,1289.5,0,Clientes dormidos
2071,15172.0,9,5,1624.05,1,Clientes nuevos
2072,15174.0,323,1,135.75,0,Clientes dormidos
2073,15175.0,72,1,224.14,1,Clientes nuevos
2075,15179.0,18,5,2206.95,1,Clientes nuevos
2076,15180.0,367,1,87.5,0,Clientes dormidos
2077,15181.0,66,3,689.4799999999999,1,Clientes nuevos
2078,15182.0,154,2,622.85,0,Clientes dormidos
2079,15184.0,29,2,406.76,1,Clientes nuevos
2080,15185.0,70,1,310.62,1,Clientes nuevos
2081,15186.0,14,2,411.41,1,Clientes nuevos
2082,15187.0,2,16,4777.18,2,Clientes VIP
2084,15192.0,120,3,1044.32,1,Clientes nuevos
2085,15193.0,61,1,499.32,1,Clientes nuevos
2086,15194.0,3,15,7616.53,2,Clientes VIP
2087,15195.0,3,1,3861.0,1,Clientes nuevos
2088,15197.0,11,3,1079.61,1,Clientes nuevos
2089,15198.0,92,2,193.64,1,Clientes nuevos
2090,15199.0,59,4,1268.7,1,Clientes nuevos
2091,15201.0,87,5,1236.54,1,Clientes nuevos
2092,15203.0,26,6,1827.8,1,Clientes nuevos
2093,15204.0,357,1,316.58,0,Clientes dormidos
2094,15205.0,85,2,653.24,1,Clientes nuevos
2095,15206.0,10,4,420.2999999999999,1,Clientes nuevos
2096,15208.0,1,5,870.12,1,Clientes nuevos
2097,15210.0,225,1,331.18,0,Clientes dormidos
2098,15211.0,60,2,894.4100000000001,1,Clientes nuevos
2099,15212.0,241,1,101.8,0,Clientes dormidos
2100,15213.0,319,2,328.35,0,Clientes dormidos
2101,15214.0,2,8,1661.44,1,Clientes nuevos
2102,15215.0,47,3,734.94,1,Clientes nuevos
2103,15216.0,88,1,96.6,1,Clientes nuevos
2104,15218.0,11,11,5756.89,2,Clientes VIP
2105,15219.0,176,1,305.75,0,Clientes dormidos
2106,15220.0,52,6,1778.96,1,Clientes nuevos
2107,15221.0,366,1,403.25,0,Clientes dormidos
2108,15222.0,319,1,585.0,0,Clientes dormidos
2109,15223.0,226,2,755.75,0,Clientes dormidos
2110,15224.0,358,2,322.08,0,Clientes dormidos
2111,15225.0,234,1,409.4,0,Clientes dormidos
2112,15226.0,311,1,154.41,0,Clientes dormidos
2113,15227.0,37,5,1219.4,1,Clientes nuevos
2114,15228.0,66,4,3386.71,1,Clientes nuevos
2115,15230.0,239,2,429.6,0,Clientes dormidos
2116,15232.0,113,2,612.06,1,Clientes nuevos
2117,15234.0,277,1,197.0,0,Clientes dormidos
2118,15235.0,218,12,2247.51,2,Clientes VIP
2119,15236.0,299,1,321.05,0,Clientes dormidos
2120,15237.0,2,4,1412.32,1,Clientes nuevos
2121,15238.0,29,3,1071.99,1,Clientes nuevos
2122,15239.0,10,2,780.59,1,Clientes nuevos
2123,15240.0,45,5,1706.57,1,Clientes nuevos
2124,15241.0,67,8,1756.44,1,Clientes nuevos
2125,15243.0,74,1,316.68,1,Clientes nuevos
2126,15244.0,65,2,631.57,1,Clientes nuevos
2127,15245.0,134,3,2515.84,1,Clientes nuevos
2128,15246.0,238,2,514.15,0,Clientes dormidos
2129,15247.0,122,1,356.0,1,Clientes nuevos
2130,15249.0,32,13,6688.46,2,Clientes VIP
2131,15251.0,9,11,10484.99,2,Clientes VIP
2132,15252.0,36,2,740.78,1,Clientes nuevos
2133,15253.0,16,5,918.2,1,Clientes nuevos
2134,15254.0,127,1,300.36,1,Clientes nuevos
2135,15255.0,67,1,890.85,1,Clientes nuevos
2136,15256.0,149,1,98.45,0,Clientes dormidos
2137,15257.0,283,1,317.15,0,Clientes dormidos
2138,15258.0,169,2,623.16,0,Clientes dormidos
2139,15260.0,100,7,1810.77,1,Clientes nuevos
2140,15261.0,135,1,254.82,0,Clientes dormidos
2141,15262.0,324,1,178.95000000000002,0,Clientes dormidos
2142,15263.0,107,1,156.51,1,Clientes nuevos
2143,15264.0,64,1,393.74,1,Clientes nuevos
2144,15265.0,151,2,1506.12,0,Clientes dormidos
2145,15266.0,338,1,119.3,0,Clientes dormidos
2146,15267.0,22,5,1717.36,1,Clientes nuevos
2147,15269.0,24,1,408.8,1,Clientes nuevos
2148,15270.0,16,7,2379.49,1,Clientes nuevos
2149,15271.0,7,15,2507.07,2,Clientes VIP
2150,15272.0,57,2,721.94,1,Clientes nuevos
2151,15274.0,4,2,716.57,1,Clientes nuevos
2152,15275.0,38,1,615.14,1,Clientes nuevos
2153,15276.0,66,1,135.31,1,Clientes nuevos
2154,15277.0,47,1,255.9,1,Clientes nuevos
2155,15279.0,355,1,290.51,0,Clientes dormidos
2156,15280.0,172,1,113.12,0,Clientes dormidos
2157,15281.0,59,9,2332.15,1,Clientes nuevos
2158,15286.0,50,1,240.55,1,Clientes nuevos
2159,15287.0,22,2,486.69,1,Clientes nuevos
2160,15288.0,43,5,2306.52,1,Clientes nuevos
2161,15289.0,29,3,939.78,1,Clientes nuevos
2162,15290.0,5,18,7943.22,2,Clientes VIP
2163,15291.0,26,15,4668.3,2,Clientes VIP
2164,15292.0,201,1,180.94,0,Clientes dormidos
2165,15296.0,51,6,3672.86,1,Clientes nuevos
2166,15297.0,10,3,641.94,1,Clientes nuevos
2167,15298.0,2,12,4799.9,2,Clientes VIP
2168,15299.0,67,7,4507.01,2,Clientes VIP
2169,15300.0,64,1,496.44,1,Clientes nuevos
2170,15301.0,51,12,5070.35,2,Clientes VIP
2171,15303.0,290,1,574.02,0,Clientes dormidos
2172,15304.0,61,8,694.4000000000001,1,Clientes nuevos
2173,15306.0,64,3,1174.35,1,Clientes nuevos
2174,15307.0,96,1,205.3,1,Clientes nuevos
2175,15308.0,274,1,310.47,0,Clientes dormidos
2177,15312.0,75,4,924.85,1,Clientes nuevos
2179,15314.0,199,1,327.97,0,Clientes dormidos
2180,15315.0,64,2,570.5,1,Clientes nuevos
2181,15316.0,327,1,165.0,0,Clientes dormidos
2182,15318.0,4,1,312.62,1,Clientes nuevos
2183,15319.0,284,1,204.5,0,Clientes dormidos
2184,15320.0,44,1,267.13,1,Clientes nuevos
2185,15321.0,71,3,2748.31,1,Clientes nuevos
2186,15322.0,86,1,679.68,1,Clientes nuevos
2187,15325.0,104,1,162.29,1,Clientes nuevos
2188,15326.0,334,1,311.71,0,Clientes dormidos
2189,15327.0,53,1,208.75,1,Clientes nuevos
2190,15329.0,39,3,1049.7,1,Clientes nuevos
2191,15330.0,32,2,714.96,1,Clientes nuevos
2192,15332.0,366,4,1661.06,0,Clientes dormidos
2193,15333.0,208,1,1028.56,0,Clientes dormidos
2194,15334.0,157,3,351.67,0,Clientes dormidos
2195,15335.0,54,1,173.97,1,Clientes nuevos
2196,15339.0,66,2,574.07,1,Clientes nuevos
2197,15341.0,81,1,2020.52,1,Clientes nuevos
2198,15342.0,130,1,406.09,1,Clientes nuevos
2199,15343.0,87,1,364.5,1,Clientes nuevos
2200,15344.0,1,3,563.94,1,Clientes nuevos
2201,15345.0,46,1,393.54,1,Clientes nuevos
2202,15346.0,333,1,252.42,0,Clientes dormidos
2203,15347.0,366,1,201.6,0,Clientes dormidos
2204,15348.0,72,1,158.04,1,Clientes nuevos
2205,15349.0,158,2,473.81,0,Clientes dormidos
2207,15351.0,12,7,1960.11,1,Clientes nuevos
2208,15353.0,255,2,777.02,0,Clientes dormidos
2209,15355.0,29,2,277.05,1,Clientes nuevos
2210,15356.0,31,10,2766.5,2,Clientes VIP
2211,15358.0,5,22,8347.2,2,Clientes VIP
2212,15360.0,40,1,427.93,1,Clientes nuevos
2213,15361.0,362,1,418.92,0,Clientes dormidos
2215,15364.0,96,2,913.19,1,Clientes nuevos
2216,15365.0,26,7,2314.32,1,Clientes nuevos
2217,15366.0,75,2,602.51,1,Clientes nuevos
2218,15367.0,57,4,1877.59,1,Clientes nuevos
2219,15368.0,21,1,446.94000000000005,1,Clientes nuevos
2220,15370.0,41,7,2386.05,1,Clientes nuevos
2221,15372.0,137,1,2007.4,1,Clientes nuevos
2222,15373.0,8,12,2415.91,2,Clientes VIP
2223,15374.0,129,1,168.0,1,Clientes nuevos
2224,15376.0,40,3,1233.36,1,Clientes nuevos
2225,15379.0,169,7,3703.29,2,Clientes VIP
2226,15380.0,9,5,1690.2600000000002,1,Clientes nuevos
2227,15381.0,214,2,596.85,0,Clientes dormidos
2228,15382.0,15,6,5955.71,2,Clientes VIP
2229,15384.0,170,2,642.41,0,Clientes dormidos
2230,15385.0,40,1,316.88,1,Clientes nuevos
2231,15386.0,186,1,394.14,0,Clientes dormidos
2232,15388.0,270,1,140.54,0,Clientes dormidos
2233,15389.0,172,1,500.0,0,Clientes dormidos
2234,15392.0,5,4,1535.53,1,Clientes nuevos
2235,15393.0,16,2,231.86,1,Clientes nuevos
2236,15394.0,10,4,2183.54,1,Clientes nuevos
2237,15395.0,326,1,107.45,0,Clientes dormidos
2238,15396.0,113,1,288.18,1,Clientes nuevos
2239,15397.0,290,1,94.0,0,Clientes dormidos
2240,15398.0,16,2,1345.53,1,Clientes nuevos
2241,15399.0,1,3,815.77,1,Clientes nuevos
2242,15400.0,92,5,716.2,1,Clientes nuevos
2243,15402.0,149,2,626.77,0,Clientes dormidos
2244,15405.0,189,1,349.1,0,Clientes dormidos
2245,15406.0,31,2,510.71,1,Clientes nuevos
2246,15407.0,34,4,1056.44,1,Clientes nuevos
2247,15408.0,264,1,267.18,0,Clientes dormidos
2248,15410.0,84,8,3450.84,2,Clientes VIP
2249,15411.0,26,4,1358.88,1,Clientes nuevos
2250,15412.0,171,1,190.53,0,Clientes dormidos
2251,15414.0,10,3,774.9000000000001,1,Clientes nuevos
2252,15415.0,313,1,572.8100000000001,0,Clientes dormidos
2253,15416.0,65,4,3984.32,1,Clientes nuevos
2254,15417.0,85,1,508.8,1,Clientes nuevos
2255,15419.0,25,1,135.86,1,Clientes nuevos
2256,15421.0,59,4,950.36,1,Clientes nuevos
2257,15422.0,323,2,97.7,0,Clientes dormidos
2259,15424.0,254,2,383.34,0,Clientes dormidos
2260,15426.0,19,5,1447.39,1,Clientes nuevos
2261,15427.0,33,3,1483.14,1,Clientes nuevos
2262,15428.0,15,1,93.78,1,Clientes nuevos
2263,15429.0,27,2,397.35,1,Clientes nuevos
2264,15432.0,23,1,171.19,1,Clientes nuevos
2265,15433.0,214,2,533.3,0,Clientes dormidos
2266,15434.0,8,5,1041.48,1,Clientes nuevos
2267,15435.0,22,1,149.29,1,Clientes nuevos
2268,15436.0,12,3,1122.53,1,Clientes nuevos
2269,15437.0,262,1,200.16,0,Clientes dormidos
2270,15438.0,131,1,156.57999999999998,1,Clientes nuevos
2271,15440.0,55,3,383.68,1,Clientes nuevos
2272,15442.0,249,1,594.0,0,Clientes dormidos
2273,15443.0,2,7,3236.91,1,Clientes nuevos
2274,15444.0,9,2,1418.26,1,Clientes nuevos
2275,15445.0,264,1,113.5,0,Clientes dormidos
2276,15447.0,331,1,155.17,0,Clientes dormidos
2277,15448.0,313,1,494.64,0,Clientes dormidos
2278,15449.0,26,3,974.52,1,Clientes nuevos
2279,15450.0,30,1,429.84,1,Clientes nuevos
2280,15452.0,30,3,538.73,1,Clientes nuevos
2281,15453.0,2,7,1388.37,1,Clientes nuevos
2282,15454.0,362,1,179.1,0,Clientes dormidos
2283,15456.0,283,3,447.22,0,Clientes dormidos
2284,15457.0,262,1,237.07,0,Clientes dormidos
2285,15458.0,25,1,161.64,1,Clientes nuevos
2286,15460.0,354,1,216.76,0,Clientes dormidos
2287,15462.0,94,3,234.6,1,Clientes nuevos
2288,15463.0,29,1,126.14,1,Clientes nuevos
2289,15464.0,338,1,1048.85,0,Clientes dormidos
2290,15465.0,20,18,7354.62,2,Clientes VIP
2291,15466.0,85,1,334.53,1,Clientes nuevos
2292,15467.0,9,3,524.88,1,Clientes nuevos
2293,15468.0,51,2,467.51,1,Clientes nuevos
2294,15469.0,50,2,538.55,1,Clientes nuevos
2295,15471.0,2,1,469.48,1,Clientes nuevos
2296,15472.0,113,1,371.56,1,Clientes nuevos
2297,15473.0,14,7,1771.2,1,Clientes nuevos
2298,15475.0,77,1,454.11,1,Clientes nuevos
2299,15478.0,40,2,1441.42,1,Clientes nuevos
2300,15480.0,116,1,905.5,1,Clientes nuevos
2301,15482.0,16,12,11054.96,2,Clientes VIP
2302,15483.0,161,4,233.81,0,Clientes dormidos
2303,15484.0,1,4,3594.31,1,Clientes nuevos
2304,15485.0,30,3,2575.0,1,Clientes nuevos
2305,15488.0,93,1,91.32,1,Clientes nuevos
2306,15489.0,23,3,1134.28,1,Clientes nuevos
2307,15491.0,95,6,3100.09,1,Clientes nuevos
2308,15492.0,28,2,659.4599999999999,1,Clientes nuevos
2309,15493.0,33,5,2001.8,1,Clientes nuevos
2310,15494.0,21,2,1299.23,1,Clientes nuevos
2311,15497.0,18,2,1262.2,1,Clientes nuevos
2313,15500.0,8,4,1131.56,1,Clientes nuevos
2314,15502.0,16,12,10384.93,2,Clientes VIP
2315,15503.0,363,1,147.09,0,Clientes dormidos
2317,15505.0,53,5,3610.96,1,Clientes nuevos
2318,15506.0,23,3,979.26,1,Clientes nuevos
2319,15507.0,172,1,492.36,0,Clientes dormidos
2320,15508.0,189,6,1000.27,0,Clientes dormidos
2321,15510.0,331,1,250.0,0,Clientes dormidos
2322,15511.0,12,5,909.23,1,Clientes nuevos
2323,15512.0,156,2,121.0,0,Clientes dormidos
2325,15514.0,12,11,4139.46,2,Clientes VIP
2326,15516.0,45,3,62.43,1,Clientes nuevos
2327,15517.0,233,1,267.03,0,Clientes dormidos
2328,15518.0,64,8,1942.45,1,Clientes nuevos
2329,15520.0,2,1,343.5,1,Clientes nuevos
2330,15521.0,40,8,3000.2,2,Clientes VIP
2331,15522.0,33,2,398.84,1,Clientes nuevos
2332,15523.0,84,1,412.0100000000001,1,Clientes nuevos
2333,15524.0,25,1,440.0,1,Clientes nuevos
2334,15525.0,2,3,825.92,1,Clientes nuevos
2335,15526.0,33,2,148.44,1,Clientes nuevos
2336,15527.0,19,8,2429.78,1,Clientes nuevos
2337,15528.0,254,1,229.33,0,Clientes dormidos
2338,15529.0,23,11,3995.23,2,Clientes VIP
2339,15530.0,22,4,1502.35,1,Clientes nuevos
2340,15531.0,8,2,2007.44,1,Clientes nuevos
2341,15532.0,25,4,1580.93,1,Clientes nuevos
2342,15533.0,19,3,807.57,1,Clientes nuevos
2343,15535.0,173,4,536.4,0,Clientes dormidos
2344,15537.0,163,1,110.92,0,Clientes dormidos
2345,15539.0,7,1,538.46,1,Clientes nuevos
2346,15540.0,11,1,213.3,1,Clientes nuevos
2347,15541.0,114,1,85.13000000000001,1,Clientes nuevos
2348,15543.0,288,1,127.86,0,Clientes dormidos
2349,15544.0,9,9,3546.71,2,Clientes VIP
2350,15545.0,54,2,292.71999999999997,1,Clientes nuevos
2351,15547.0,7,14,4954.84,2,Clientes VIP
2352,15549.0,77,3,1693.26,1,Clientes nuevos
2353,15550.0,4,4,575.63,1,Clientes nuevos
2354,15551.0,37,1,436.06,1,Clientes nuevos
2355,15552.0,217,1,90.12,0,Clientes dormidos
2356,15553.0,60,1,437.23,1,Clientes nuevos
2357,15554.0,278,1,217.2,0,Clientes dormidos
2358,15555.0,12,16,4805.17,2,Clientes VIP
2359,15556.0,24,1,279.77,1,Clientes nuevos
2360,15557.0,29,1,473.65,1,Clientes nuevos
2361,15561.0,12,4,800.59,1,Clientes nuevos
2362,15562.0,352,1,134.55,0,Clientes dormidos
2363,15563.0,22,4,1400.44,1,Clientes nuevos
2364,15565.0,50,2,173.16,1,Clientes nuevos
2365,15567.0,19,1,186.01,1,Clientes nuevos
2366,15568.0,3,3,758.29,1,Clientes nuevos
2367,15569.0,104,5,1375.71,1,Clientes nuevos
2368,15570.0,7,12,4165.52,2,Clientes VIP
2369,15571.0,12,4,650.4300000000001,1,Clientes nuevos
2370,15572.0,5,7,2552.86,1,Clientes nuevos
2371,15573.0,32,2,607.45,1,Clientes nuevos
2372,15574.0,178,4,702.25,0,Clientes dormidos
2373,15576.0,38,1,940.67,1,Clientes nuevos
2374,15577.0,151,3,258.88,0,Clientes dormidos
2375,15578.0,162,1,127.1,0,Clientes dormidos
2376,15579.0,69,2,348.6,1,Clientes nuevos
2377,15581.0,121,13,3679.97,2,Clientes VIP
2378,15582.0,25,3,682.9100000000001,1,Clientes nuevos
2379,15584.0,24,4,725.11,1,Clientes nuevos
2380,15585.0,177,1,455.3,0,Clientes dormidos
2381,15587.0,50,4,913.68,1,Clientes nuevos
2382,15589.0,256,3,478.53,0,Clientes dormidos
2383,15592.0,47,1,388.58,1,Clientes nuevos
2384,15593.0,71,1,199.8,1,Clientes nuevos
2385,15594.0,16,5,1771.78,1,Clientes nuevos
2386,15596.0,101,5,1406.59,1,Clientes nuevos
2387,15597.0,35,1,324.57,1,Clientes nuevos
2388,15598.0,53,1,240.68,1,Clientes nuevos
2389,15599.0,27,2,761.74,1,Clientes nuevos
2390,15601.0,11,14,6776.56,2,Clientes VIP
2391,15602.0,8,9,1297.87,1,Clientes nuevos
2393,15604.0,52,1,216.39,1,Clientes nuevos
2394,15605.0,36,5,1198.23,1,Clientes nuevos
2395,15606.0,61,9,2920.16,2,Clientes VIP
2396,15607.0,337,1,104.76,0,Clientes dormidos
2397,15608.0,28,4,1093.68,1,Clientes nuevos
2398,15609.0,184,1,298.48,0,Clientes dormidos
2399,15610.0,52,1,112.46,1,Clientes nuevos
2400,15611.0,10,13,1591.45,2,Clientes VIP
2401,15612.0,36,2,195.15,1,Clientes nuevos
2402,15615.0,10,23,10399.74,2,Clientes VIP
2403,15618.0,33,4,776.851,1,Clientes nuevos
2404,15619.0,11,1,336.40000000000003,1,Clientes nuevos
2405,15620.0,57,3,1553.18,1,Clientes nuevos
2406,15621.0,4,4,1293.03,1,Clientes nuevos
2407,15622.0,43,9,3709.56,2,Clientes VIP
2408,15623.0,141,1,301.03,0,Clientes dormidos
2409,15624.0,117,4,588.13,1,Clientes nuevos
2410,15625.0,104,4,1534.26,1,Clientes nuevos
2411,15626.0,75,2,675.8,1,Clientes nuevos
2412,15628.0,5,9,2870.24,2,Clientes VIP
2413,15630.0,45,2,1186.35,1,Clientes nuevos
2414,15632.0,16,8,3285.31,2,Clientes VIP
2415,15634.0,17,1,243.55,1,Clientes nuevos
2416,15636.0,90,2,724.76,1,Clientes nuevos
2417,15637.0,53,1,223.36,1,Clientes nuevos
2418,15639.0,134,1,425.32,0,Clientes dormidos
2419,15640.0,4,15,12515.66,2,Clientes VIP
2420,15641.0,105,4,1887.2,1,Clientes nuevos
2421,15643.0,192,3,664.0,0,Clientes dormidos
2422,15644.0,166,4,813.0,0,Clientes dormidos
2423,15645.0,19,1,612.01,1,Clientes nuevos
2424,15646.0,158,3,447.64,0,Clientes dormidos
2425,15648.0,204,2,657.35,0,Clientes dormidos
2426,15649.0,336,2,816.0,0,Clientes dormidos
2427,15651.0,37,3,646.3,1,Clientes nuevos
2428,15652.0,91,1,337.74,1,Clientes nuevos
2429,15653.0,93,2,877.4399999999999,1,Clientes nuevos
2430,15654.0,9,2,922.53,1,Clientes nuevos
2431,15655.0,243,1,560.67,0,Clientes dormidos
2432,15656.0,45,4,748.5,1,Clientes nuevos
2434,15658.0,190,5,1024.1,0,Clientes dormidos
2435,15659.0,44,1,306.45,1,Clientes nuevos
2436,15660.0,25,9,1600.86,1,Clientes nuevos
2437,15661.0,317,2,309.8,0,Clientes dormidos
2438,15663.0,106,1,138.14,1,Clientes nuevos
2439,15664.0,51,1,386.43,1,Clientes nuevos
2440,15665.0,168,2,2242.01,0,Clientes dormidos
2441,15667.0,40,1,301.32,1,Clientes nuevos
2442,15668.0,218,1,76.32000000000001,0,Clientes dormidos
2443,15669.0,40,4,684.34,1,Clientes nuevos
2444,15670.0,297,1,173.05,0,Clientes dormidos
2445,15671.0,19,7,2657.13,1,Clientes nuevos
2446,15673.0,88,4,2881.02,1,Clientes nuevos
2447,15674.0,73,5,2446.6,1,Clientes nuevos
2448,15675.0,81,3,323.69,1,Clientes nuevos
2449,15676.0,19,3,3435.76,1,Clientes nuevos
2450,15677.0,49,1,657.23,1,Clientes nuevos
2451,15678.0,53,1,352.7,1,Clientes nuevos
2452,15679.0,24,4,781.28,1,Clientes nuevos
2453,15680.0,9,3,1333.68,1,Clientes nuevos
2454,15681.0,25,5,1426.16,1,Clientes nuevos
2455,15683.0,117,1,193.75,1,Clientes nuevos
2456,15687.0,9,9,2993.1,2,Clientes VIP
2457,15689.0,120,2,254.1,1,Clientes nuevos
2458,15690.0,4,2,239.76,1,Clientes nuevos
2459,15691.0,252,1,136.8,0,Clientes dormidos
2460,15692.0,28,1,191.04,1,Clientes nuevos
2461,15694.0,1,14,6479.4,2,Clientes VIP
2462,15695.0,267,2,409.98,0,Clientes dormidos
2463,15696.0,33,8,2736.46,1,Clientes nuevos
2464,15699.0,18,1,309.65,1,Clientes nuevos
2465,15700.0,172,2,696.68,0,Clientes dormidos
2466,15701.0,2,4,1542.14,1,Clientes nuevos
2467,15703.0,265,1,211.5,0,Clientes dormidos
2468,15704.0,140,4,2293.62,1,Clientes nuevos
2469,15705.0,201,1,143.1,0,Clientes dormidos
2470,15706.0,64,4,1060.56,1,Clientes nuevos
2471,15707.0,35,4,945.58,1,Clientes nuevos
2472,15708.0,41,7,3364.24,1,Clientes nuevos
2473,15709.0,284,1,133.25,0,Clientes dormidos
2474,15712.0,9,5,1072.36,1,Clientes nuevos
2475,15713.0,143,2,356.7,0,Clientes dormidos
2476,15714.0,12,2,330.88,1,Clientes nuevos
2477,15716.0,146,4,1118.81,1,Clientes nuevos
2478,15717.0,234,1,150.3,0,Clientes dormidos
2479,15719.0,33,13,5045.61,2,Clientes VIP
2480,15720.0,24,1,598.73,1,Clientes nuevos
2481,15721.0,12,1,507.08,1,Clientes nuevos
2482,15722.0,36,5,2222.56,1,Clientes nuevos
2483,15723.0,365,1,203.1,0,Clientes dormidos
2484,15724.0,201,2,218.25,0,Clientes dormidos
2485,15725.0,15,1,415.25,1,Clientes nuevos
2486,15727.0,17,7,5178.96,2,Clientes VIP
2487,15729.0,213,1,85.0,0,Clientes dormidos
2488,15730.0,66,3,1120.88,1,Clientes nuevos
2489,15732.0,212,2,294.12,0,Clientes dormidos
2490,15733.0,283,1,162.3,0,Clientes dormidos
2491,15734.0,115,2,1339.45,1,Clientes nuevos
2492,15737.0,15,8,1205.12,1,Clientes nuevos
2493,15738.0,19,16,4812.42,2,Clientes VIP
2494,15739.0,66,1,449.12,1,Clientes nuevos
2495,15740.0,49,1,154.88,1,Clientes nuevos
2496,15743.0,16,4,784.46,1,Clientes nuevos
2498,15745.0,19,4,1094.59,1,Clientes nuevos
2499,15746.0,134,1,196.88,0,Clientes dormidos
2500,15747.0,13,3,974.04,1,Clientes nuevos
2501,15748.0,40,1,149.31,1,Clientes nuevos
2503,15750.0,3,8,2465.48,1,Clientes nuevos
2504,15752.0,40,7,2637.38,1,Clientes nuevos
2505,15753.0,305,1,79.2,0,Clientes dormidos
2506,15754.0,51,3,458.57,1,Clientes nuevos
2507,15755.0,10,6,2364.25,1,Clientes nuevos
2508,15756.0,61,4,532.96,1,Clientes nuevos
2509,15757.0,66,2,714.42,1,Clientes nuevos
2510,15758.0,25,1,205.25,1,Clientes nuevos
2511,15759.0,218,3,253.04,0,Clientes dormidos
2512,15762.0,65,2,583.75,1,Clientes nuevos
2513,15763.0,32,2,1086.92,1,Clientes nuevos
2514,15764.0,88,6,3279.97,1,Clientes nuevos
2515,15766.0,64,1,315.06,1,Clientes nuevos
2516,15768.0,116,3,621.8299999999999,1,Clientes nuevos
2518,15773.0,6,1,635.6800000000001,1,Clientes nuevos
2519,15774.0,69,1,270.8,1,Clientes nuevos
2520,15775.0,245,1,104.9,0,Clientes dormidos
2521,15776.0,133,1,241.62,0,Clientes dormidos
2522,15777.0,241,4,1047.11,0,Clientes dormidos
2523,15780.0,184,3,475.28,0,Clientes dormidos
2524,15781.0,25,3,345.46,1,Clientes nuevos
2525,15782.0,10,3,2614.74,1,Clientes nuevos
2526,15783.0,11,1,246.3,1,Clientes nuevos
2527,15785.0,33,5,2328.9700000000003,1,Clientes nuevos
2528,15786.0,46,3,4932.2,1,Clientes nuevos
2529,15787.0,26,3,948.05,1,Clientes nuevos
2530,15789.0,358,1,351.3,0,Clientes dormidos
2531,15790.0,10,1,220.85,1,Clientes nuevos
2532,15791.0,44,2,1612.69,1,Clientes nuevos
2533,15793.0,15,3,965.61,1,Clientes nuevos
2534,15795.0,150,1,610.01,0,Clientes dormidos
2535,15796.0,1,8,2711.56,1,Clientes nuevos
2536,15797.0,113,4,2207.4,1,Clientes nuevos
2537,15799.0,76,3,884.14,1,Clientes nuevos
2538,15800.0,107,2,699.08,1,Clientes nuevos
2539,15801.0,46,3,1063.95,1,Clientes nuevos
2540,15802.0,143,1,451.42,0,Clientes dormidos
2541,15803.0,51,1,415.8200000000001,1,Clientes nuevos
2542,15804.0,1,13,4206.39,2,Clientes VIP
2543,15805.0,23,17,5528.4800000000005,2,Clientes VIP
2544,15806.0,46,3,784.58,1,Clientes nuevos
2545,15807.0,50,3,903.9,1,Clientes nuevos
2546,15808.0,306,4,3734.97,0,Clientes dormidos
2547,15809.0,36,5,515.77,1,Clientes nuevos
2548,15810.0,79,4,1391.98,1,Clientes nuevos
2549,15811.0,22,6,2218.62,1,Clientes nuevos
2550,15812.0,107,5,1801.14,1,Clientes nuevos
2551,15813.0,208,2,1303.91,0,Clientes dormidos
2552,15814.0,17,4,1945.33,1,Clientes nuevos
2553,15815.0,64,5,2100.6,1,Clientes nuevos
2554,15819.0,49,4,1905.45,1,Clientes nuevos
2555,15820.0,320,1,206.98,0,Clientes dormidos
2556,15821.0,44,2,570.96,1,Clientes nuevos
2557,15822.0,3,2,885.47,1,Clientes nuevos
2559,15825.0,172,1,532.94,0,Clientes dormidos
2560,15826.0,56,3,1654.31,1,Clientes nuevos
2561,15827.0,73,14,1836.09,2,Clientes VIP
2562,15829.0,99,2,636.14,1,Clientes nuevos
2563,15830.0,38,1,576.0,1,Clientes nuevos
2564,15831.0,58,3,801.76,1,Clientes nuevos
2565,15832.0,254,1,836.79,0,Clientes dormidos
2566,15834.0,70,4,2233.75,1,Clientes nuevos
2567,15835.0,44,4,954.09,1,Clientes nuevos
2568,15836.0,50,1,137.37,1,Clientes nuevos
2569,15837.0,65,1,391.98,1,Clientes nuevos
2571,15839.0,33,3,1048.49,1,Clientes nuevos
2572,15840.0,59,2,355.56,1,Clientes nuevos
2573,15841.0,73,4,1224.06,1,Clientes nuevos
2574,15843.0,304,1,118.95000000000002,0,Clientes dormidos
2575,15844.0,46,1,130.73999999999998,1,Clientes nuevos
2576,15845.0,18,8,3711.77,2,Clientes VIP
2577,15847.0,38,2,389.27,1,Clientes nuevos
2578,15850.0,19,2,238.85,1,Clientes nuevos
2579,15852.0,187,2,160.71,0,Clientes dormidos
2580,15853.0,52,1,110.8,1,Clientes nuevos
2581,15854.0,4,12,2974.65,2,Clientes VIP
2582,15855.0,137,5,712.24,1,Clientes nuevos
2584,15857.0,19,1,297.0,1,Clientes nuevos
2585,15858.0,16,5,1438.85,1,Clientes nuevos
2586,15860.0,41,8,977.21,1,Clientes nuevos
2587,15861.0,12,8,3165.36,2,Clientes VIP
2588,15862.0,8,4,832.88,1,Clientes nuevos
2589,15863.0,26,2,68.84,1,Clientes nuevos
2590,15864.0,22,6,1936.32,1,Clientes nuevos
2591,15865.0,41,3,895.13,1,Clientes nuevos
2592,15866.0,101,1,230.53,1,Clientes nuevos
2593,15867.0,5,15,3812.64,2,Clientes VIP
2594,15869.0,277,2,149.64,0,Clientes dormidos
2595,15870.0,33,1,354.09000000000003,1,Clientes nuevos
2596,15872.0,15,2,360.93,1,Clientes nuevos
2597,15874.0,64,7,4405.88,2,Clientes VIP
2598,15877.0,2,2,493.28,1,Clientes nuevos
2599,15880.0,369,1,343.28000000000003,0,Clientes dormidos
2600,15881.0,312,5,501.39,0,Clientes dormidos
2601,15882.0,199,4,516.36,0,Clientes dormidos
2602,15883.0,2,2,396.48,1,Clientes nuevos
2603,15885.0,93,3,379.35,1,Clientes nuevos
2604,15886.0,60,1,181.09,1,Clientes nuevos
2605,15888.0,81,1,168.31,1,Clientes nuevos
2606,15889.0,157,2,446.87,0,Clientes dormidos
2607,15891.0,227,1,524.52,0,Clientes dormidos
2608,15894.0,253,2,263.55,0,Clientes dormidos
2609,15895.0,150,1,179.17,0,Clientes dormidos
2610,15897.0,194,2,222.05,0,Clientes dormidos
2611,15898.0,1,5,1388.88,1,Clientes nuevos
2612,15899.0,369,1,56.25,0,Clientes dormidos
2613,15900.0,24,1,351.11,1,Clientes nuevos
2614,15901.0,17,3,363.88,1,Clientes nuevos
2615,15903.0,10,7,5126.76,2,Clientes VIP
2616,15904.0,8,1,164.68,1,Clientes nuevos
2617,15906.0,20,7,1567.69,1,Clientes nuevos
2618,15907.0,4,3,967.45,1,Clientes nuevos
2619,15909.0,174,1,191.94,0,Clientes dormidos
2620,15910.0,1,8,1232.18,1,Clientes nuevos
2621,15912.0,178,2,264.62,0,Clientes dormidos
2622,15916.0,16,8,1528.09,1,Clientes nuevos
2623,15917.0,248,1,123.1,0,Clientes dormidos
2624,15918.0,191,2,334.23,0,Clientes dormidos
2625,15919.0,20,2,639.89,1,Clientes nuevos
2626,15920.0,154,4,167.5,0,Clientes dormidos
2627,15921.0,173,1,336.03000000000003,0,Clientes dormidos
2630,15925.0,194,1,207.15,0,Clientes dormidos
2631,15930.0,67,1,426.63,1,Clientes nuevos
2632,15932.0,4,8,2495.87,1,Clientes nuevos
2633,15933.0,21,3,1107.46,1,Clientes nuevos
2634,15935.0,239,2,416.86,0,Clientes dormidos
2635,15937.0,64,1,145.35,1,Clientes nuevos
2636,15938.0,112,5,404.58,1,Clientes nuevos
2637,15939.0,90,15,6115.01,2,Clientes VIP
2639,15942.0,134,1,337.44,0,Clientes dormidos
2640,15944.0,277,1,325.1,0,Clientes dormidos
2641,15945.0,365,1,181.0,0,Clientes dormidos
2642,15947.0,83,1,1708.24,1,Clientes nuevos
2643,15948.0,8,2,955.24,1,Clientes nuevos
2644,15949.0,17,2,364.72,1,Clientes nuevos
2645,15950.0,32,4,1765.51,1,Clientes nuevos
2646,15951.0,9,2,708.22,1,Clientes nuevos
2647,15952.0,34,4,806.57,1,Clientes nuevos
2648,15953.0,15,8,1659.38,1,Clientes nuevos
2649,15955.0,24,14,4416.26,2,Clientes VIP
2650,15957.0,32,1,428.89,1,Clientes nuevos
2651,15958.0,74,1,104.35,1,Clientes nuevos
2652,15963.0,20,2,470.76,1,Clientes nuevos
2653,15965.0,17,4,845.64,1,Clientes nuevos
2654,15967.0,23,2,418.83,1,Clientes nuevos
2655,15969.0,3,3,666.1,1,Clientes nuevos
2656,15970.0,304,1,314.1,0,Clientes dormidos
2657,15971.0,18,12,4199.85,2,Clientes VIP
2658,15973.0,367,1,307.82000000000005,0,Clientes dormidos
2659,15974.0,39,7,3442.15,2,Clientes VIP
2660,15975.0,84,1,371.01,1,Clientes nuevos
2661,15976.0,165,2,430.94,0,Clientes dormidos
2662,15977.0,17,2,1054.73,1,Clientes nuevos
2663,15978.0,77,1,1098.78,1,Clientes nuevos
2664,15980.0,89,3,2398.86,1,Clientes nuevos
2665,15981.0,25,8,3408.48,2,Clientes VIP
2666,15983.0,22,4,1475.02,1,Clientes nuevos
2667,15984.0,3,10,2837.67,2,Clientes VIP
2668,15985.0,123,2,1142.42,1,Clientes nuevos
2669,15986.0,30,1,168.12,1,Clientes nuevos
2670,15987.0,12,7,1451.28,1,Clientes nuevos
2671,15988.0,19,1,158.03,1,Clientes nuevos
2672,15990.0,44,2,792.11,1,Clientes nuevos
2674,15993.0,9,7,2797.57,1,Clientes nuevos
2675,15994.0,55,1,427.07,1,Clientes nuevos
2676,15996.0,88,6,1060.68,1,Clientes nuevos
2677,15998.0,37,5,3089.97,1,Clientes nuevos
2678,16000.0,3,3,12393.7,2,Clientes VIP
2679,16003.0,30,5,2735.37,1,Clientes nuevos
2680,16005.0,12,4,615.39,1,Clientes nuevos
2681,16006.0,211,1,101.4,0,Clientes dormidos
2682,16007.0,48,4,1701.94,1,Clientes nuevos
2683,16008.0,24,3,478.78,1,Clientes nuevos
2684,16009.0,22,4,992.71,1,Clientes nuevos
2685,16010.0,246,3,407.5,0,Clientes dormidos
2686,16011.0,8,16,3362.71,2,Clientes VIP
2687,16012.0,35,3,1415.29,1,Clientes nuevos
2689,16014.0,38,3,662.38,1,Clientes nuevos
2690,16015.0,4,3,705.39,1,Clientes nuevos
2691,16016.0,3,8,1508.76,1,Clientes nuevos
2692,16017.0,47,1,211.88,1,Clientes nuevos
2693,16018.0,39,2,408.9,1,Clientes nuevos
2694,16019.0,47,9,3786.24,2,Clientes VIP
2695,16020.0,17,3,851.01,1,Clientes nuevos
2696,16022.0,260,1,628.28,0,Clientes dormidos
2697,16023.0,46,3,719.81,1,Clientes nuevos
2698,16024.0,12,1,251.24,1,Clientes nuevos
2699,16025.0,30,1,439.66,1,Clientes nuevos
2700,16026.0,43,1,236.09,1,Clientes nuevos
2701,16027.0,92,6,934.62,1,Clientes nuevos
2703,16030.0,310,1,331.24,0,Clientes dormidos
2704,16031.0,92,2,548.94,1,Clientes nuevos
2705,16033.0,6,20,8816.4,2,Clientes VIP
2706,16034.0,196,3,437.7,0,Clientes dormidos
2707,16036.0,87,2,758.92,1,Clientes nuevos
2708,16037.0,270,3,855.02,0,Clientes dormidos
2709,16038.0,8,3,471.78,1,Clientes nuevos
2710,16040.0,65,3,1313.55,1,Clientes nuevos
2711,16041.0,31,3,3166.4,1,Clientes nuevos
2712,16042.0,22,5,1197.27,1,Clientes nuevos
2713,16043.0,38,4,773.99,1,Clientes nuevos
2714,16045.0,120,4,1340.7,1,Clientes nuevos
2716,16049.0,40,3,1111.79,1,Clientes nuevos
2717,16050.0,174,1,137.9,0,Clientes dormidos
2718,16052.0,54,1,362.06,1,Clientes nuevos
2719,16053.0,33,2,1511.95,1,Clientes nuevos
2720,16054.0,145,1,783.9,0,Clientes dormidos
2721,16055.0,221,1,134.8,0,Clientes dormidos
2722,16056.0,45,1,664.85,1,Clientes nuevos
2723,16057.0,16,7,2263.12,1,Clientes nuevos
2724,16059.0,66,6,1459.86,1,Clientes nuevos
2725,16062.0,10,4,1153.62,1,Clientes nuevos
2726,16063.0,260,1,335.32,0,Clientes dormidos
2727,16065.0,365,1,372.09,0,Clientes dormidos
2728,16066.0,17,5,1521.87,1,Clientes nuevos
2729,16070.0,22,2,852.15,1,Clientes nuevos
2730,16071.0,45,1,326.24,1,Clientes nuevos
2731,16072.0,288,1,584.3199999999999,0,Clientes dormidos
2732,16073.0,297,1,122.4,0,Clientes dormidos
2733,16076.0,3,10,2234.73,2,Clientes VIP
2734,16078.0,284,1,79.2,0,Clientes dormidos
2735,16079.0,17,3,1352.0,1,Clientes nuevos
2736,16080.0,82,2,217.16,1,Clientes nuevos
2737,16081.0,56,5,2806.9,1,Clientes nuevos
2738,16083.0,101,2,1317.62,1,Clientes nuevos
2739,16084.0,299,1,436.18,0,Clientes dormidos
2740,16085.0,23,5,981.51,1,Clientes nuevos
2741,16086.0,59,5,1121.39,1,Clientes nuevos
2742,16091.0,155,2,315.06,0,Clientes dormidos
2743,16092.0,115,3,817.86,1,Clientes nuevos
2745,16094.0,12,4,1078.23,1,Clientes nuevos
2746,16096.0,264,1,320.62,0,Clientes dormidos
2747,16097.0,240,1,185.05,0,Clientes dormidos
2748,16098.0,88,7,2005.63,1,Clientes nuevos
2749,16099.0,50,3,731.9,1,Clientes nuevos
2750,16101.0,71,1,1290.7,1,Clientes nuevos
2751,16102.0,42,3,1842.14,1,Clientes nuevos
2752,16103.0,7,6,1429.64,1,Clientes nuevos
2753,16104.0,62,1,302.36,1,Clientes nuevos
2754,16105.0,249,1,336.96,0,Clientes dormidos
2755,16106.0,66,1,108.38,1,Clientes nuevos
2756,16107.0,18,7,3204.1600000000003,1,Clientes nuevos
2757,16108.0,85,1,842.5,1,Clientes nuevos
2758,16109.0,219,2,611.88,0,Clientes dormidos
2759,16110.0,45,3,1337.48,1,Clientes nuevos
2760,16112.0,143,4,195.74,1,Clientes nuevos
2761,16113.0,183,1,161.38,0,Clientes dormidos
2762,16114.0,171,1,135.75000000000003,0,Clientes dormidos
2763,16115.0,10,8,1667.97,1,Clientes nuevos
2764,16116.0,212,1,612.78,0,Clientes dormidos
2765,16117.0,190,1,232.21,0,Clientes dormidos
2766,16119.0,8,2,423.36,1,Clientes nuevos
2767,16120.0,59,4,1309.14,1,Clientes nuevos
2768,16121.0,57,2,867.11,1,Clientes nuevos
2769,16122.0,73,4,684.4200000000001,1,Clientes nuevos
2770,16123.0,52,1,307.78,1,Clientes nuevos
2771,16124.0,317,1,249.0,0,Clientes dormidos
2772,16125.0,367,1,289.35,0,Clientes dormidos
2773,16126.0,29,4,6287.77,2,Clientes VIP
2774,16127.0,39,1,656.25,1,Clientes nuevos
2775,16128.0,18,5,1880.22,1,Clientes nuevos
2776,16131.0,52,6,3506.54,1,Clientes nuevos
2778,16134.0,22,2,618.09,1,Clientes nuevos
2779,16135.0,263,1,517.55,0,Clientes dormidos
2780,16136.0,60,3,709.38,1,Clientes nuevos
2781,16139.0,19,3,635.41,1,Clientes nuevos
2782,16140.0,66,2,725.18,1,Clientes nuevos
2783,16141.0,88,1,620.4,1,Clientes nuevos
2784,16142.0,250,1,535.34,0,Clientes dormidos
2785,16143.0,3,6,2424.94,1,Clientes nuevos
2786,16144.0,247,1,175.2,0,Clientes dormidos
2787,16145.0,9,11,3799.49,2,Clientes VIP
2788,16146.0,157,3,734.13,0,Clientes dormidos
2789,16147.0,134,1,375.0,0,Clientes dormidos
2790,16148.0,296,1,76.32000000000001,0,Clientes dormidos
2791,16149.0,5,2,280.52,1,Clientes nuevos
2792,16150.0,43,5,2053.02,1,Clientes nuevos
2793,16152.0,269,1,1829.04,0,Clientes dormidos
2794,16153.0,50,5,1824.23,1,Clientes nuevos
2795,16156.0,9,9,3122.04,2,Clientes VIP
2796,16157.0,16,3,656.69,1,Clientes nuevos
2797,16159.0,282,1,348.2,0,Clientes dormidos
2798,16160.0,65,2,1025.44,1,Clientes nuevos
2799,16161.0,2,19,5575.56,2,Clientes VIP
2801,16163.0,232,2,856.6,0,Clientes dormidos
2802,16164.0,17,3,822.48,1,Clientes nuevos
2803,16168.0,11,27,3787.6,2,Clientes VIP
2804,16169.0,8,4,1822.97,1,Clientes nuevos
2805,16170.0,51,6,1885.05,1,Clientes nuevos
2806,16171.0,59,1,73.2,1,Clientes nuevos
2807,16172.0,95,5,1140.21,1,Clientes nuevos
2808,16173.0,16,6,1418.32,1,Clientes nuevos
2809,16174.0,126,3,1009.55,1,Clientes nuevos
2810,16175.0,94,4,1037.59,1,Clientes nuevos
2811,16177.0,50,1,331.95,1,Clientes nuevos
2812,16178.0,138,1,197.9,0,Clientes dormidos
2813,16179.0,61,1,215.83,1,Clientes nuevos
2814,16180.0,100,8,10254.18,2,Clientes VIP
2815,16181.0,73,1,305.54,1,Clientes nuevos
2816,16182.0,72,4,6617.65,2,Clientes VIP
2817,16183.0,67,1,338.71000000000004,1,Clientes nuevos
2818,16184.0,64,6,1158.79,1,Clientes nuevos
2819,16185.0,17,2,529.41,1,Clientes nuevos
2820,16186.0,23,12,4006.94,2,Clientes VIP
2821,16187.0,32,15,6911.4400000000005,2,Clientes VIP
2822,16188.0,45,4,981.86,1,Clientes nuevos
2823,16189.0,16,2,215.48,1,Clientes nuevos
2824,16190.0,40,1,215.08,1,Clientes nuevos
2825,16191.0,3,13,5180.52,2,Clientes VIP
2826,16193.0,237,1,314.45,0,Clientes dormidos
2827,16198.0,75,1,400.681,1,Clientes nuevos
2828,16200.0,4,2,1080.62,1,Clientes nuevos
2829,16201.0,3,4,1863.47,1,Clientes nuevos
2830,16202.0,361,1,365.27,0,Clientes dormidos
2831,16203.0,59,4,592.9,1,Clientes nuevos
2832,16204.0,23,1,405.71,1,Clientes nuevos
2833,16205.0,31,4,761.38,1,Clientes nuevos
2834,16206.0,55,4,537.0600000000001,1,Clientes nuevos
2835,16207.0,25,1,394.38,1,Clientes nuevos
2836,16208.0,45,2,664.26,1,Clientes nuevos
2837,16209.0,89,5,2262.62,1,Clientes nuevos
2839,16211.0,89,1,547.02,1,Clientes nuevos
2840,16212.0,19,2,690.34,1,Clientes nuevos
2841,16213.0,79,1,159.0,1,Clientes nuevos
2842,16214.0,171,3,1062.75,0,Clientes dormidos
2843,16215.0,81,1,242.35,1,Clientes nuevos
2844,16216.0,267,1,914.93,0,Clientes dormidos
2845,16217.0,235,2,304.25,0,Clientes dormidos
2846,16218.0,30,7,3084.68,1,Clientes nuevos
2847,16221.0,37,3,864.86,1,Clientes nuevos
2848,16222.0,318,1,846.72,0,Clientes dormidos
2849,16224.0,57,4,1295.3,1,Clientes nuevos
2850,16225.0,45,5,1096.32,1,Clientes nuevos
2851,16226.0,203,3,255.12,0,Clientes dormidos
2852,16227.0,225,1,314.22,0,Clientes dormidos
2853,16229.0,87,2,1010.6,1,Clientes nuevos
2854,16230.0,190,2,542.03,0,Clientes dormidos
2855,16232.0,44,4,990.88,1,Clientes nuevos
2856,16233.0,71,3,536.6800000000001,1,Clientes nuevos
2857,16235.0,41,5,867.31,1,Clientes nuevos
2858,16236.0,78,1,432.2,1,Clientes nuevos
2859,16239.0,57,2,414.2,1,Clientes nuevos
2860,16240.0,24,2,3718.8,1,Clientes nuevos
2861,16241.0,10,13,2607.87,2,Clientes VIP
2862,16242.0,8,7,3603.21,2,Clientes VIP
2863,16243.0,34,2,409.1,1,Clientes nuevos
2864,16244.0,212,2,1522.75,0,Clientes dormidos
2865,16245.0,24,3,1413.66,1,Clientes nuevos
2866,16247.0,170,1,114.56,0,Clientes dormidos
2867,16248.0,62,1,152.94,1,Clientes nuevos
2868,16249.0,53,5,1800.07,1,Clientes nuevos
2869,16250.0,261,2,389.44,0,Clientes dormidos
2870,16253.0,67,2,3683.86,1,Clientes nuevos
2871,16255.0,17,8,2619.91,1,Clientes nuevos
2872,16256.0,267,1,752.4300000000001,0,Clientes dormidos
2874,16258.0,45,5,5203.51,2,Clientes VIP
2875,16260.0,51,1,1035.45,1,Clientes nuevos
2876,16261.0,17,4,746.83,1,Clientes nuevos
2877,16265.0,9,9,5447.0,2,Clientes VIP
2878,16266.0,74,7,861.89,1,Clientes nuevos
2879,16268.0,71,2,667.65,1,Clientes nuevos
2880,16270.0,353,1,1141.24,0,Clientes dormidos
2881,16271.0,3,5,1429.24,1,Clientes nuevos
2882,16272.0,117,1,411.7,1,Clientes nuevos
2884,16275.0,197,1,559.87,0,Clientes dormidos
2885,16276.0,177,1,810.6000000000001,0,Clientes dormidos
2886,16278.0,100,1,566.38,1,Clientes nuevos
2887,16279.0,21,3,1509.58,1,Clientes nuevos
2888,16281.0,72,1,2062.06,1,Clientes nuevos
2889,16282.0,340,1,168.3,0,Clientes dormidos
2890,16283.0,6,5,1570.81,1,Clientes nuevos
2891,16284.0,31,2,823.97,1,Clientes nuevos
2892,16287.0,170,1,142.5,0,Clientes dormidos
2893,16292.0,122,1,302.25,1,Clientes nuevos
2894,16293.0,22,10,2248.99,2,Clientes VIP
2895,16295.0,10,4,1328.55,1,Clientes nuevos
2896,16297.0,269,1,301.9,0,Clientes dormidos
2897,16298.0,23,3,598.2,1,Clientes nuevos
2898,16302.0,127,1,233.22,1,Clientes nuevos
2899,16303.0,26,3,5360.63,2,Clientes VIP
2900,16305.0,139,1,361.22,0,Clientes dormidos
2901,16306.0,214,6,632.27,0,Clientes dormidos
2902,16308.0,38,4,2560.0,1,Clientes nuevos
2903,16309.0,106,2,706.57,1,Clientes nuevos
2904,16311.0,18,2,616.26,1,Clientes nuevos
2905,16313.0,3,2,274.15000000000003,1,Clientes nuevos
2906,16315.0,331,1,226.37,0,Clientes dormidos
2907,16316.0,64,8,2938.91,1,Clientes nuevos
2908,16317.0,120,3,1341.65,1,Clientes nuevos
2909,16318.0,35,1,328.15,1,Clientes nuevos
2910,16319.0,218,1,404.4,0,Clientes dormidos
2911,16320.0,172,2,1038.46,0,Clientes dormidos
2912,16321.0,72,5,373.65,1,Clientes nuevos
2913,16322.0,1,2,326.75,1,Clientes nuevos
2914,16323.0,196,1,207.50000000000003,0,Clientes dormidos
2915,16324.0,128,3,428.68,1,Clientes nuevos
2916,16325.0,47,3,594.24,1,Clientes nuevos
2917,16326.0,6,14,3110.96,2,Clientes VIP
2918,16327.0,14,6,3844.22,2,Clientes VIP
2919,16330.0,18,3,251.91,1,Clientes nuevos
2920,16332.0,28,7,1593.2,1,Clientes nuevos
2922,16337.0,37,1,151.05,1,Clientes nuevos
2923,16338.0,157,1,214.8,0,Clientes dormidos
2924,16339.0,284,1,109.95,0,Clientes dormidos
2925,16340.0,107,1,549.07,1,Clientes nuevos
2926,16341.0,25,4,1971.87,1,Clientes nuevos
2927,16342.0,75,4,322.41,1,Clientes nuevos
2928,16343.0,16,2,370.48,1,Clientes nuevos
2929,16344.0,158,1,101.1,0,Clientes dormidos
2930,16345.0,44,1,575.41,1,Clientes nuevos
2931,16347.0,11,2,887.65,1,Clientes nuevos
2932,16348.0,32,7,1469.45,1,Clientes nuevos
2934,16350.0,21,4,1116.47,1,Clientes nuevos
2935,16351.0,333,1,153.9,0,Clientes dormidos
2936,16352.0,18,2,494.44,1,Clientes nuevos
2937,16353.0,4,23,6675.71,2,Clientes VIP
2938,16354.0,63,2,395.8,1,Clientes nuevos
2939,16356.0,198,3,211.77,0,Clientes dormidos
2940,16357.0,33,3,658.88,1,Clientes nuevos
2941,16358.0,1,4,2027.5,1,Clientes nuevos
2942,16359.0,7,9,1750.92,1,Clientes nuevos
2943,16360.0,5,6,3512.53,1,Clientes nuevos
2944,16361.0,10,4,896.66,1,Clientes nuevos
2945,16362.0,32,5,734.77,1,Clientes nuevos
2946,16363.0,53,1,109.36,1,Clientes nuevos
2947,16364.0,12,2,707.04,1,Clientes nuevos
2948,16365.0,18,9,1540.42,1,Clientes nuevos
2949,16366.0,19,1,327.3,1,Clientes nuevos
2950,16367.0,37,2,804.49,1,Clientes nuevos
2951,16368.0,2,2,497.43,1,Clientes nuevos
2952,16369.0,18,3,1553.66,1,Clientes nuevos
2953,16370.0,82,4,1320.56,1,Clientes nuevos
2954,16372.0,33,2,367.93,1,Clientes nuevos
2955,16374.0,66,2,473.03,1,Clientes nuevos
2956,16376.0,9,2,987.01,1,Clientes nuevos
2957,16377.0,267,1,676.2,0,Clientes dormidos
2958,16378.0,247,3,362.95,0,Clientes dormidos
2959,16379.0,4,4,2157.4,1,Clientes nuevos
2960,16380.0,61,1,1780.59,1,Clientes nuevos
2961,16383.0,75,2,668.36,1,Clientes nuevos
2962,16384.0,90,2,584.5,1,Clientes nuevos
2963,16385.0,60,3,555.89,1,Clientes nuevos
2964,16386.0,29,2,317.2,1,Clientes nuevos
2965,16387.0,323,1,94.36,0,Clientes dormidos
2966,16389.0,53,4,1382.07,1,Clientes nuevos
2967,16392.0,270,1,221.19,0,Clientes dormidos
2968,16393.0,2,13,3046.21,2,Clientes VIP
2969,16394.0,57,5,1555.34,1,Clientes nuevos
2970,16395.0,61,5,1486.9,1,Clientes nuevos
2971,16398.0,154,2,1705.8,0,Clientes dormidos
2972,16399.0,19,2,408.57,1,Clientes nuevos
2973,16400.0,95,1,303.93,1,Clientes nuevos
2974,16401.0,1,12,4098.32,2,Clientes VIP
2975,16402.0,265,2,299.6,0,Clientes dormidos
2976,16403.0,312,1,177.5,0,Clientes dormidos
2977,16404.0,70,1,443.05,1,Clientes nuevos
2978,16405.0,302,2,167.25,0,Clientes dormidos
2979,16406.0,19,1,163.07,1,Clientes nuevos
2980,16407.0,13,10,2126.93,2,Clientes VIP
2981,16409.0,36,5,2028.88,1,Clientes nuevos
2982,16411.0,19,2,214.65,1,Clientes nuevos
2983,16412.0,54,1,151.83,1,Clientes nuevos
2984,16413.0,57,1,262.2,1,Clientes nuevos
2985,16414.0,22,2,126.25,1,Clientes nuevos
2986,16415.0,44,1,210.35,1,Clientes nuevos
2987,16416.0,27,3,1051.4,1,Clientes nuevos
2988,16418.0,45,3,675.27,1,Clientes nuevos
2989,16419.0,113,6,972.23,1,Clientes nuevos
2991,16423.0,25,1,346.12,1,Clientes nuevos
2992,16424.0,191,1,133.56,0,Clientes dormidos
2993,16425.0,302,1,302.7,0,Clientes dormidos
2994,16426.0,2,10,1908.25,1,Clientes nuevos
2995,16427.0,263,2,241.06,0,Clientes dormidos
2996,16429.0,106,1,284.55,1,Clientes nuevos
2997,16430.0,57,1,300.85,1,Clientes nuevos
2998,16431.0,213,3,642.81,0,Clientes dormidos
2999,16432.0,64,1,287.4,1,Clientes nuevos
3000,16433.0,28,1,184.26,1,Clientes nuevos
3001,16434.0,29,7,1522.25,1,Clientes nuevos
3002,16438.0,6,5,798.35,1,Clientes nuevos
3003,16440.0,8,5,3640.67,1,Clientes nuevos
3004,16441.0,67,2,381.2,1,Clientes nuevos
3005,16442.0,2,3,616.79,1,Clientes nuevos
3006,16444.0,46,4,654.67,1,Clientes nuevos
3007,16445.0,34,1,230.51,1,Clientes nuevos
3009,16447.0,136,1,259.01,0,Clientes dormidos
3010,16448.0,198,1,188.89,0,Clientes dormidos
3011,16449.0,198,2,707.69,0,Clientes dormidos
3012,16450.0,150,1,311.92,0,Clientes dormidos
3013,16451.0,88,1,266.97,1,Clientes nuevos
3015,16455.0,64,7,1841.18,1,Clientes nuevos
3016,16456.0,99,5,2158.37,1,Clientes nuevos
3017,16457.0,218,1,208.36,0,Clientes dormidos
3018,16458.0,3,18,3482.74,2,Clientes VIP
3019,16460.0,28,3,814.72,1,Clientes nuevos
3020,16461.0,178,1,151.42,0,Clientes dormidos
3021,16462.0,74,3,136.0,1,Clientes nuevos
3022,16463.0,21,4,1422.4,1,Clientes nuevos
3023,16464.0,20,3,1314.68,1,Clientes nuevos
3024,16466.0,34,7,1603.46,1,Clientes nuevos
3025,16468.0,74,1,74.9,1,Clientes nuevos
3026,16469.0,24,4,650.43,1,Clientes nuevos
3027,16470.0,52,4,762.39,1,Clientes nuevos
3028,16471.0,275,1,223.95,0,Clientes dormidos
3029,16473.0,165,3,316.11,0,Clientes dormidos
3030,16474.0,7,7,1871.5,1,Clientes nuevos
3031,16475.0,88,4,544.3,1,Clientes nuevos
3032,16477.0,64,7,2494.46,1,Clientes nuevos
3033,16478.0,25,3,331.0,1,Clientes nuevos
3034,16479.0,10,2,300.83,1,Clientes nuevos
3035,16480.0,76,1,769.29,1,Clientes nuevos
3036,16482.0,16,1,220.62,1,Clientes nuevos
3037,16483.0,192,1,139.35,0,Clientes dormidos
3038,16484.0,174,2,404.3,0,Clientes dormidos
3039,16485.0,77,1,363.65,1,Clientes nuevos
3040,16488.0,33,3,498.8,1,Clientes nuevos
3041,16491.0,47,1,731.5,1,Clientes nuevos
3042,16493.0,80,4,1351.63,1,Clientes nuevos
3043,16494.0,297,1,826.53,0,Clientes dormidos
3044,16495.0,3,3,684.41,1,Clientes nuevos
3045,16496.0,9,3,1599.52,1,Clientes nuevos
3046,16497.0,50,6,2965.69,1,Clientes nuevos
3047,16498.0,161,2,100.97,0,Clientes dormidos
3048,16499.0,360,2,365.45,0,Clientes dormidos
3049,16500.0,5,6,400.86,1,Clientes nuevos
3050,16503.0,107,4,1431.93,1,Clientes nuevos
3051,16504.0,25,1,484.38,1,Clientes nuevos
3052,16505.0,32,1,777.6,1,Clientes nuevos
3053,16506.0,20,2,90.3,1,Clientes nuevos
3054,16509.0,297,1,363.7,0,Clientes dormidos
3056,16511.0,22,3,950.26,1,Clientes nuevos
3057,16513.0,5,4,874.59,1,Clientes nuevos
3058,16515.0,52,5,1627.13,1,Clientes nuevos
3059,16516.0,30,1,101.7,1,Clientes nuevos
3060,16517.0,277,1,162.7,0,Clientes dormidos
3061,16518.0,61,2,484.32,1,Clientes nuevos
3062,16519.0,25,2,215.08,1,Clientes nuevos
3063,16520.0,186,3,1046.57,0,Clientes dormidos
3064,16523.0,2,21,9418.47,2,Clientes VIP
3065,16525.0,2,26,13027.45,2,Clientes VIP
3066,16526.0,172,1,290.36,0,Clientes dormidos
3067,16527.0,81,1,228.06,1,Clientes nuevos
3068,16528.0,4,1,244.41,1,Clientes nuevos
3069,16529.0,190,1,455.25,0,Clientes dormidos
3070,16531.0,22,7,1244.59,1,Clientes nuevos
3071,16532.0,18,3,6748.8,2,Clientes VIP
3072,16533.0,19,3,1095.56,1,Clientes nuevos
3073,16535.0,5,1,593.75,1,Clientes nuevos
3074,16536.0,110,1,548.97,1,Clientes nuevos
3075,16539.0,3,4,1388.81,1,Clientes nuevos
3076,16542.0,54,1,119.62,1,Clientes nuevos
3077,16545.0,165,1,339.3,0,Clientes dormidos
3078,16546.0,291,2,787.15,0,Clientes dormidos
3079,16549.0,10,10,4154.64,2,Clientes VIP
3080,16550.0,109,5,2298.97,1,Clientes nuevos
3081,16551.0,96,3,922.12,1,Clientes nuevos
3082,16552.0,243,2,379.73,0,Clientes dormidos
3083,16553.0,163,12,5719.82,2,Clientes VIP
3084,16554.0,42,3,837.1,1,Clientes nuevos
3085,16555.0,35,2,285.89,1,Clientes nuevos
3086,16556.0,67,7,3313.79,1,Clientes nuevos
3087,16557.0,24,2,281.85,1,Clientes nuevos
3088,16558.0,1,20,8338.49,2,Clientes VIP
3089,16560.0,27,2,841.41,1,Clientes nuevos
3090,16561.0,6,2,511.12,1,Clientes nuevos
3091,16563.0,54,1,1077.74,1,Clientes nuevos
3092,16565.0,364,1,173.7,0,Clientes dormidos
3093,16566.0,15,5,614.66,1,Clientes nuevos
3094,16567.0,194,2,865.6,0,Clientes dormidos
3095,16569.0,3,1,124.2,1,Clientes nuevos
3096,16570.0,15,10,3738.4,2,Clientes VIP
3097,16571.0,27,3,1421.69,1,Clientes nuevos
3098,16572.0,127,3,1009.6,1,Clientes nuevos
3099,16573.0,85,2,663.61,1,Clientes nuevos
3100,16574.0,71,1,451.44,1,Clientes nuevos
3101,16581.0,183,1,105.84,0,Clientes dormidos
3102,16582.0,113,1,313.62,1,Clientes nuevos
3104,16584.0,80,2,936.08,1,Clientes nuevos
3105,16586.0,249,1,463.95,0,Clientes dormidos
3106,16587.0,232,1,225.15,0,Clientes dormidos
3107,16589.0,71,3,459.24,1,Clientes nuevos
3108,16591.0,69,1,213.5,1,Clientes nuevos
3109,16592.0,4,16,4113.68,2,Clientes VIP
3110,16593.0,51,3,330.03,1,Clientes nuevos
3111,16594.0,75,1,181.09,1,Clientes nuevos
3112,16595.0,61,1,360.16,1,Clientes nuevos
3113,16596.0,16,2,250.15,1,Clientes nuevos
3114,16597.0,4,1,90.04,1,Clientes nuevos
3115,16598.0,286,1,145.04999999999998,0,Clientes dormidos
3116,16600.0,4,6,813.52,1,Clientes nuevos
3117,16601.0,41,1,244.8,1,Clientes nuevos
3118,16602.0,36,1,528.08,1,Clientes nuevos
3119,16603.0,75,2,482.47,1,Clientes nuevos
3120,16607.0,18,14,3347.71,2,Clientes VIP
3121,16609.0,15,7,5493.46,2,Clientes VIP
3122,16610.0,219,1,75.66,0,Clientes dormidos
3123,16611.0,186,1,129.49,0,Clientes dormidos
3124,16612.0,33,4,1187.66,1,Clientes nuevos
3125,16613.0,70,1,618.59,1,Clientes nuevos
3126,16614.0,183,1,506.19,0,Clientes dormidos
3127,16616.0,15,2,500.42,1,Clientes nuevos
3128,16617.0,236,1,151.85,0,Clientes dormidos
3129,16618.0,31,5,2647.59,1,Clientes nuevos
3130,16619.0,264,1,226.21,0,Clientes dormidos
3131,16620.0,4,2,178.96,1,Clientes nuevos
3132,16621.0,52,4,813.48,1,Clientes nuevos
3133,16623.0,246,1,129.45,0,Clientes dormidos
3134,16624.0,81,2,810.5699999999999,1,Clientes nuevos
3135,16625.0,275,1,333.08,0,Clientes dormidos
3136,16626.0,1,17,4413.1,2,Clientes VIP
3137,16627.0,79,1,322.8,1,Clientes nuevos
3138,16628.0,30,5,2188.05,1,Clientes nuevos
3139,16629.0,74,2,417.73,1,Clientes nuevos
3140,16633.0,17,6,2883.1,1,Clientes nuevos
3141,16634.0,223,2,217.9,0,Clientes dormidos
3142,16637.0,32,4,1154.47,1,Clientes nuevos
3143,16638.0,23,10,1680.72,1,Clientes nuevos
3144,16639.0,31,3,1257.51,1,Clientes nuevos
3145,16641.0,106,1,231.1,1,Clientes nuevos
3146,16642.0,5,2,688.33,1,Clientes nuevos
3147,16643.0,246,1,487.51,0,Clientes dormidos
3148,16644.0,178,2,833.78,0,Clientes dormidos
3149,16647.0,170,2,214.06,0,Clientes dormidos
3150,16648.0,43,1,290.65999999999997,1,Clientes nuevos
3151,16650.0,72,1,518.42,1,Clientes nuevos
3152,16652.0,59,7,6773.97,2,Clientes VIP
3153,16653.0,16,2,1212.66,1,Clientes nuevos
3154,16654.0,141,4,601.27,1,Clientes nuevos
3155,16655.0,18,6,3794.52,2,Clientes VIP
3156,16656.0,22,15,8625.8,2,Clientes VIP
3157,16657.0,10,4,933.62,1,Clientes nuevos
3158,16658.0,368,1,123.24,0,Clientes dormidos
3160,16660.0,16,4,1267.65,1,Clientes nuevos
3161,16665.0,362,1,135.39999999999998,0,Clientes dormidos
3162,16666.0,19,1,118.98,1,Clientes nuevos
3163,16667.0,68,2,570.13,1,Clientes nuevos
3164,16668.0,15,6,306.71999999999997,1,Clientes nuevos
3165,16669.0,24,3,1374.87,1,Clientes nuevos
3166,16670.0,17,11,4095.9,2,Clientes VIP
3167,16671.0,28,3,1692.27,1,Clientes nuevos
3168,16672.0,2,20,8134.94,2,Clientes VIP
3169,16674.0,55,2,319.61,1,Clientes nuevos
3170,16676.0,34,4,1592.12,1,Clientes nuevos
3171,16678.0,3,12,3109.99,2,Clientes VIP
3172,16679.0,366,1,129.75,0,Clientes dormidos
3173,16680.0,43,1,183.7,1,Clientes nuevos
3174,16681.0,73,6,1770.34,1,Clientes nuevos
3175,16682.0,5,5,1028.0,1,Clientes nuevos
3177,16685.0,61,2,324.24,1,Clientes nuevos
3178,16686.0,47,7,3062.83,1,Clientes nuevos
3179,16688.0,1,4,1260.86,1,Clientes nuevos
3180,16689.0,76,2,422.6,1,Clientes nuevos
3181,16690.0,72,2,225.58,1,Clientes nuevos
3182,16692.0,256,2,1276.0,0,Clientes dormidos
3183,16693.0,69,2,482.01,1,Clientes nuevos
3184,16696.0,135,4,657.9000000000001,1,Clientes nuevos
3185,16697.0,241,1,112.75,0,Clientes dormidos
3186,16698.0,227,2,1998.0,0,Clientes dormidos
3187,16700.0,9,13,5076.55,2,Clientes VIP
3188,16701.0,9,13,5398.3,2,Clientes VIP
3190,16706.0,37,3,531.35,1,Clientes nuevos
3191,16708.0,46,1,656.63,1,Clientes nuevos
3192,16709.0,85,5,3029.87,1,Clientes nuevos
3193,16710.0,19,10,2483.04,2,Clientes VIP
3194,16711.0,3,5,1651.03,1,Clientes nuevos
3195,16712.0,9,11,3645.43,2,Clientes VIP
3196,16713.0,19,15,6923.13,2,Clientes VIP
3197,16714.0,219,3,1161.53,0,Clientes dormidos
3198,16715.0,78,1,301.71999999999997,1,Clientes nuevos
3199,16716.0,267,2,901.2,0,Clientes dormidos
3200,16717.0,24,6,3858.38,2,Clientes VIP
3201,16718.0,369,1,623.75,0,Clientes dormidos
3202,16719.0,15,7,1790.42,1,Clientes nuevos
3203,16720.0,26,1,155.24,1,Clientes nuevos
3204,16721.0,262,1,292.47,0,Clientes dormidos
3205,16722.0,17,13,4730.81,2,Clientes VIP
3206,16723.0,91,2,589.15,1,Clientes nuevos
3207,16725.0,302,7,781.02,0,Clientes dormidos
3208,16726.0,26,5,1382.02,1,Clientes nuevos
3209,16727.0,364,1,272.82,0,Clientes dormidos
3210,16728.0,46,4,1054.67,1,Clientes nuevos
3211,16729.0,38,21,7239.92,2,Clientes VIP
3212,16730.0,52,3,743.11,1,Clientes nuevos
3213,16732.0,32,1,603.75,1,Clientes nuevos
3214,16734.0,52,3,650.51,1,Clientes nuevos
3215,16735.0,79,5,2300.56,1,Clientes nuevos
3216,16737.0,53,1,417.6,1,Clientes nuevos
3218,16739.0,177,1,323.0,0,Clientes dormidos
3219,16742.0,47,1,464.9,1,Clientes nuevos
3220,16743.0,29,7,2238.09,1,Clientes nuevos
3221,16744.0,11,7,1304.76,1,Clientes nuevos
3222,16745.0,87,17,7194.3,2,Clientes VIP
3223,16746.0,5,18,6697.66,2,Clientes VIP
3224,16747.0,38,2,836.06,1,Clientes nuevos
3225,16748.0,18,5,1515.9,1,Clientes nuevos
3226,16750.0,45,5,623.93,1,Clientes nuevos
3227,16751.0,31,1,1764.72,1,Clientes nuevos
3229,16753.0,58,1,223.92,1,Clientes nuevos
3231,16755.0,114,3,1496.83,1,Clientes nuevos
3232,16756.0,215,1,239.4,0,Clientes dormidos
3233,16757.0,319,1,106.83,0,Clientes dormidos
3234,16758.0,65,1,369.34,1,Clientes nuevos
3235,16759.0,8,3,789.79,1,Clientes nuevos
3236,16761.0,97,1,316.62,1,Clientes nuevos
3237,16762.0,20,3,1501.38,1,Clientes nuevos
3238,16763.0,199,1,611.85,0,Clientes dormidos
3239,16764.0,4,13,2799.25,2,Clientes VIP
3241,16766.0,273,2,1145.6,0,Clientes dormidos
3242,16767.0,31,11,5580.6,2,Clientes VIP
3243,16768.0,48,3,478.09,1,Clientes nuevos
3244,16769.0,260,1,380.39,0,Clientes dormidos
3245,16770.0,58,5,770.1,1,Clientes nuevos
3246,16771.0,33,5,2246.81,1,Clientes nuevos
3247,16773.0,57,1,171.59,1,Clientes nuevos
3248,16774.0,68,4,661.52,1,Clientes nuevos
3249,16775.0,10,11,1695.66,2,Clientes VIP
3250,16776.0,60,1,388.28,1,Clientes nuevos
3251,16777.0,80,2,226.35,1,Clientes nuevos
3252,16778.0,74,2,245.94,1,Clientes nuevos
3253,16779.0,2,22,10629.72,2,Clientes VIP
3254,16780.0,100,2,425.19,1,Clientes nuevos
3256,16782.0,10,13,2279.9,2,Clientes VIP
3257,16784.0,20,1,107.6,1,Clientes nuevos
3258,16788.0,123,2,597.48,1,Clientes nuevos
3259,16789.0,8,1,80.8,1,Clientes nuevos
3260,16790.0,4,6,1545.62,1,Clientes nuevos
3261,16791.0,29,7,1721.78,1,Clientes nuevos
3262,16792.0,282,2,110.38,0,Clientes dormidos
3263,16793.0,57,1,243.84,1,Clientes nuevos
3264,16794.0,1,10,1222.71,1,Clientes nuevos
3265,16795.0,365,1,414.88,0,Clientes dormidos
3266,16796.0,89,1,305.62,1,Clientes nuevos
3267,16800.0,11,1,1201.49,1,Clientes nuevos
3268,16801.0,163,4,1619.73,0,Clientes dormidos
3269,16803.0,65,1,332.3,1,Clientes nuevos
3270,16804.0,23,3,536.99,1,Clientes nuevos
3271,16805.0,174,2,460.59,0,Clientes dormidos
3272,16806.0,103,4,801.49,1,Clientes nuevos
3273,16807.0,143,3,1121.59,1,Clientes nuevos
3274,16808.0,99,2,288.42,1,Clientes nuevos
3275,16809.0,23,5,914.69,1,Clientes nuevos
3276,16810.0,192,1,309.54,0,Clientes dormidos
3277,16811.0,5,2,547.07,1,Clientes nuevos
3278,16812.0,361,1,479.35,0,Clientes dormidos
3279,16813.0,8,10,1692.98,1,Clientes nuevos
3280,16814.0,14,21,6509.1,2,Clientes VIP
3281,16816.0,103,4,417.06,1,Clientes nuevos
3282,16817.0,3,9,1604.75,1,Clientes nuevos
3283,16818.0,11,11,3349.57,2,Clientes VIP
3284,16820.0,96,1,497.61,1,Clientes nuevos
3285,16823.0,227,1,358.38,0,Clientes dormidos
3286,16824.0,16,2,460.64,1,Clientes nuevos
3287,16825.0,39,2,775.1800000000001,1,Clientes nuevos
3288,16826.0,51,1,341.7,1,Clientes nuevos
3289,16828.0,93,2,128.5,1,Clientes nuevos
3290,16829.0,157,1,197.22,0,Clientes dormidos
3291,16830.0,39,1,325.91,1,Clientes nuevos
3292,16832.0,184,3,199.15,0,Clientes dormidos
3293,16833.0,1,4,1106.53,1,Clientes nuevos
3294,16834.0,228,1,413.46,0,Clientes dormidos
3295,16835.0,128,2,180.85,1,Clientes nuevos
3296,16836.0,40,2,251.87,1,Clientes nuevos
3297,16837.0,31,11,3170.98,2,Clientes VIP
3298,16838.0,197,2,588.85,0,Clientes dormidos
3300,16841.0,37,6,1869.82,1,Clientes nuevos
3301,16842.0,101,3,1264.19,1,Clientes nuevos
3302,16843.0,43,16,10196.57,2,Clientes VIP
3303,16846.0,50,1,214.32,1,Clientes nuevos
3304,16847.0,43,1,193.44,1,Clientes nuevos
3305,16848.0,53,1,281.42,1,Clientes nuevos
3306,16849.0,187,1,124.57,0,Clientes dormidos
3307,16850.0,334,1,332.41,0,Clientes dormidos
3308,16851.0,4,3,342.45,1,Clientes nuevos
3309,16852.0,10,2,144.91000000000005,1,Clientes nuevos
3310,16855.0,24,2,328.4,1,Clientes nuevos
3312,16858.0,369,1,375.69000000000005,0,Clientes dormidos
3313,16859.0,145,2,747.81,0,Clientes dormidos
3314,16861.0,60,2,173.76,1,Clientes nuevos
3315,16863.0,31,2,502.8,1,Clientes nuevos
3316,16866.0,141,3,207.74,1,Clientes nuevos
3317,16869.0,23,4,825.42,1,Clientes nuevos
3318,16871.0,22,6,2812.34,1,Clientes nuevos
3319,16872.0,77,3,680.02,1,Clientes nuevos
3320,16873.0,5,6,7123.62,2,Clientes VIP
3321,16875.0,67,5,2095.53,1,Clientes nuevos
3322,16877.0,12,6,853.72,1,Clientes nuevos
3324,16880.0,31,7,1519.08,1,Clientes nuevos
3325,16881.0,67,1,432.0,1,Clientes nuevos
3326,16882.0,67,3,705.12,1,Clientes nuevos
3327,16883.0,187,2,276.73,0,Clientes dormidos
3328,16884.0,38,2,429.84,1,Clientes nuevos
3329,16885.0,15,3,471.51,1,Clientes nuevos
3330,16887.0,35,1,194.88,1,Clientes nuevos
3331,16889.0,195,3,1578.67,0,Clientes dormidos
3332,16891.0,2,5,809.7,1,Clientes nuevos
3333,16892.0,1,5,525.54,1,Clientes nuevos
3334,16893.0,367,1,145.93,0,Clientes dormidos
3335,16895.0,65,1,219.14,1,Clientes nuevos
3336,16897.0,299,2,289.78,0,Clientes dormidos
3337,16898.0,26,3,508.81,1,Clientes nuevos
3338,16899.0,8,6,1281.56,1,Clientes nuevos
3339,16900.0,17,3,887.11,1,Clientes nuevos
3340,16902.0,116,1,1706.88,1,Clientes nuevos
3341,16903.0,29,1,373.24,1,Clientes nuevos
3342,16904.0,4,16,3754.27,2,Clientes VIP
3343,16905.0,5,7,3102.43,1,Clientes nuevos
3344,16906.0,82,4,579.77,1,Clientes nuevos
3345,16907.0,29,5,981.65,1,Clientes nuevos
3346,16909.0,72,1,379.14,1,Clientes nuevos
3347,16910.0,4,8,1510.06,1,Clientes nuevos
3348,16912.0,29,11,2575.38,2,Clientes VIP
3349,16913.0,290,1,113.44,0,Clientes dormidos
3350,16914.0,36,1,208.46,1,Clientes nuevos
3351,16915.0,9,6,621.6800000000001,1,Clientes nuevos
3352,16916.0,24,2,576.26,1,Clientes nuevos
3353,16917.0,277,1,391.52,0,Clientes dormidos
3354,16918.0,50,6,1068.82,1,Clientes nuevos
3355,16919.0,156,11,2596.45,2,Clientes VIP
3356,16921.0,61,1,169.79,1,Clientes nuevos
3357,16923.0,12,19,7247.61,2,Clientes VIP
3358,16924.0,21,3,846.75,1,Clientes nuevos
3360,16927.0,116,3,543.05,1,Clientes nuevos
3361,16928.0,80,17,2847.6,2,Clientes VIP
3362,16929.0,4,7,1295.39,1,Clientes nuevos
3363,16930.0,26,3,380.55,1,Clientes nuevos
3364,16931.0,5,21,4604.22,2,Clientes VIP
3365,16932.0,53,1,161.94,1,Clientes nuevos
3366,16933.0,1,2,563.23,1,Clientes nuevos
3367,16934.0,55,2,950.93,1,Clientes nuevos
3368,16936.0,26,1,262.68,1,Clientes nuevos
3369,16938.0,9,4,2736.38,1,Clientes nuevos
3370,16940.0,52,3,3049.88,1,Clientes nuevos
3371,16942.0,13,9,1920.59,1,Clientes nuevos
3372,16943.0,212,3,816.73,0,Clientes dormidos
3373,16945.0,22,19,4345.5,2,Clientes VIP
3374,16947.0,236,1,406.48,0,Clientes dormidos
3375,16948.0,139,3,435.02,1,Clientes nuevos
3376,16949.0,4,6,1286.27,1,Clientes nuevos
3377,16950.0,57,3,1178.56,1,Clientes nuevos
3378,16951.0,135,3,1277.75,1,Clientes nuevos
3379,16952.0,109,2,167.61,1,Clientes nuevos
3381,16954.0,1,9,2085.08,1,Clientes nuevos
3382,16955.0,185,4,518.67,0,Clientes dormidos
3383,16956.0,18,1,308.74,1,Clientes nuevos
3384,16957.0,239,2,416.64,0,Clientes dormidos
3385,16959.0,87,1,117.35,1,Clientes nuevos
3386,16960.0,39,3,507.05,1,Clientes nuevos
3387,16961.0,116,1,234.17,1,Clientes nuevos
3388,16963.0,187,1,110.55,0,Clientes dormidos
3389,16965.0,227,1,201.19,0,Clientes dormidos
3390,16966.0,8,7,2154.97,1,Clientes nuevos
3391,16967.0,189,1,319.02,0,Clientes dormidos
3392,16968.0,4,2,439.43,1,Clientes nuevos
3393,16969.0,39,3,650.41,1,Clientes nuevos
3394,16971.0,38,1,357.21,1,Clientes nuevos
3395,16976.0,267,1,251.52,0,Clientes dormidos
3396,16978.0,78,1,344.33,1,Clientes nuevos
3397,16979.0,4,6,1852.0,1,Clientes nuevos
3398,16980.0,255,2,1078.96,0,Clientes dormidos
3399,16982.0,61,1,384.06,1,Clientes nuevos
3400,16983.0,13,7,1931.25,1,Clientes nuevos
3401,16984.0,88,2,4481.35,1,Clientes nuevos
3402,16985.0,17,10,5464.12,2,Clientes VIP
3403,16986.0,30,2,1873.2,1,Clientes nuevos
3404,16987.0,3,7,1625.05,1,Clientes nuevos
3405,16988.0,5,1,126.12,1,Clientes nuevos
3406,16989.0,7,6,1133.25,1,Clientes nuevos
3407,16990.0,219,1,179.0,0,Clientes dormidos
3408,16992.0,11,5,1614.31,1,Clientes nuevos
3409,16996.0,30,6,1456.96,1,Clientes nuevos
3410,16997.0,288,3,702.0,0,Clientes dormidos
3411,16998.0,150,4,295.0,0,Clientes dormidos
3412,16999.0,23,2,484.82,1,Clientes nuevos
3413,17001.0,1,11,3989.57,2,Clientes VIP
3414,17002.0,86,3,1493.73,1,Clientes nuevos
3415,17004.0,46,2,1412.94,1,Clientes nuevos
3416,17006.0,5,4,781.78,1,Clientes nuevos
3417,17007.0,51,6,889.9300000000001,1,Clientes nuevos
3418,17010.0,18,1,195.36,1,Clientes nuevos
3419,17011.0,30,1,270.9,1,Clientes nuevos
3420,17014.0,8,3,586.33,1,Clientes nuevos
3421,17015.0,29,3,1842.56,1,Clientes nuevos
3422,17017.0,3,20,8694.26,2,Clientes VIP
3423,17018.0,41,2,920.1,1,Clientes nuevos
3424,17019.0,11,4,1272.61,1,Clientes nuevos
3425,17022.0,31,1,71.0,1,Clientes nuevos
3426,17024.0,45,3,95.85,1,Clientes nuevos
3427,17025.0,61,3,357.77,1,Clientes nuevos
3428,17026.0,185,2,154.82999999999998,0,Clientes dormidos
3429,17027.0,79,6,890.29,1,Clientes nuevos
3430,17029.0,111,2,716.0,1,Clientes nuevos
3431,17030.0,64,1,146.87,1,Clientes nuevos
3432,17031.0,12,2,380.35,1,Clientes nuevos
3433,17033.0,86,3,1030.14,1,Clientes nuevos
3434,17034.0,16,3,745.52,1,Clientes nuevos
3435,17035.0,246,2,433.53,0,Clientes dormidos
3436,17037.0,88,1,1267.32,1,Clientes nuevos
3437,17038.0,30,1,112.4,1,Clientes nuevos
3438,17040.0,138,1,449.73,0,Clientes dormidos
3439,17041.0,27,3,1081.57,1,Clientes nuevos
3440,17042.0,3,5,1044.38,1,Clientes nuevos
3441,17043.0,32,4,1735.18,1,Clientes nuevos
3442,17044.0,25,1,948.48,1,Clientes nuevos
3443,17045.0,113,3,339.44,1,Clientes nuevos
3444,17046.0,157,1,642.02,0,Clientes dormidos
3445,17047.0,85,3,1100.9,1,Clientes nuevos
3446,17048.0,118,3,925.35,1,Clientes nuevos
3447,17049.0,3,9,5659.9800000000005,2,Clientes VIP
3448,17050.0,96,6,3228.84,1,Clientes nuevos
3449,17051.0,194,1,247.14,0,Clientes dormidos
3450,17052.0,28,1,413.75,1,Clientes nuevos
3451,17053.0,131,1,498.48,1,Clientes nuevos
3452,17054.0,28,5,1356.33,1,Clientes nuevos
3453,17058.0,82,3,1179.89,1,Clientes nuevos
3454,17059.0,30,5,3095.04,1,Clientes nuevos
3455,17060.0,266,1,234.24,0,Clientes dormidos
3456,17061.0,74,11,5232.2300000000005,2,Clientes VIP
3457,17062.0,314,4,538.37,0,Clientes dormidos
3458,17063.0,21,7,1461.14,1,Clientes nuevos
3459,17064.0,59,3,859.35,1,Clientes nuevos
3460,17068.0,12,21,4552.14,2,Clientes VIP
3461,17069.0,28,9,2709.7000000000003,2,Clientes VIP
3462,17070.0,114,1,312.14,1,Clientes nuevos
3463,17071.0,28,9,2429.03,1,Clientes nuevos
3464,17073.0,18,4,1446.09,1,Clientes nuevos
3465,17075.0,18,4,834.12,1,Clientes nuevos
3466,17076.0,36,3,841.0799999999999,1,Clientes nuevos
3467,17078.0,36,2,378.2,1,Clientes nuevos
3468,17079.0,78,1,118.8,1,Clientes nuevos
3469,17080.0,22,2,287.62,1,Clientes nuevos
3470,17081.0,25,2,290.16,1,Clientes nuevos
3471,17082.0,33,2,2003.85,1,Clientes nuevos
3472,17083.0,109,3,1405.78,1,Clientes nuevos
3473,17084.0,35,2,2949.75,1,Clientes nuevos
3474,17085.0,123,5,1566.65,1,Clientes nuevos
3475,17086.0,7,6,2050.08,1,Clientes nuevos
3476,17088.0,28,4,1991.01,1,Clientes nuevos
3477,17090.0,4,7,2043.95,1,Clientes nuevos
3478,17091.0,3,9,3827.76,2,Clientes VIP
3479,17092.0,50,4,1777.78,1,Clientes nuevos
3480,17094.0,322,1,302.0,0,Clientes dormidos
3481,17095.0,23,3,1324.16,1,Clientes nuevos
3482,17096.0,15,4,1022.13,1,Clientes nuevos
3483,17097.0,2,8,954.42,1,Clientes nuevos
3484,17100.0,18,2,971.74,1,Clientes nuevos
3485,17101.0,10,4,1621.73,1,Clientes nuevos
3487,17105.0,159,2,665.78,0,Clientes dormidos
3488,17107.0,33,6,10815.43,2,Clientes VIP
3489,17109.0,29,6,885.04,1,Clientes nuevos
3490,17110.0,165,1,163.29999999999998,0,Clientes dormidos
3491,17111.0,47,1,248.61,1,Clientes nuevos
3492,17114.0,6,8,808.62,1,Clientes nuevos
3493,17115.0,8,3,837.5,1,Clientes nuevos
3494,17117.0,288,1,116.2,0,Clientes dormidos
3495,17118.0,318,1,157.02,0,Clientes dormidos
3496,17119.0,3,2,606.91,1,Clientes nuevos
3497,17120.0,233,1,307.46,0,Clientes dormidos
3498,17122.0,119,1,138.32,1,Clientes nuevos
3499,17123.0,162,1,345.29999999999995,0,Clientes dormidos
3500,17124.0,185,1,298.89,0,Clientes dormidos
3501,17125.0,50,1,259.35,1,Clientes nuevos
3502,17126.0,152,5,1004.75,1,Clientes nuevos
3503,17128.0,335,1,157.09,0,Clientes dormidos
3504,17131.0,5,5,2463.17,1,Clientes nuevos
3505,17133.0,16,7,4892.240000000001,2,Clientes VIP
3506,17134.0,107,2,425.0,1,Clientes nuevos
3507,17135.0,16,7,1139.73,1,Clientes nuevos
3508,17138.0,276,1,380.5,0,Clientes dormidos
3509,17139.0,16,12,10668.47,2,Clientes VIP
3510,17140.0,247,1,465.32,0,Clientes dormidos
3511,17142.0,239,1,579.0,0,Clientes dormidos
3512,17144.0,1,2,984.57,1,Clientes nuevos
3513,17146.0,106,3,749.78,1,Clientes nuevos
3514,17147.0,23,4,1714.59,1,Clientes nuevos
3515,17148.0,52,1,124.88,1,Clientes nuevos
3516,17152.0,195,3,1689.5,0,Clientes dormidos
3517,17153.0,24,1,213.78,1,Clientes nuevos
3518,17154.0,75,1,329.34,1,Clientes nuevos
3519,17155.0,18,2,251.7,1,Clientes nuevos
3520,17157.0,8,2,319.0,1,Clientes nuevos
3521,17158.0,32,3,1266.97,1,Clientes nuevos
3522,17159.0,22,3,1538.88,1,Clientes nuevos
3523,17160.0,31,6,3518.03,1,Clientes nuevos
3524,17162.0,29,10,1715.46,1,Clientes nuevos
3525,17163.0,22,2,293.1,1,Clientes nuevos
3526,17164.0,33,7,2467.35,1,Clientes nuevos
3527,17165.0,284,1,158.68,0,Clientes dormidos
3528,17166.0,39,2,206.34,1,Clientes nuevos
3529,17169.0,58,2,835.78,1,Clientes nuevos
3530,17171.0,289,1,224.91,0,Clientes dormidos
3531,17172.0,79,1,317.76,1,Clientes nuevos
3532,17173.0,5,8,3766.6,2,Clientes VIP
3533,17174.0,218,1,59.9,0,Clientes dormidos
3534,17175.0,44,4,1443.69,1,Clientes nuevos
3535,17176.0,202,1,306.13,0,Clientes dormidos
3536,17179.0,178,3,711.79,0,Clientes dormidos
3537,17180.0,56,4,796.03,1,Clientes nuevos
3538,17181.0,57,2,239.92,1,Clientes nuevos
3539,17183.0,8,6,3347.31,1,Clientes nuevos
3540,17186.0,47,2,144.0,1,Clientes nuevos
3541,17187.0,227,1,203.95,0,Clientes dormidos
3542,17188.0,11,7,2474.23,1,Clientes nuevos
3543,17189.0,106,2,384.4,1,Clientes nuevos
3544,17190.0,59,2,444.74,1,Clientes nuevos
3545,17191.0,28,7,2095.13,1,Clientes nuevos
3546,17193.0,36,7,1699.3000000000002,1,Clientes nuevos
3547,17194.0,274,2,262.62,0,Clientes dormidos
3548,17197.0,30,1,1013.01,1,Clientes nuevos
3549,17198.0,24,3,692.22,1,Clientes nuevos
3550,17201.0,54,1,342.63,1,Clientes nuevos
3551,17203.0,36,6,3563.85,1,Clientes nuevos
3552,17204.0,175,4,1564.56,0,Clientes dormidos
3553,17205.0,54,1,384.08,1,Clientes nuevos
3554,17206.0,53,1,204.24,1,Clientes nuevos
3555,17211.0,27,8,2317.2200000000003,1,Clientes nuevos
3556,17212.0,253,1,226.85,0,Clientes dormidos
3557,17213.0,40,7,2781.23,1,Clientes nuevos
3558,17214.0,60,6,1069.12,1,Clientes nuevos
3559,17217.0,234,1,113.5,0,Clientes dormidos
3560,17218.0,4,10,1960.72,1,Clientes nuevos
3561,17219.0,32,1,114.23,1,Clientes nuevos
3562,17220.0,24,14,3198.25,2,Clientes VIP
3563,17221.0,7,2,335.13,1,Clientes nuevos
3564,17222.0,65,1,354.15,1,Clientes nuevos
3565,17223.0,310,2,426.79,0,Clientes dormidos
3566,17226.0,309,1,393.49,0,Clientes dormidos
3567,17227.0,19,6,939.32,1,Clientes nuevos
3568,17228.0,16,8,1906.09,1,Clientes nuevos
3569,17229.0,96,2,318.76,1,Clientes nuevos
3570,17230.0,264,8,3638.41,0,Clientes dormidos
3571,17231.0,12,10,3174.32,2,Clientes VIP
3572,17232.0,3,2,421.52,1,Clientes nuevos
3573,17233.0,35,1,190.88,1,Clientes nuevos
3574,17234.0,183,1,149.89,0,Clientes dormidos
3575,17235.0,25,2,550.06,1,Clientes nuevos
3576,17236.0,13,6,916.13,1,Clientes nuevos
3577,17237.0,11,2,314.69,1,Clientes nuevos
3578,17238.0,3,17,3744.65,2,Clientes VIP
3579,17239.0,313,1,382.5,0,Clientes dormidos
3580,17242.0,108,2,1135.04,1,Clientes nuevos
3581,17243.0,1,26,8676.85,2,Clientes VIP
3582,17244.0,53,1,954.9,1,Clientes nuevos
3583,17245.0,205,1,171.45,0,Clientes dormidos
3584,17247.0,15,1,282.19,1,Clientes nuevos
3585,17248.0,120,1,318.65,1,Clientes nuevos
3586,17250.0,4,2,384.52,1,Clientes nuevos
3587,17251.0,363,1,283.28000000000003,0,Clientes dormidos
3588,17252.0,117,2,353.86,1,Clientes nuevos
3589,17253.0,18,1,178.26,1,Clientes nuevos
3590,17254.0,5,2,272.44,1,Clientes nuevos
3591,17255.0,41,2,298.41,1,Clientes nuevos
3592,17256.0,107,2,240.0,1,Clientes nuevos
3593,17259.0,148,2,603.37,0,Clientes dormidos
3594,17262.0,52,5,1253.36,1,Clientes nuevos
3595,17263.0,208,1,63.440000000000005,0,Clientes dormidos
3596,17265.0,139,2,562.9,1,Clientes nuevos
3597,17266.0,2,3,310.64,1,Clientes nuevos
3598,17267.0,127,2,317.62,1,Clientes nuevos
3599,17268.0,108,4,763.64,1,Clientes nuevos
3600,17272.0,42,4,2148.63,1,Clientes nuevos
3601,17274.0,35,1,111.98,1,Clientes nuevos
3602,17277.0,228,2,1065.35,0,Clientes dormidos
3603,17278.0,241,1,246.04,0,Clientes dormidos
3604,17279.0,58,1,187.83,1,Clientes nuevos
3605,17282.0,130,3,1703.41,1,Clientes nuevos
3606,17284.0,60,6,1652.58,1,Clientes nuevos
3607,17286.0,22,1,153.92,1,Clientes nuevos
3608,17287.0,26,7,1064.11,1,Clientes nuevos
3609,17288.0,9,7,1419.73,1,Clientes nuevos
3610,17289.0,32,3,944.41,1,Clientes nuevos
3611,17290.0,4,2,525.24,1,Clientes nuevos
3612,17291.0,308,1,550.8000000000001,0,Clientes dormidos
3613,17293.0,8,9,1875.11,1,Clientes nuevos
3614,17295.0,29,3,556.95,1,Clientes nuevos
3615,17297.0,17,1,131.78,1,Clientes nuevos
3616,17298.0,101,2,498.42,1,Clientes nuevos
3617,17299.0,12,4,669.11,1,Clientes nuevos
3618,17301.0,21,1,197.63,1,Clientes nuevos
3619,17302.0,15,5,1135.63,1,Clientes nuevos
3620,17303.0,361,1,250.04,0,Clientes dormidos
3621,17306.0,11,19,8631.31,2,Clientes VIP
3622,17309.0,95,1,82.75,1,Clientes nuevos
3623,17311.0,78,2,1384.85,1,Clientes nuevos
3624,17312.0,139,3,644.3,1,Clientes nuevos
3625,17313.0,31,1,2328.84,1,Clientes nuevos
3626,17314.0,25,8,2527.92,1,Clientes nuevos
3628,17317.0,46,3,2600.34,1,Clientes nuevos
3629,17320.0,100,3,1200.62,1,Clientes nuevos
3630,17321.0,8,2,700.86,1,Clientes nuevos
3631,17323.0,15,7,921.07,1,Clientes nuevos
3632,17324.0,18,4,990.23,1,Clientes nuevos
3633,17325.0,280,1,96.8,0,Clientes dormidos
3634,17329.0,14,2,523.11,1,Clientes nuevos
3635,17330.0,23,2,363.9,1,Clientes nuevos
3636,17331.0,124,1,175.2,1,Clientes nuevos
3637,17333.0,86,1,494.25,1,Clientes nuevos
3638,17334.0,302,2,307.02,0,Clientes dormidos
3639,17337.0,151,4,2027.87,1,Clientes nuevos
3640,17338.0,17,8,6643.93,2,Clientes VIP
3641,17339.0,94,2,243.36,1,Clientes nuevos
3642,17340.0,30,11,12353.29,2,Clientes VIP
3643,17341.0,157,3,781.36,0,Clientes dormidos
3644,17343.0,355,1,193.64,0,Clientes dormidos
3645,17344.0,46,1,160.57,1,Clientes nuevos
3646,17345.0,15,4,537.74,1,Clientes nuevos
3647,17346.0,4,15,2676.56,2,Clientes VIP
3648,17347.0,86,1,228.96,1,Clientes nuevos
3649,17348.0,15,5,1159.52,1,Clientes nuevos
3650,17349.0,179,1,110.75,0,Clientes dormidos
3651,17350.0,8,4,1286.07,1,Clientes nuevos
3652,17351.0,36,3,587.15,1,Clientes nuevos
3653,17353.0,129,2,1740.0,1,Clientes nuevos
3654,17354.0,51,1,1393.06,1,Clientes nuevos
3655,17356.0,312,1,178.22,0,Clientes dormidos
3656,17357.0,24,2,388.14,1,Clientes nuevos
3657,17358.0,303,2,365.85,0,Clientes dormidos
3658,17359.0,11,1,127.86,1,Clientes nuevos
3659,17360.0,17,3,585.79,1,Clientes nuevos
3660,17361.0,49,3,488.2,1,Clientes nuevos
3661,17362.0,239,2,312.23,0,Clientes dormidos
3662,17364.0,1,11,4481.18,2,Clientes VIP
3663,17365.0,13,8,4801.56,2,Clientes VIP
3664,17367.0,238,1,168.4,0,Clientes dormidos
3665,17368.0,23,8,1912.67,1,Clientes nuevos
3666,17370.0,73,4,446.18,1,Clientes nuevos
3667,17371.0,17,3,423.89,1,Clientes nuevos
3668,17372.0,41,8,1342.68,1,Clientes nuevos
3669,17373.0,40,4,646.92,1,Clientes nuevos
3670,17374.0,219,2,495.77,0,Clientes dormidos
3671,17375.0,199,3,400.1,0,Clientes dormidos
3672,17376.0,71,2,203.2,1,Clientes nuevos
3673,17377.0,24,20,4100.92,2,Clientes VIP
3674,17379.0,11,1,404.66,1,Clientes nuevos
3676,17382.0,65,1,65.4,1,Clientes nuevos
3677,17383.0,4,1,199.29,1,Clientes nuevos
3678,17384.0,19,2,336.4,1,Clientes nuevos
3679,17385.0,15,1,261.11,1,Clientes nuevos
3680,17386.0,8,6,2686.42,1,Clientes nuevos
3681,17387.0,20,2,784.11,1,Clientes nuevos
3682,17388.0,78,4,1259.56,1,Clientes nuevos
3684,17391.0,164,2,508.8,0,Clientes dormidos
3685,17392.0,307,2,457.91,0,Clientes dormidos
3686,17394.0,219,1,203.87,0,Clientes dormidos
3687,17396.0,39,8,7330.8,2,Clientes VIP
3688,17397.0,22,2,696.41,1,Clientes nuevos
3689,17398.0,115,3,653.38,1,Clientes nuevos
3690,17400.0,126,5,2129.96,1,Clientes nuevos
3691,17402.0,5,13,2633.85,2,Clientes VIP
3692,17403.0,36,1,281.62,1,Clientes nuevos
3694,17405.0,1,3,1031.41,1,Clientes nuevos
3695,17406.0,333,3,2200.42,0,Clientes dormidos
3697,17409.0,185,2,771.85,0,Clientes dormidos
3698,17410.0,16,5,1214.72,1,Clientes nuevos
3699,17411.0,12,3,778.94,1,Clientes nuevos
3700,17412.0,3,7,1258.06,1,Clientes nuevos
3701,17414.0,44,2,778.0,1,Clientes nuevos
3702,17415.0,80,1,507.84,1,Clientes nuevos
3703,17416.0,30,7,6893.42,2,Clientes VIP
3704,17418.0,42,2,463.46,1,Clientes nuevos
3705,17419.0,11,12,4226.57,2,Clientes VIP
3706,17420.0,50,3,598.83,1,Clientes nuevos
3707,17422.0,16,6,1979.37,1,Clientes nuevos
3708,17423.0,46,2,698.41,1,Clientes nuevos
3709,17425.0,19,2,759.17,1,Clientes nuevos
3710,17426.0,8,6,5037.26,2,Clientes VIP
3711,17427.0,72,1,100.8,1,Clientes nuevos
3713,17429.0,128,3,524.9200000000001,1,Clientes nuevos
3714,17430.0,33,2,265.76,1,Clientes nuevos
3715,17431.0,313,1,403.3,0,Clientes dormidos
3716,17432.0,18,2,365.76,1,Clientes nuevos
3717,17433.0,88,1,303.15999999999997,1,Clientes nuevos
3718,17434.0,2,7,2373.82,1,Clientes nuevos
3719,17436.0,2,2,216.3,1,Clientes nuevos
3720,17438.0,254,1,388.4500000000001,0,Clientes dormidos
3721,17440.0,157,3,186.42,0,Clientes dormidos
3722,17442.0,37,6,2248.56,1,Clientes nuevos
3723,17443.0,220,1,534.24,0,Clientes dormidos
3724,17444.0,148,3,2940.04,1,Clientes nuevos
3725,17446.0,177,2,120.9,0,Clientes dormidos
3726,17447.0,40,2,541.53,1,Clientes nuevos
3727,17449.0,2,7,2520.86,1,Clientes nuevos
3729,17451.0,1,7,1721.4,1,Clientes nuevos
3730,17453.0,18,2,486.72,1,Clientes nuevos
3731,17454.0,192,4,517.53,0,Clientes dormidos
3732,17455.0,204,1,131.7,0,Clientes dormidos
3733,17456.0,365,1,249.86,0,Clientes dormidos
3734,17457.0,127,5,1737.7,1,Clientes nuevos
3735,17458.0,15,1,316.5,1,Clientes nuevos
3736,17459.0,43,2,657.3,1,Clientes nuevos
3737,17460.0,94,6,622.4300000000001,1,Clientes nuevos
3738,17461.0,23,3,757.46,1,Clientes nuevos
3739,17462.0,60,2,675.69,1,Clientes nuevos
3740,17463.0,16,5,1896.41,1,Clientes nuevos
3741,17464.0,158,1,289.96000000000004,0,Clientes dormidos
3742,17466.0,10,2,763.28,1,Clientes nuevos
3743,17468.0,10,2,137.0,1,Clientes nuevos
3744,17469.0,16,5,1870.97,1,Clientes nuevos
3745,17470.0,45,5,1125.07,1,Clientes nuevos
3746,17472.0,191,3,710.29,0,Clientes dormidos
3747,17475.0,79,1,194.37,1,Clientes nuevos
3748,17480.0,78,1,511.82,1,Clientes nuevos
3749,17481.0,4,4,1255.59,1,Clientes nuevos
3750,17483.0,65,3,414.04,1,Clientes nuevos
3751,17486.0,261,1,396.87,0,Clientes dormidos
3752,17489.0,59,2,376.64,1,Clientes nuevos
3753,17490.0,1,7,2092.32,1,Clientes nuevos
3754,17491.0,1,10,3558.87,2,Clientes VIP
3755,17492.0,248,1,374.57,0,Clientes dormidos
3756,17495.0,8,2,497.56,1,Clientes nuevos
3757,17496.0,359,1,271.05,0,Clientes dormidos
3758,17498.0,76,1,272.22,1,Clientes nuevos
3759,17499.0,290,1,622.88,0,Clientes dormidos
3760,17500.0,17,3,1138.0,1,Clientes nuevos
3761,17501.0,221,2,288.6,0,Clientes dormidos
3762,17502.0,9,4,689.1,1,Clientes nuevos
3763,17503.0,3,2,558.96,1,Clientes nuevos
3764,17504.0,206,9,2997.0299999999997,2,Clientes VIP
3765,17505.0,162,2,1145.84,0,Clientes dormidos
3766,17506.0,76,1,302.2,1,Clientes nuevos
3767,17507.0,262,2,605.58,0,Clientes dormidos
3768,17508.0,281,1,387.31,0,Clientes dormidos
3769,17509.0,58,8,6115.14,2,Clientes VIP
3770,17510.0,25,1,308.48,1,Clientes nuevos
3772,17512.0,29,10,2924.99,2,Clientes VIP
3773,17513.0,72,1,513.2,1,Clientes nuevos
3774,17514.0,128,1,208.65,1,Clientes nuevos
3775,17515.0,31,4,639.02,1,Clientes nuevos
3776,17516.0,15,5,768.08,1,Clientes nuevos
3777,17517.0,309,1,153.94,0,Clientes dormidos
3778,17519.0,17,6,1844.02,1,Clientes nuevos
3779,17520.0,54,1,546.81,1,Clientes nuevos
3780,17521.0,30,3,723.2099999999999,1,Clientes nuevos
3781,17522.0,2,5,1070.71,1,Clientes nuevos
3782,17523.0,11,4,652.74,1,Clientes nuevos
3783,17524.0,361,1,145.0,0,Clientes dormidos
3784,17525.0,360,1,422.7000000000001,0,Clientes dormidos
3785,17526.0,5,4,1195.9,1,Clientes nuevos
3786,17527.0,54,4,939.37,1,Clientes nuevos
3787,17528.0,1,8,3628.5,2,Clientes VIP
3788,17530.0,1,10,2385.0,2,Clientes VIP
3789,17531.0,190,1,296.7,0,Clientes dormidos
3790,17534.0,54,1,223.36,1,Clientes nuevos
3791,17535.0,280,1,164.4,0,Clientes dormidos
3792,17536.0,177,1,76.5,0,Clientes dormidos
3793,17537.0,30,2,897.62,1,Clientes nuevos
3794,17538.0,26,1,98.42,1,Clientes nuevos
3795,17540.0,25,2,578.9,1,Clientes nuevos
3796,17542.0,270,1,170.75,0,Clientes dormidos
3797,17545.0,43,3,645.96,1,Clientes nuevos
3798,17548.0,234,1,103.3,0,Clientes dormidos
3799,17549.0,24,2,148.86,1,Clientes nuevos
3800,17550.0,197,3,267.16,0,Clientes dormidos
3801,17551.0,359,1,306.84,0,Clientes dormidos
3802,17552.0,60,4,930.41,1,Clientes nuevos
3803,17553.0,130,1,1487.6,1,Clientes nuevos
3804,17554.0,1,5,1952.45,1,Clientes nuevos
3805,17555.0,20,2,483.26,1,Clientes nuevos
3806,17556.0,206,1,157.9,0,Clientes dormidos
3807,17557.0,14,3,541.46,1,Clientes nuevos
3808,17560.0,95,4,854.95,1,Clientes nuevos
3809,17561.0,19,1,167.62,1,Clientes nuevos
3810,17562.0,14,7,1122.38,1,Clientes nuevos
3811,17564.0,24,3,454.01,1,Clientes nuevos
3812,17566.0,8,2,901.21,1,Clientes nuevos
3813,17567.0,7,8,4331.48,2,Clientes VIP
3814,17569.0,332,1,344.14,0,Clientes dormidos
3815,17571.0,50,4,1498.51,1,Clientes nuevos
3816,17572.0,71,4,226.75000000000003,1,Clientes nuevos
3817,17573.0,29,3,380.6,1,Clientes nuevos
3818,17574.0,243,1,185.65,0,Clientes dormidos
3819,17576.0,8,19,3622.68,2,Clientes VIP
3820,17578.0,218,1,143.45999999999998,0,Clientes dormidos
3821,17579.0,5,3,448.9,1,Clientes nuevos
3822,17580.0,253,3,215.72,0,Clientes dormidos
3823,17581.0,1,25,11045.04,2,Clientes VIP
3824,17582.0,236,1,175.27,0,Clientes dormidos
3825,17584.0,7,2,1242.3,1,Clientes nuevos
3826,17585.0,109,4,1133.07,1,Clientes nuevos
3827,17588.0,100,3,1240.2,1,Clientes nuevos
3828,17589.0,60,4,2404.17,1,Clientes nuevos
3829,17590.0,2,3,1479.22,1,Clientes nuevos
3830,17591.0,73,7,2225.9700000000003,1,Clientes nuevos
3831,17593.0,4,5,3927.34,1,Clientes nuevos
3832,17594.0,85,2,993.18,1,Clientes nuevos
3833,17595.0,12,2,388.79,1,Clientes nuevos
3834,17596.0,23,7,2827.93,1,Clientes nuevos
3835,17597.0,214,1,2044.37,0,Clientes dormidos
3836,17600.0,18,1,161.67000000000002,1,Clientes nuevos
3837,17601.0,239,1,116.01,0,Clientes dormidos
3838,17602.0,2,6,5102.97,2,Clientes VIP
3839,17603.0,78,1,394.72,1,Clientes nuevos
3840,17604.0,217,2,309.36,0,Clientes dormidos
3841,17608.0,33,2,193.42,1,Clientes nuevos
3842,17609.0,41,5,1112.22,1,Clientes nuevos
3843,17611.0,7,15,3984.22,2,Clientes VIP
3844,17612.0,53,6,2048.45,1,Clientes nuevos
3845,17613.0,23,14,4559.150000000001,2,Clientes VIP
3846,17614.0,57,1,390.07,1,Clientes nuevos
3847,17615.0,130,3,329.6,1,Clientes nuevos
3848,17616.0,174,3,571.1999999999999,0,Clientes dormidos
3849,17618.0,6,3,971.58,1,Clientes nuevos
3850,17619.0,312,1,218.52,0,Clientes dormidos
3851,17620.0,60,1,81.44,1,Clientes nuevos
3852,17621.0,21,3,1379.9,1,Clientes nuevos
3853,17623.0,33,1,527.0500000000001,1,Clientes nuevos
3854,17624.0,15,2,843.48,1,Clientes nuevos
3855,17625.0,18,4,2047.0,1,Clientes nuevos
3856,17628.0,81,1,75.75,1,Clientes nuevos
3857,17629.0,6,8,1814.12,1,Clientes nuevos
3858,17630.0,170,2,503.6,0,Clientes dormidos
3859,17631.0,2,3,528.33,1,Clientes nuevos
3860,17633.0,31,4,1324.84,1,Clientes nuevos
3861,17634.0,36,9,2361.9700000000003,1,Clientes nuevos
3862,17636.0,19,1,285.56,1,Clientes nuevos
3863,17637.0,31,2,547.0600000000001,1,Clientes nuevos
3864,17639.0,276,1,108.5,0,Clientes dormidos
3865,17640.0,87,1,621.66,1,Clientes nuevos
3866,17642.0,120,2,712.29,1,Clientes nuevos
3868,17644.0,1,11,2895.64,2,Clientes VIP
3869,17646.0,219,3,1008.39,0,Clientes dormidos
3870,17647.0,65,1,133.06,1,Clientes nuevos
3871,17648.0,61,4,1797.5,1,Clientes nuevos
3872,17649.0,138,1,868.49,0,Clientes dormidos
3873,17650.0,21,1,166.08,1,Clientes nuevos
3874,17651.0,12,10,3945.0,2,Clientes VIP
3875,17652.0,25,12,4867.72,2,Clientes VIP
3876,17653.0,37,4,1207.56,1,Clientes nuevos
3877,17654.0,277,1,117.55,0,Clientes dormidos
3878,17655.0,11,7,2638.94,1,Clientes nuevos
3879,17656.0,73,5,1674.69,1,Clientes nuevos
3880,17658.0,26,2,595.42,1,Clientes nuevos
3881,17659.0,17,12,2999.46,2,Clientes VIP
3882,17660.0,141,1,196.0,0,Clientes dormidos
3883,17663.0,26,7,1802.91,1,Clientes nuevos
3884,17664.0,19,2,604.64,1,Clientes nuevos
3885,17666.0,4,2,728.16,1,Clientes nuevos
3886,17667.0,66,5,2055.51,1,Clientes nuevos
3887,17668.0,1,2,347.75,1,Clientes nuevos
3888,17669.0,43,7,3406.7200000000003,2,Clientes VIP
3889,17670.0,228,1,205.7,0,Clientes dormidos
3890,17671.0,16,4,1572.71,1,Clientes nuevos
3891,17672.0,50,2,3178.17,1,Clientes nuevos
3892,17673.0,2,6,1629.12,1,Clientes nuevos
3893,17674.0,74,2,551.04,1,Clientes nuevos
3895,17676.0,4,6,1387.68,1,Clientes nuevos
3897,17678.0,264,1,298.11,0,Clientes dormidos
3898,17679.0,53,2,1992.11,1,Clientes nuevos
3899,17680.0,24,1,184.4,1,Clientes nuevos
3900,17682.0,10,6,2474.33,1,Clientes nuevos
3901,17684.0,44,1,239.41,1,Clientes nuevos
3902,17685.0,17,7,3191.53,1,Clientes nuevos
3903,17686.0,7,7,5739.46,2,Clientes VIP
3904,17690.0,30,15,4757.95,2,Clientes VIP
3905,17691.0,358,2,290.40000000000003,0,Clientes dormidos
3906,17692.0,127,4,740.9399999999999,1,Clientes nuevos
3907,17693.0,137,1,200.47,0,Clientes dormidos
3908,17694.0,142,1,283.12,0,Clientes dormidos
3909,17695.0,132,2,765.34,1,Clientes nuevos
3910,17696.0,38,8,2285.71,1,Clientes nuevos
3911,17697.0,236,1,338.95,0,Clientes dormidos
3912,17698.0,261,1,154.95,0,Clientes dormidos
3913,17700.0,17,4,2534.64,1,Clientes nuevos
3914,17701.0,253,1,417.95,0,Clientes dormidos
3915,17702.0,30,4,1824.37,1,Clientes nuevos
3916,17703.0,35,3,798.74,1,Clientes nuevos
3917,17704.0,169,2,885.19,0,Clientes dormidos
3918,17705.0,3,9,1823.52,1,Clientes nuevos
3919,17706.0,4,17,10504.49,2,Clientes VIP
3920,17707.0,185,2,152.4,0,Clientes dormidos
3921,17708.0,188,2,267.08,0,Clientes dormidos
3922,17709.0,170,1,137.45,0,Clientes dormidos
3923,17711.0,11,2,385.1,1,Clientes nuevos
3924,17712.0,45,1,522.91,1,Clientes nuevos
3925,17714.0,321,1,153.0,0,Clientes dormidos
3926,17715.0,201,1,326.4,0,Clientes dormidos
3927,17716.0,23,11,5655.99,2,Clientes VIP
3928,17718.0,232,1,139.35,0,Clientes dormidos
3929,17719.0,38,15,5396.04,2,Clientes VIP
3930,17720.0,26,4,1195.94,1,Clientes nuevos
3931,17722.0,96,4,2424.04,1,Clientes nuevos
3932,17723.0,127,6,3276.4000000000005,1,Clientes nuevos
3933,17724.0,71,3,1033.0,1,Clientes nuevos
3934,17725.0,16,11,3439.08,2,Clientes VIP
3935,17727.0,15,1,1060.25,1,Clientes nuevos
3936,17728.0,4,3,2876.01,1,Clientes nuevos
3937,17730.0,3,13,5298.4800000000005,2,Clientes VIP
3938,17731.0,79,4,1240.11,1,Clientes nuevos
3940,17733.0,39,2,692.19,1,Clientes nuevos
3941,17734.0,54,3,700.63,1,Clientes nuevos
3943,17736.0,9,3,377.44,1,Clientes nuevos
3944,17737.0,9,2,168.24,1,Clientes nuevos
3945,17738.0,19,4,1879.05,1,Clientes nuevos
3946,17739.0,12,7,2791.35,1,Clientes nuevos
3947,17742.0,113,2,355.11,1,Clientes nuevos
3948,17744.0,4,6,2322.4,1,Clientes nuevos
3949,17746.0,240,1,110.25,0,Clientes dormidos
3950,17747.0,113,1,71.4,1,Clientes nuevos
3951,17749.0,178,2,674.52,0,Clientes dormidos
3952,17750.0,5,9,1797.57,1,Clientes nuevos
3953,17752.0,359,1,80.64,0,Clientes dormidos
3954,17754.0,1,5,1772.26,1,Clientes nuevos
3955,17757.0,1,30,5605.29,2,Clientes VIP
3956,17758.0,19,8,3456.7000000000003,2,Clientes VIP
3957,17759.0,17,3,834.99,1,Clientes nuevos
3958,17760.0,22,2,287.59,1,Clientes nuevos
3959,17761.0,33,1,712.78,1,Clientes nuevos
3961,17764.0,51,2,818.8199999999999,1,Clientes nuevos
3962,17765.0,159,3,371.88,0,Clientes dormidos
3963,17767.0,15,1,271.2,1,Clientes nuevos
3964,17768.0,8,3,2273.1800000000003,1,Clientes nuevos
3965,17769.0,13,10,3997.98,2,Clientes VIP
3966,17770.0,199,5,1143.27,0,Clientes dormidos
3967,17771.0,57,2,245.81,1,Clientes nuevos
3968,17772.0,11,2,182.77,1,Clientes nuevos
3969,17774.0,97,4,1225.41,1,Clientes nuevos
3970,17775.0,255,1,56.4,0,Clientes dormidos
3971,17777.0,25,3,665.86,1,Clientes nuevos
3972,17779.0,21,3,658.57,1,Clientes nuevos
3973,17781.0,159,2,188.02,0,Clientes dormidos
3974,17783.0,72,2,283.47,1,Clientes nuevos
3975,17785.0,53,1,131.94,1,Clientes nuevos
3976,17786.0,85,2,278.74,1,Clientes nuevos
3977,17787.0,153,4,1865.19,1,Clientes nuevos
3978,17788.0,74,2,1117.9,1,Clientes nuevos
3979,17789.0,281,1,225.9,0,Clientes dormidos
3980,17790.0,27,14,1965.55,2,Clientes VIP
3981,17791.0,30,1,106.1,1,Clientes nuevos
3982,17793.0,25,1,323.04,1,Clientes nuevos
3983,17795.0,180,2,350.39,0,Clientes dormidos
3984,17796.0,40,4,697.9,1,Clientes nuevos
3985,17797.0,22,3,780.43,1,Clientes nuevos
3986,17799.0,22,10,3055.93,2,Clientes VIP
3987,17800.0,37,9,1199.01,1,Clientes nuevos
3988,17802.0,82,3,1285.04,1,Clientes nuevos
3989,17805.0,74,1,512.31,1,Clientes nuevos
3990,17806.0,11,1,546.04,1,Clientes nuevos
3991,17809.0,16,12,5411.91,2,Clientes VIP
3993,17812.0,13,4,732.16,1,Clientes nuevos
3994,17813.0,14,5,1770.88,1,Clientes nuevos
3996,17817.0,4,3,387.68,1,Clientes nuevos
3997,17819.0,72,7,3704.87,2,Clientes VIP
3998,17824.0,51,1,298.4,1,Clientes nuevos
3999,17827.0,5,5,1995.46,1,Clientes nuevos
4000,17828.0,23,4,1820.09,1,Clientes nuevos
4001,17829.0,299,1,889.24,0,Clientes dormidos
4002,17830.0,2,3,398.7,1,Clientes nuevos
4004,17832.0,50,1,155.37,1,Clientes nuevos
4005,17835.0,3,3,350.64,1,Clientes nuevos
4006,17836.0,47,1,110.21,1,Clientes nuevos
4007,17837.0,42,8,1593.38,1,Clientes nuevos
4008,17838.0,27,5,2779.3,1,Clientes nuevos
4009,17839.0,42,1,338.8,1,Clientes nuevos
4011,17843.0,303,1,205.48,0,Clientes dormidos
4013,17846.0,85,1,2033.1,1,Clientes nuevos
4014,17848.0,81,9,901.2,1,Clientes nuevos
4015,17849.0,218,4,605.8000000000001,0,Clientes dormidos
4017,17852.0,12,2,114.34,1,Clientes nuevos
4018,17854.0,185,2,311.26,0,Clientes dormidos
4020,17856.0,2,4,1418.03,1,Clientes nuevos
4022,17858.0,6,12,5155.66,2,Clientes VIP
4023,17859.0,305,1,148.21,0,Clientes dormidos
4024,17860.0,369,1,252.8,0,Clientes dormidos
4025,17861.0,3,8,2100.8,1,Clientes nuevos
4026,17862.0,324,1,330.9,0,Clientes dormidos
4027,17863.0,59,6,3160.0,1,Clientes nuevos
4028,17864.0,13,3,597.5,1,Clientes nuevos
4029,17865.0,31,20,10526.32,2,Clientes VIP
4030,17866.0,143,1,329.65,0,Clientes dormidos
4031,17867.0,30,6,1197.1,1,Clientes nuevos
4032,17869.0,107,5,428.18,1,Clientes nuevos
4033,17870.0,2,12,1894.35,2,Clientes VIP
4034,17871.0,205,1,155.9,0,Clientes dormidos
4035,17873.0,80,5,1859.16,1,Clientes nuevos
4036,17874.0,185,6,683.46,0,Clientes dormidos
4037,17877.0,170,1,237.61,0,Clientes dormidos
4038,17878.0,44,1,379.45,1,Clientes nuevos
4039,17879.0,174,1,178.51999999999998,0,Clientes dormidos
4040,17880.0,365,1,458.92,0,Clientes dormidos
4041,17881.0,304,1,133.35000000000002,0,Clientes dormidos
4042,17883.0,3,4,671.77,1,Clientes nuevos
4043,17884.0,4,4,717.45,1,Clientes nuevos
4044,17885.0,12,1,190.19,1,Clientes nuevos
4045,17886.0,32,3,899.61,1,Clientes nuevos
4046,17887.0,129,1,111.35,1,Clientes nuevos
4047,17888.0,21,8,726.05,1,Clientes nuevos
4048,17889.0,212,2,203.87,0,Clientes dormidos
4049,17890.0,323,2,602.09,0,Clientes dormidos
4050,17891.0,162,1,203.86,0,Clientes dormidos
4051,17892.0,56,3,244.1,1,Clientes nuevos
4052,17893.0,225,1,112.25,0,Clientes dormidos
4053,17894.0,72,8,1119.81,1,Clientes nuevos
4054,17895.0,44,1,98.0,1,Clientes nuevos
4055,17896.0,23,1,256.32,1,Clientes nuevos
4056,17897.0,173,3,566.6,0,Clientes dormidos
4057,17898.0,85,2,152.06,1,Clientes nuevos
4058,17899.0,159,1,155.8,0,Clientes dormidos
4059,17900.0,190,2,112.2,0,Clientes dormidos
4060,17901.0,29,1,110.38,1,Clientes nuevos
4061,17904.0,21,1,191.67,1,Clientes nuevos
4062,17905.0,71,4,800.24,1,Clientes nuevos
4063,17906.0,247,1,72.9,0,Clientes dormidos
4065,17911.0,9,1,366.23,1,Clientes nuevos
4066,17912.0,310,5,311.01,0,Clientes dormidos
4067,17913.0,59,2,411.6,1,Clientes nuevos
4068,17914.0,4,1,336.43,1,Clientes nuevos
4069,17917.0,45,3,341.28,1,Clientes nuevos
4070,17919.0,88,1,1304.04,1,Clientes nuevos
4071,17920.0,4,17,4204.1,2,Clientes VIP
4072,17921.0,64,4,826.52,1,Clientes nuevos
4073,17923.0,282,1,207.50000000000003,0,Clientes dormidos
4074,17924.0,12,7,2962.5,1,Clientes nuevos
4076,17926.0,133,2,397.29,1,Clientes nuevos
4077,17928.0,45,2,212.54,1,Clientes nuevos
4078,17929.0,11,4,843.0,1,Clientes nuevos
4079,17930.0,36,5,1740.48,1,Clientes nuevos
4080,17931.0,134,2,408.36,1,Clientes nuevos
4081,17932.0,29,3,1331.57,1,Clientes nuevos
4082,17934.0,52,2,704.25,1,Clientes nuevos
4083,17935.0,138,2,145.79,0,Clientes dormidos
4084,17936.0,5,1,389.84,1,Clientes nuevos
4085,17937.0,9,7,4301.22,2,Clientes VIP
4086,17939.0,160,1,99.14,0,Clientes dormidos
4087,17940.0,49,10,4106.4400000000005,2,Clientes VIP
4088,17941.0,131,1,304.56,1,Clientes nuevos
4089,17942.0,8,1,77.50000000000001,1,Clientes nuevos
4090,17946.0,233,2,149.57999999999998,0,Clientes dormidos
4091,17947.0,37,1,176.68,1,Clientes nuevos
4092,17948.0,147,1,358.56000000000006,0,Clientes dormidos
4094,17950.0,72,3,482.2,1,Clientes nuevos
4095,17951.0,40,3,1008.54,1,Clientes nuevos
4096,17954.0,5,12,2332.72,2,Clientes VIP
4097,17955.0,199,4,557.3,0,Clientes dormidos
4099,17957.0,66,1,111.68,1,Clientes nuevos
4100,17958.0,117,1,508.4599999999999,1,Clientes nuevos
4101,17960.0,171,1,73.78,0,Clientes dormidos
4103,17962.0,142,1,102.83,0,Clientes dormidos
4104,17964.0,32,2,471.7,1,Clientes nuevos
4105,17965.0,38,14,2622.57,2,Clientes VIP
4106,17966.0,38,5,1098.43,1,Clientes nuevos
4109,17969.0,166,2,228.2,0,Clientes dormidos
4110,17970.0,211,1,582.59,0,Clientes dormidos
4111,17972.0,242,1,136.04,0,Clientes dormidos
4112,17973.0,52,1,337.04,1,Clientes nuevos
4113,17974.0,25,3,740.79,1,Clientes nuevos
4114,17975.0,15,13,4488.81,2,Clientes VIP
4116,17977.0,29,1,288.14,1,Clientes nuevos
4117,17978.0,365,1,300.91999999999996,0,Clientes dormidos
4118,17979.0,36,4,757.71,1,Clientes nuevos
4119,17980.0,166,3,811.45,0,Clientes dormidos
4120,17984.0,145,1,152.68,0,Clientes dormidos
4121,17985.0,22,1,634.95,1,Clientes nuevos
4123,17987.0,185,1,198.57,0,Clientes dormidos
4124,17988.0,12,7,201.12,1,Clientes nuevos
4125,17990.0,237,3,630.84,0,Clientes dormidos
4126,17991.0,225,2,93.35,0,Clientes dormidos
4127,17994.0,122,4,678.49,1,Clientes nuevos
4128,17995.0,282,1,76.1,0,Clientes dormidos
4129,17997.0,74,8,1970.67,1,Clientes nuevos
4130,17999.0,37,2,382.06,1,Clientes nuevos
4131,18001.0,12,2,417.23,1,Clientes nuevos
4132,18004.0,362,1,169.47,0,Clientes dormidos
4133,18005.0,4,2,249.72,1,Clientes nuevos
4134,18006.0,23,1,444.68,1,Clientes nuevos
4135,18008.0,70,9,2116.19,1,Clientes nuevos
4136,18009.0,235,1,257.34,0,Clientes dormidos
4137,18010.0,257,1,174.8,0,Clientes dormidos
4139,18013.0,155,2,187.29,0,Clientes dormidos
4140,18014.0,28,1,166.42,1,Clientes nuevos
4141,18015.0,4,1,120.03,1,Clientes nuevos
4142,18016.0,32,5,1483.56,1,Clientes nuevos
4143,18017.0,81,3,523.0,1,Clientes nuevos
4144,18018.0,108,2,122.14,1,Clientes nuevos
4146,18022.0,36,1,668.11,1,Clientes nuevos
4147,18024.0,153,2,389.78,0,Clientes dormidos
4148,18027.0,99,1,115.31,1,Clientes nuevos
4149,18030.0,4,2,230.65,1,Clientes nuevos
4150,18032.0,334,1,73.5,0,Clientes dormidos
4151,18033.0,65,1,97.97,1,Clientes nuevos
4152,18034.0,22,2,422.88,1,Clientes nuevos
4153,18035.0,36,3,730.4,1,Clientes nuevos
4154,18036.0,32,3,405.62,1,Clientes nuevos
4155,18037.0,154,6,70.02,1,Clientes nuevos
4156,18040.0,19,2,357.20000000000005,1,Clientes nuevos
4157,18041.0,12,21,4183.39,2,Clientes VIP
4158,18042.0,54,1,165.04999999999998,1,Clientes nuevos
4159,18043.0,25,3,559.51,1,Clientes nuevos
4160,18044.0,4,10,2088.6,2,Clientes VIP
4161,18045.0,45,1,189.4,1,Clientes nuevos
4162,18048.0,203,2,172.29000000000002,0,Clientes dormidos
4163,18050.0,359,1,74.4,0,Clientes dormidos
4164,18053.0,71,1,300.02,1,Clientes nuevos
4165,18055.0,7,10,6784.1900000000005,2,Clientes VIP
4166,18056.0,288,1,363.65,0,Clientes dormidos
4167,18058.0,10,1,170.16,1,Clientes nuevos
4168,18059.0,23,3,306.46,1,Clientes nuevos
4169,18061.0,22,10,2119.41,2,Clientes VIP
4170,18062.0,173,3,720.52,0,Clientes dormidos
4171,18064.0,133,2,814.0,1,Clientes nuevos
4172,18065.0,6,14,2392.83,2,Clientes VIP
4173,18066.0,75,1,318.0,1,Clientes nuevos
4174,18067.0,40,1,396.33,1,Clientes nuevos
4175,18068.0,289,1,101.7,0,Clientes dormidos
4176,18069.0,26,5,2036.67,1,Clientes nuevos
4177,18071.0,258,2,453.0,0,Clientes dormidos
4178,18072.0,186,1,247.44,0,Clientes dormidos
4179,18073.0,114,12,3877.52,2,Clientes VIP
4181,18075.0,23,10,2611.75,2,Clientes VIP
4182,18077.0,8,11,2633.01,2,Clientes VIP
4183,18078.0,217,2,336.13,0,Clientes dormidos
4184,18079.0,45,4,3651.97,1,Clientes nuevos
4185,18080.0,19,2,1231.5,1,Clientes nuevos
4186,18081.0,36,3,343.45,1,Clientes nuevos
4187,18082.0,26,1,703.37,1,Clientes nuevos
4188,18084.0,16,1,90.48,1,Clientes nuevos
4189,18085.0,330,2,689.95,0,Clientes dormidos
4190,18086.0,274,1,101.34,0,Clientes dormidos
4191,18087.0,98,2,4055.7199999999993,1,Clientes nuevos
4192,18088.0,61,1,167.67000000000002,1,Clientes nuevos
4193,18092.0,2,11,9068.26,2,Clientes VIP
4194,18093.0,93,4,2106.52,1,Clientes nuevos
4195,18094.0,82,7,3017.3,1,Clientes nuevos
4196,18095.0,313,2,580.0500000000001,0,Clientes dormidos
4197,18096.0,12,3,911.15,1,Clientes nuevos
4198,18097.0,8,6,2697.8,1,Clientes nuevos
4199,18099.0,127,1,168.31,1,Clientes nuevos
4200,18101.0,11,2,223.65,1,Clientes nuevos
4202,18104.0,37,1,754.64,1,Clientes nuevos
4203,18105.0,38,1,113.48000000000002,1,Clientes nuevos
4204,18106.0,330,1,430.7,0,Clientes dormidos
4205,18108.0,254,1,271.0,0,Clientes dormidos
4206,18109.0,2,26,8052.97,2,Clientes VIP
4207,18110.0,20,1,236.3,1,Clientes nuevos
4208,18112.0,12,2,352.69,1,Clientes nuevos
4209,18113.0,369,1,76.32000000000001,0,Clientes dormidos
4210,18114.0,290,1,220.1,0,Clientes dormidos
4211,18116.0,68,8,1418.03,1,Clientes nuevos
4212,18117.0,26,1,320.72,1,Clientes nuevos
4213,18118.0,11,26,5653.82,2,Clientes VIP
4214,18119.0,368,1,181.12,0,Clientes dormidos
4215,18120.0,214,1,111.15,0,Clientes dormidos
4216,18121.0,149,2,673.1,0,Clientes dormidos
4217,18122.0,8,6,1826.21,1,Clientes nuevos
4218,18123.0,24,2,589.4399999999999,1,Clientes nuevos
4219,18125.0,30,4,1142.99,1,Clientes nuevos
4220,18126.0,61,1,206.83,1,Clientes nuevos
4221,18127.0,19,3,348.73,1,Clientes nuevos
4222,18129.0,243,1,112.55,0,Clientes dormidos
4223,18130.0,15,3,1059.39,1,Clientes nuevos
4224,18133.0,212,1,931.5,0,Clientes dormidos
4225,18135.0,29,5,681.9100000000001,1,Clientes nuevos
4226,18136.0,63,3,784.33,1,Clientes nuevos
4227,18138.0,295,1,152.65,0,Clientes dormidos
4228,18139.0,18,6,8438.34,2,Clientes VIP
4229,18142.0,157,2,1019.52,0,Clientes dormidos
4230,18143.0,117,2,1000.16,1,Clientes nuevos
4231,18144.0,8,12,2888.75,2,Clientes VIP
4232,18145.0,13,4,2861.55,1,Clientes nuevos
4233,18146.0,141,2,160.35000000000002,0,Clientes dormidos
4234,18147.0,46,2,179.33999999999995,1,Clientes nuevos
4235,18149.0,51,3,612.0799999999999,1,Clientes nuevos
4236,18150.0,32,3,566.58,1,Clientes nuevos
4237,18151.0,135,2,653.35,1,Clientes nuevos
4238,18154.0,3,2,399.19,1,Clientes nuevos
4239,18155.0,75,3,371.62,1,Clientes nuevos
4240,18156.0,13,2,734.94,1,Clientes nuevos
4241,18158.0,9,2,453.4,1,Clientes nuevos
4242,18159.0,301,1,530.15,0,Clientes dormidos
4243,18160.0,57,2,638.0600000000001,1,Clientes nuevos
4244,18161.0,15,5,1618.69,1,Clientes nuevos
4245,18164.0,37,1,399.65,1,Clientes nuevos
4246,18165.0,177,1,302.46000000000004,0,Clientes dormidos
4247,18167.0,23,3,1384.86,1,Clientes nuevos
4248,18168.0,176,6,1169.94,0,Clientes dormidos
4249,18169.0,61,1,202.65,1,Clientes nuevos
4250,18170.0,33,3,980.31,1,Clientes nuevos
4251,18171.0,59,5,1231.31,1,Clientes nuevos
4252,18172.0,15,20,7561.68,2,Clientes VIP
4253,18173.0,87,4,2106.84,1,Clientes nuevos
4254,18174.0,7,1,104.0,1,Clientes nuevos
4255,18176.0,358,1,476.35,0,Clientes dormidos
4256,18177.0,31,6,1341.42,1,Clientes nuevos
4257,18178.0,129,4,1590.81,1,Clientes nuevos
4258,18179.0,9,6,1793.17,1,Clientes nuevos
4259,18180.0,5,6,1843.75,1,Clientes nuevos
4260,18181.0,24,1,382.8,1,Clientes nuevos
4261,18183.0,227,2,632.07,0,Clientes dormidos
4263,18185.0,249,1,304.25,0,Clientes dormidos
4264,18188.0,15,3,2001.04,1,Clientes nuevos
4265,18189.0,78,2,1090.24,1,Clientes nuevos
4266,18190.0,192,2,284.46000000000004,0,Clientes dormidos
4267,18191.0,262,1,207.8,0,Clientes dormidos
4268,18192.0,72,1,957.97,1,Clientes nuevos
4269,18193.0,165,1,243.76,0,Clientes dormidos
4270,18194.0,82,1,973.84,1,Clientes nuevos
4271,18196.0,95,2,689.13,1,Clientes nuevos
4272,18198.0,4,17,5425.56,2,Clientes VIP
4273,18200.0,106,1,163.8,1,Clientes nuevos
4274,18202.0,200,3,1396.99,0,Clientes dormidos
4275,18203.0,157,1,160.42000000000002,0,Clientes dormidos
4276,18204.0,71,3,1993.7,1,Clientes nuevos
4277,18205.0,36,2,517.36,1,Clientes nuevos
4278,18209.0,29,1,139.10000000000002,1,Clientes nuevos
4279,18210.0,2,6,2621.38,1,Clientes nuevos
4280,18211.0,26,5,600.07,1,Clientes nuevos
4281,18212.0,326,1,248.42,0,Clientes dormidos
4282,18213.0,237,1,232.48,0,Clientes dormidos
4283,18215.0,89,1,299.34000000000003,1,Clientes nuevos
4284,18216.0,31,1,481.75,1,Clientes nuevos
4285,18217.0,29,2,621.75,1,Clientes nuevos
4286,18218.0,211,2,662.08,0,Clientes dormidos
4287,18219.0,3,10,2069.77,2,Clientes VIP
4288,18220.0,227,1,305.28000000000003,0,Clientes dormidos
4289,18221.0,22,5,1041.61,1,Clientes nuevos
4290,18222.0,93,1,443.0,1,Clientes nuevos
4291,18223.0,5,14,6484.54,2,Clientes VIP
4292,18224.0,264,1,158.95000000000002,0,Clientes dormidos
4293,18225.0,3,12,5509.12,2,Clientes VIP
4294,18226.0,44,11,5228.05,2,Clientes VIP
4295,18227.0,218,1,93.75,0,Clientes dormidos
4296,18228.0,57,2,779.9,1,Clientes nuevos
4297,18229.0,12,20,7276.900000000001,2,Clientes VIP
4298,18230.0,9,7,2810.2000000000003,1,Clientes nuevos
4299,18231.0,192,5,2083.27,0,Clientes dormidos
4300,18232.0,82,4,592.97,1,Clientes nuevos
4301,18233.0,326,1,440.0,0,Clientes dormidos
4302,18235.0,72,3,1796.48,1,Clientes nuevos
4303,18236.0,30,6,882.24,1,Clientes nuevos
4304,18237.0,3,5,987.1,1,Clientes nuevos
4305,18239.0,219,5,1561.61,0,Clientes dormidos
4306,18240.0,46,1,422.58,1,Clientes nuevos
4307,18241.0,10,17,2073.09,2,Clientes VIP
4308,18242.0,72,4,2232.49,1,Clientes nuevos
4309,18245.0,7,7,2567.06,1,Clientes nuevos
4310,18246.0,24,2,596.1,1,Clientes nuevos
4311,18248.0,123,2,804.02,1,Clientes nuevos
4312,18249.0,17,1,95.34,1,Clientes nuevos
4313,18250.0,310,1,349.27,0,Clientes dormidos
4314,18251.0,87,1,4314.72,1,Clientes nuevos
4315,18252.0,51,2,526.67,1,Clientes nuevos
4316,18255.0,89,1,103.3,1,Clientes nuevos
4317,18257.0,39,8,2337.63,1,Clientes nuevos
4318,18259.0,25,3,2338.6000000000004,1,Clientes nuevos
4319,18260.0,173,6,2643.2000000000003,1,Clientes nuevos
4320,18261.0,43,2,324.24,1,Clientes nuevos
4321,18262.0,140,1,149.48,0,Clientes dormidos
4322,18263.0,26,3,1213.16,1,Clientes nuevos
4323,18265.0,72,2,801.51,1,Clientes nuevos
4325,18269.0,366,1,168.6,0,Clientes dormidos
4326,18270.0,38,2,283.15,1,Clientes nuevos
4327,18272.0,3,6,3078.58,1,Clientes nuevos
4328,18273.0,2,3,204.0,1,Clientes nuevos
4329,18274.0,30,1,175.92,1,Clientes nuevos
4330,18276.0,44,1,335.86,1,Clientes nuevos
4331,18277.0,58,1,110.38,1,Clientes nuevos
4332,18278.0,74,1,173.9,1,Clientes nuevos
4333,18280.0,278,1,180.6,0,Clientes dormidos
4334,18281.0,181,1,80.82,0,Clientes dormidos
4335,18282.0,8,2,178.05,1,Clientes nuevos
4336,18283.0,4,16,2094.88,2,Clientes VIP
4337,18287.0,43,3,1837.28,1,Clientes nuevos
